****************************************
Report : Averaged Power
	-hierarchy
Design : point_scalar_mult
Version: V-2023.12
Date   : Mon Jun 22 17:13:53 2026
****************************************



                                      Int      Switch   Leak     Total
Hierarchy                             Power    Power    Power    Power    %
----------------------------------------------------------------------------------
point_scalar_mult                     2.51e-03 2.66e-04 3.28e-03 6.06e-03 100.0
  ins1 (point_add)                    2.05e-03 2.14e-04 2.86e-03 5.13e-03  84.6
    ins1 (f3m_neg_1)                  2.65e-08 1.13e-08 9.73e-06 9.77e-06   0.2
    ins9 (func9)                      4.07e-07 7.70e-07 1.65e-05 1.77e-05   0.3
    ins10 (func10)                    8.21e-04 8.68e-05 1.09e-03 2.00e-03  33.0
      ins1 (f3m_inv_1)                4.15e-04 4.67e-05 5.04e-04 9.66e-04  16.0
        ins1 (func1_3)                1.27e-06 1.16e-06 5.05e-05 5.30e-05   0.9
          label_32__s1 (f3_sub_383)   5.07e-09 2.58e-09 2.86e-07 2.94e-07   0.0
            m1 (f3_add_383)           5.07e-09 2.58e-09 2.86e-07 2.94e-07   0.0
          label_118__s1 (f3_sub_340)  2.97e-09 1.55e-09 2.87e-07 2.92e-07   0.0
            m1 (f3_add_340)           2.97e-09 1.55e-09 2.87e-07 2.92e-07   0.0
          label_164__s1 (f3_sub_317)  5.22e-09 2.59e-09 2.88e-07 2.95e-07   0.0
            m1 (f3_add_317)           5.22e-09 2.59e-09 2.88e-07 2.95e-07   0.0
          label_126__s1 (f3_sub_336)  3.40e-09 1.76e-09 2.88e-07 2.93e-07   0.0
            m1 (f3_add_336)           3.40e-09 1.76e-09 2.88e-07 2.93e-07   0.0
          label_40__s1 (f3_sub_379)   3.83e-09 2.02e-09 2.88e-07 2.94e-07   0.0
            m1 (f3_add_379)           3.83e-09 2.02e-09 2.88e-07 2.94e-07   0.0
          label_172__s1 (f3_sub_313)  4.72e-09 2.37e-09 2.88e-07 2.95e-07   0.0
            m1 (f3_add_313)           4.72e-09 2.37e-09 2.88e-07 2.95e-07   0.0
          label_134__s1 (f3_sub_332)  3.36e-09 1.81e-09 2.87e-07 2.93e-07   0.0
            m1 (f3_add_332)           3.36e-09 1.81e-09 2.87e-07 2.93e-07   0.0
          label_0__s1 (f3_sub_399)    2.46e-09 1.69e-09 3.16e-07 3.20e-07   0.0
            m1 (f3_add_399)           2.46e-09 1.69e-09 3.16e-07 3.20e-07   0.0
          label_10__s1 (f3_sub_394)   2.20e-09 1.12e-09 2.88e-07 2.91e-07   0.0
            m1 (f3_add_394)           2.20e-09 1.12e-09 2.88e-07 2.91e-07   0.0
          label_180__s1 (f3_sub_309)  7.32e-09 3.99e-09 2.88e-07 3.00e-07   0.0
            m1 (f3_add_309)           7.32e-09 3.99e-09 2.88e-07 3.00e-07   0.0
          label_78__s1 (f3_sub_360)   5.25e-09 2.74e-09 2.88e-07 2.96e-07   0.0
            m1 (f3_add_360)           5.25e-09 2.74e-09 2.88e-07 2.96e-07   0.0
          label_142__s1 (f3_sub_328)  3.31e-09 1.70e-09 2.88e-07 2.93e-07   0.0
            m1 (f3_add_328)           3.31e-09 1.70e-09 2.88e-07 2.93e-07   0.0
          label_104__s1 (f3_sub_347)  4.72e-09 2.28e-09 2.88e-07 2.95e-07   0.0
            m1 (f3_add_347)           4.72e-09 2.28e-09 2.88e-07 2.95e-07   0.0
          label_86__s1 (f3_sub_356)   6.37e-09 3.24e-09 2.87e-07 2.97e-07   0.0
            m1 (f3_add_356)           6.37e-09 3.24e-09 2.87e-07 2.97e-07   0.0
          label_150__s1 (f3_sub_324)  4.40e-09 2.27e-09 2.88e-07 2.95e-07   0.0
            m1 (f3_add_324)           4.40e-09 2.27e-09 2.88e-07 2.95e-07   0.0
          label_48__s1 (f3_sub_375)   4.31e-09 2.21e-09 2.88e-07 2.94e-07   0.0
            m1 (f3_add_375)           4.31e-09 2.21e-09 2.88e-07 2.94e-07   0.0
          label_112__s1 (f3_sub_343)  3.39e-09 1.74e-09 2.88e-07 2.94e-07   0.0
            m1 (f3_add_343)           3.39e-09 1.74e-09 2.88e-07 2.94e-07   0.0
          label_94__s1 (f3_sub_352)   5.44e-09 2.72e-09 2.88e-07 2.96e-07   0.0
            m1 (f3_add_352)           5.44e-09 2.72e-09 2.88e-07 2.96e-07   0.0
          label_8__s1 (f3_sub_395)    1.94e-09 1.04e-09 2.88e-07 2.91e-07   0.0
            m1 (f3_add_395)           1.94e-09 1.04e-09 2.88e-07 2.91e-07   0.0
          label_56__s1 (f3_sub_371)   4.01e-09 2.03e-09 2.88e-07 2.94e-07   0.0
            m1 (f3_add_371)           4.01e-09 2.03e-09 2.88e-07 2.94e-07   0.0
          label_120__s1 (f3_sub_339)  3.59e-09 1.78e-09 2.87e-07 2.93e-07   0.0
            m1 (f3_add_339)           3.59e-09 1.78e-09 2.87e-07 2.93e-07   0.0
          label_18__s1 (f3_sub_390)   2.70e-09 1.33e-09 2.87e-07 2.91e-07   0.0
            m1 (f3_add_390)           2.70e-09 1.33e-09 2.87e-07 2.91e-07   0.0
          label_188__s1 (f3_sub_305)  1.09e-08 5.85e-09 2.87e-07 3.04e-07   0.0
            m1 (f3_add_305)           1.09e-08 5.85e-09 2.87e-07 3.04e-07   0.0
          label_64__s1 (f3_sub_367)   3.68e-09 1.89e-09 2.88e-07 2.93e-07   0.0
            m1 (f3_add_367)           3.68e-09 1.89e-09 2.88e-07 2.93e-07   0.0
          label_26__s1 (f3_sub_386)   4.93e-09 2.62e-09 2.88e-07 2.96e-07   0.0
            m1 (f3_add_386)           4.93e-09 2.62e-09 2.88e-07 2.96e-07   0.0
          label_158__s1 (f3_sub_320)  4.55e-09 2.38e-09 2.88e-07 2.95e-07   0.0
            m1 (f3_add_320)           4.55e-09 2.38e-09 2.88e-07 2.95e-07   0.0
          label_72__s1 (f3_sub_363)   5.35e-09 2.84e-09 2.89e-07 2.97e-07   0.0
            m1 (f3_add_363)           5.35e-09 2.84e-09 2.89e-07 2.97e-07   0.0
          label_34__s1 (f3_sub_382)   4.43e-09 2.34e-09 2.89e-07 2.95e-07   0.0
            m1 (f3_add_382)           4.43e-09 2.34e-09 2.89e-07 2.95e-07   0.0
          f (func4_3)                 8.03e-07 9.20e-07 2.24e-05 2.41e-05   0.4
            label_142__m (f3_mult_320)
                                      7.62e-09 8.21e-09 2.27e-07 2.42e-07   0.0
            label_78__m (f3_mult_352) 7.87e-09 8.33e-09 2.27e-07 2.43e-07   0.0
            label_178__m (f3_mult_302)
                                      8.19e-09 7.26e-09 2.14e-07 2.29e-07   0.0
            label_108__m (f3_mult_337)
                                      7.51e-09 8.18e-09 2.26e-07 2.42e-07   0.0
            label_34__m (f3_mult_374) 7.62e-09 8.22e-09 2.27e-07 2.43e-07   0.0
            label_134__m (f3_mult_324)
                                      7.17e-09 8.08e-09 2.27e-07 2.42e-07   0.0
            label_6__m (f3_mult_388)  5.70e-09 7.54e-09 2.27e-07 2.41e-07   0.0
            label_60__m (f3_mult_361) 8.88e-09 8.69e-09 2.26e-07 2.44e-07   0.0
            label_160__m (f3_mult_311)
                                      7.61e-09 8.25e-09 2.26e-07 2.42e-07   0.0
            label_96__m (f3_mult_343) 7.78e-09 5.96e-09 2.15e-07 2.28e-07   0.0
            label_26__m (f3_mult_378) 7.62e-09 8.23e-09 2.27e-07 2.43e-07   0.0
            label_52__m (f3_mult_365) 8.07e-09 8.38e-09 2.27e-07 2.43e-07   0.0
            label_126__m (f3_mult_328)
                                      6.66e-09 6.62e-09 2.15e-07 2.28e-07   0.0
            label_152__m (f3_mult_315)
                                      6.89e-09 6.72e-09 2.15e-07 2.29e-07   0.0
            label_88__m (f3_mult_347) 8.86e-09 8.69e-09 2.26e-07 2.44e-07   0.0
            label_188__m (f3_mult_297)
                                      9.31e-09 5.36e-09 2.02e-07 2.16e-07   0.0
            label_18__m (f3_mult_382) 4.81e-09 4.87e-09 2.16e-07 2.25e-07   0.0
            label_118__m (f3_mult_332)
                                      6.07e-09 5.33e-09 2.15e-07 2.26e-07   0.0
            label_44__m (f3_mult_369) 6.97e-09 5.67e-09 2.15e-07 2.28e-07   0.0
            label_144__m (f3_mult_319)
                                      6.74e-09 5.59e-09 2.15e-07 2.27e-07   0.0
            label_70__m (f3_mult_356) 6.40e-09 5.45e-09 2.15e-07 2.27e-07   0.0
            label_170__m (f3_mult_306)
                                      6.87e-09 5.66e-09 2.14e-07 2.27e-07   0.0
            label_100__m (f3_mult_341)
                                      7.52e-09 6.94e-09 2.15e-07 2.29e-07   0.0
            label_36__m (f3_mult_373) 8.18e-09 8.42e-09 2.27e-07 2.43e-07   0.0
            label_136__m (f3_mult_323)
                                      7.53e-09 8.22e-09 2.27e-07 2.42e-07   0.0
            label_8__m (f3_mult_387)  6.04e-09 7.65e-09 2.27e-07 2.41e-07   0.0
            label_62__m (f3_mult_360) 8.20e-09 8.43e-09 2.27e-07 2.43e-07   0.0
            label_162__m (f3_mult_310)
                                      7.50e-09 8.23e-09 2.26e-07 2.42e-07   0.0
            label_98__m (f3_mult_342) 7.31e-09 6.87e-09 2.15e-07 2.29e-07   0.0
            label_28__m (f3_mult_377) 8.01e-09 8.38e-09 2.27e-07 2.43e-07   0.0
            label_54__m (f3_mult_364) 7.17e-09 8.05e-09 2.27e-07 2.42e-07   0.0
            label_128__m (f3_mult_327)
                                      7.41e-09 6.89e-09 2.15e-07 2.29e-07   0.0
            label_154__m (f3_mult_314)
                                      6.91e-09 6.74e-09 2.15e-07 2.28e-07   0.0
            label_80__m (f3_mult_351) 7.79e-09 8.31e-09 2.27e-07 2.43e-07   0.0
            label_180__m (f3_mult_301)
                                      8.37e-09 7.33e-09 2.14e-07 2.30e-07   0.0
            label_10__m (f3_mult_386) 6.05e-09 7.66e-09 2.27e-07 2.41e-07   0.0
            label_110__m (f3_mult_336)
                                      6.99e-09 8.00e-09 2.27e-07 2.42e-07   0.0
            label_46__m (f3_mult_368) 7.27e-09 6.86e-09 2.15e-07 2.30e-07   0.0
            label_146__m (f3_mult_318)
                                      6.58e-09 5.52e-09 2.15e-07 2.27e-07   0.0
            label_72__m (f3_mult_355) 7.96e-09 7.10e-09 2.15e-07 2.30e-07   0.0
            label_172__m (f3_mult_305)
                                      6.88e-09 5.64e-09 2.14e-07 2.27e-07   0.0
            label_102__m (f3_mult_340)
                                      7.11e-09 6.79e-09 2.15e-07 2.29e-07   0.0
            label_0__m (f3_mult_391)  4.98e-09 7.25e-09 2.27e-07 2.40e-07   0.0
            label_38__m (f3_mult_372) 7.94e-09 8.34e-09 2.27e-07 2.43e-07   0.0
            label_138__m (f3_mult_322)
                                      7.06e-09 8.03e-09 2.27e-07 2.42e-07   0.0
            label_64__m (f3_mult_359) 7.69e-09 8.25e-09 2.26e-07 2.42e-07   0.0
            label_164__m (f3_mult_309)
                                      8.10e-09 8.44e-09 2.26e-07 2.43e-07   0.0
            label_90__m (f3_mult_346) 8.40e-09 8.52e-09 2.26e-07 2.43e-07   0.0
            label_190__m (f3_mult_296)
                                      9.73e-09 5.54e-09 2.01e-07 2.17e-07   0.0
            label_20__m (f3_mult_381) 5.96e-09 6.35e-09 2.16e-07 2.28e-07   0.0
            label_120__m (f3_mult_331)
                                      6.37e-09 5.45e-09 2.15e-07 2.27e-07   0.0
            label_56__m (f3_mult_363) 7.93e-09 8.33e-09 2.27e-07 2.43e-07   0.0
            label_156__m (f3_mult_313)
                                      7.43e-09 8.19e-09 2.26e-07 2.42e-07   0.0
            label_82__m (f3_mult_350) 8.85e-09 8.70e-09 2.26e-07 2.44e-07   0.0
            label_182__m (f3_mult_300)
                                      8.25e-09 6.22e-09 2.14e-07 2.28e-07   0.0
            label_12__m (f3_mult_385) 6.58e-09 7.84e-09 2.27e-07 2.42e-07   0.0
            label_112__m (f3_mult_335)
                                      7.58e-09 8.22e-09 2.27e-07 2.42e-07   0.0
            label_48__m (f3_mult_367) 7.55e-09 6.94e-09 2.15e-07 2.30e-07   0.0
            label_148__m (f3_mult_317)
                                      6.71e-09 5.58e-09 2.15e-07 2.27e-07   0.0
            label_74__m (f3_mult_354) 7.61e-09 6.97e-09 2.15e-07 2.30e-07   0.0
            label_174__m (f3_mult_304)
                                      7.25e-09 5.81e-09 2.14e-07 2.27e-07   0.0
            label_30__m (f3_mult_376) 7.62e-09 8.23e-09 2.27e-07 2.43e-07   0.0
            label_104__m (f3_mult_339)
                                      7.99e-09 8.37e-09 2.26e-07 2.43e-07   0.0
            label_130__m (f3_mult_326)
                                      7.29e-09 8.12e-09 2.27e-07 2.42e-07   0.0
            label_2__m (f3_mult_390)  4.94e-09 7.26e-09 2.27e-07 2.40e-07   0.0
            label_66__m (f3_mult_358) 6.68e-09 5.53e-09 2.15e-07 2.27e-07   0.0
            label_166__m (f3_mult_308)
                                      7.43e-09 8.19e-09 2.26e-07 2.42e-07   0.0
            label_92__m (f3_mult_345) 7.59e-09 5.88e-09 2.15e-07 2.28e-07   0.0
            label_192__m (f3_mult_295)
                                      1.17e-08 6.40e-09 2.01e-07 2.19e-07   0.0
            label_22__m (f3_mult_380) 6.31e-09 6.49e-09 2.16e-07 2.28e-07   0.0
            label_122__m (f3_mult_330)
                                      6.44e-09 5.47e-09 2.15e-07 2.27e-07   0.0
            label_58__m (f3_mult_362) 8.12e-09 8.42e-09 2.27e-07 2.43e-07   0.0
            label_158__m (f3_mult_312)
                                      7.87e-09 8.34e-09 2.26e-07 2.42e-07   0.0
            label_84__m (f3_mult_349) 9.32e-09 8.87e-09 2.26e-07 2.45e-07   0.0
            label_184__m (f3_mult_299)
                                      8.90e-09 7.56e-09 2.14e-07 2.30e-07   0.0
            label_14__m (f3_mult_384) 5.38e-09 5.09e-09 2.16e-07 2.26e-07   0.0
            label_40__m (f3_mult_371) 5.87e-09 5.26e-09 2.15e-07 2.26e-07   0.0
            label_114__m (f3_mult_334)
                                      7.25e-09 8.10e-09 2.27e-07 2.42e-07   0.0
            label_140__m (f3_mult_321)
                                      7.61e-09 8.22e-09 2.27e-07 2.42e-07   0.0
            label_76__m (f3_mult_353) 7.43e-09 6.91e-09 2.15e-07 2.29e-07   0.0
            label_176__m (f3_mult_303)
                                      8.00e-09 7.17e-09 2.14e-07 2.29e-07   0.0
            label_32__m (f3_mult_375) 8.11e-09 8.42e-09 2.27e-07 2.43e-07   0.0
            label_106__m (f3_mult_338)
                                      7.61e-09 8.23e-09 2.26e-07 2.42e-07   0.0
            label_132__m (f3_mult_325)
                                      7.55e-09 8.21e-09 2.27e-07 2.42e-07   0.0
            label_4__m (f3_mult_389)  5.56e-09 7.48e-09 2.27e-07 2.40e-07   0.0
            label_68__m (f3_mult_357) 6.17e-09 5.34e-09 2.15e-07 2.26e-07   0.0
            label_168__m (f3_mult_307)
                                      7.85e-09 8.34e-09 2.26e-07 2.42e-07   0.0
            label_94__m (f3_mult_344) 7.81e-09 5.95e-09 2.15e-07 2.28e-07   0.0
            label_194__m (f3_mult_294)
                                      1.25e-08 6.84e-09 2.01e-07 2.21e-07   0.0
            label_24__m (f3_mult_379) 6.06e-09 6.39e-09 2.16e-07 2.28e-07   0.0
            label_50__m (f3_mult_366) 7.52e-09 6.94e-09 2.15e-07 2.30e-07   0.0
            label_124__m (f3_mult_329)
                                      6.83e-09 6.70e-09 2.15e-07 2.28e-07   0.0
            label_150__m (f3_mult_316)
                                      7.38e-09 6.90e-09 2.15e-07 2.29e-07   0.0
            label_86__m (f3_mult_348) 9.42e-09 8.88e-09 2.27e-07 2.45e-07   0.0
            label_186__m (f3_mult_298)
                                      8.33e-09 4.99e-09 2.02e-07 2.15e-07   0.0
            label_16__m (f3_mult_383) 5.02e-09 4.94e-09 2.16e-07 2.26e-07   0.0
            label_42__m (f3_mult_370) 6.17e-09 5.36e-09 2.15e-07 2.27e-07   0.0
            label_116__m (f3_mult_333)
                                      6.91e-09 7.96e-09 2.27e-07 2.42e-07   0.0
          label_166__s1 (f3_sub_316)  4.50e-09 2.25e-09 2.88e-07 2.94e-07   0.0
            m1 (f3_add_316)           4.50e-09 2.25e-09 2.88e-07 2.94e-07   0.0
          label_80__s1 (f3_sub_359)   5.55e-09 2.84e-09 2.88e-07 2.97e-07   0.0
            m1 (f3_add_359)           5.55e-09 2.84e-09 2.88e-07 2.97e-07   0.0
          label_128__s1 (f3_sub_335)  3.68e-09 1.95e-09 2.87e-07 2.93e-07   0.0
            m1 (f3_add_335)           3.68e-09 1.95e-09 2.87e-07 2.93e-07   0.0
          label_42__s1 (f3_sub_378)   3.96e-09 2.09e-09 2.88e-07 2.94e-07   0.0
            m1 (f3_add_378)           3.96e-09 2.09e-09 2.88e-07 2.94e-07   0.0
          label_174__s1 (f3_sub_312)  5.66e-09 3.06e-09 2.88e-07 2.97e-07   0.0
            m1 (f3_add_312)           5.66e-09 3.06e-09 2.88e-07 2.97e-07   0.0
          label_136__s1 (f3_sub_331)  4.07e-09 2.14e-09 2.88e-07 2.94e-07   0.0
            m1 (f3_add_331)           4.07e-09 2.14e-09 2.88e-07 2.94e-07   0.0
          label_2__s1 (f3_sub_398)    1.99e-09 9.86e-10 2.87e-07 2.90e-07   0.0
            m1 (f3_add_398)           1.99e-09 9.86e-10 2.87e-07 2.90e-07   0.0
          label_50__s1 (f3_sub_374)   4.04e-09 2.12e-09 2.88e-07 2.94e-07   0.0
            m1 (f3_add_374)           4.04e-09 2.12e-09 2.88e-07 2.94e-07   0.0
          label_12__s1 (f3_sub_393)   2.49e-09 1.36e-09 2.88e-07 2.91e-07   0.0
            m1 (f3_add_393)           2.49e-09 1.36e-09 2.88e-07 2.91e-07   0.0
          label_182__s1 (f3_sub_308)  7.88e-09 4.19e-09 2.87e-07 2.99e-07   0.0
            m1 (f3_add_308)           7.88e-09 4.19e-09 2.87e-07 2.99e-07   0.0
          label_144__s1 (f3_sub_327)  3.79e-09 2.05e-09 2.87e-07 2.93e-07   0.0
            m1 (f3_add_327)           3.79e-09 2.05e-09 2.87e-07 2.93e-07   0.0
          label_106__s1 (f3_sub_346)  3.88e-09 1.98e-09 2.88e-07 2.94e-07   0.0
            m1 (f3_add_346)           3.88e-09 1.98e-09 2.88e-07 2.94e-07   0.0
          label_20__s1 (f3_sub_389)   3.03e-09 1.59e-09 2.89e-07 2.93e-07   0.0
            m1 (f3_add_389)           3.03e-09 1.59e-09 2.89e-07 2.93e-07   0.0
          label_190__s1 (f3_sub_304)  1.29e-08 6.44e-09 2.87e-07 3.07e-07   0.0
            m1 (f3_add_304)           1.29e-08 6.44e-09 2.87e-07 3.07e-07   0.0
          label_88__s1 (f3_sub_355)   5.51e-09 2.83e-09 2.87e-07 2.96e-07   0.0
            m1 (f3_add_355)           5.51e-09 2.83e-09 2.87e-07 2.96e-07   0.0
          label_152__s1 (f3_sub_323)  3.96e-09 2.02e-09 2.88e-07 2.94e-07   0.0
            m1 (f3_add_323)           3.96e-09 2.02e-09 2.88e-07 2.94e-07   0.0
          label_114__s1 (f3_sub_342)  3.11e-09 1.59e-09 2.88e-07 2.93e-07   0.0
            m1 (f3_add_342)           3.11e-09 1.59e-09 2.88e-07 2.93e-07   0.0
          label_96__s1 (f3_sub_351)   5.11e-09 2.64e-09 2.87e-07 2.95e-07   0.0
            m1 (f3_add_351)           5.11e-09 2.64e-09 2.87e-07 2.95e-07   0.0
          label_160__s1 (f3_sub_319)  4.71e-09 2.47e-09 2.87e-07 2.94e-07   0.0
            m1 (f3_add_319)           4.71e-09 2.47e-09 2.87e-07 2.94e-07   0.0
          label_58__s1 (f3_sub_370)   4.87e-09 2.37e-09 2.87e-07 2.95e-07   0.0
            m1 (f3_add_370)           4.87e-09 2.37e-09 2.87e-07 2.95e-07   0.0
          label_122__s1 (f3_sub_338)  3.69e-09 2.00e-09 2.88e-07 2.94e-07   0.0
            m1 (f3_add_338)           3.69e-09 2.00e-09 2.88e-07 2.94e-07   0.0
          label_66__s1 (f3_sub_366)   3.93e-09 2.14e-09 2.88e-07 2.94e-07   0.0
            m1 (f3_add_366)           3.93e-09 2.14e-09 2.88e-07 2.94e-07   0.0
          label_130__s1 (f3_sub_334)  3.68e-09 1.89e-09 2.88e-07 2.94e-07   0.0
            m1 (f3_add_334)           3.68e-09 1.89e-09 2.88e-07 2.94e-07   0.0
          label_28__s1 (f3_sub_385)   4.96e-09 2.53e-09 2.87e-07 2.94e-07   0.0
            m1 (f3_add_385)           4.96e-09 2.53e-09 2.87e-07 2.94e-07   0.0
          label_74__s1 (f3_sub_362)   5.26e-09 2.68e-09 2.88e-07 2.96e-07   0.0
            m1 (f3_add_362)           5.26e-09 2.68e-09 2.88e-07 2.96e-07   0.0
          label_36__s1 (f3_sub_381)   4.46e-09 2.31e-09 2.86e-07 2.93e-07   0.0
            m1 (f3_add_381)           4.46e-09 2.31e-09 2.86e-07 2.93e-07   0.0
          label_100__s1 (f3_sub_349)  4.72e-09 2.40e-09 2.88e-07 2.95e-07   0.0
            m1 (f3_add_349)           4.72e-09 2.40e-09 2.88e-07 2.95e-07   0.0
          label_168__s1 (f3_sub_315)  4.73e-09 2.50e-09 2.87e-07 2.94e-07   0.0
            m1 (f3_add_315)           4.73e-09 2.50e-09 2.87e-07 2.94e-07   0.0
          label_82__s1 (f3_sub_358)   6.18e-09 3.32e-09 2.87e-07 2.97e-07   0.0
            m1 (f3_add_358)           6.18e-09 3.32e-09 2.87e-07 2.97e-07   0.0
          label_44__s1 (f3_sub_377)   4.23e-09 2.19e-09 2.88e-07 2.94e-07   0.0
            m1 (f3_add_377)           4.23e-09 2.19e-09 2.88e-07 2.94e-07   0.0
          label_176__s1 (f3_sub_311)  6.33e-09 3.29e-09 2.87e-07 2.97e-07   0.0
            m1 (f3_add_311)           6.33e-09 3.29e-09 2.87e-07 2.97e-07   0.0
          label_90__s1 (f3_sub_354)   5.76e-09 2.93e-09 2.87e-07 2.96e-07   0.0
            m1 (f3_add_354)           5.76e-09 2.93e-09 2.87e-07 2.96e-07   0.0
          label_138__s1 (f3_sub_330)  3.30e-09 1.79e-09 2.88e-07 2.93e-07   0.0
            m1 (f3_add_330)           3.30e-09 1.79e-09 2.88e-07 2.93e-07   0.0
          label_4__s1 (f3_sub_397)    1.82e-09 9.20e-10 2.89e-07 2.91e-07   0.0
            m1 (f3_add_397)           1.82e-09 9.20e-10 2.89e-07 2.91e-07   0.0
          label_52__s1 (f3_sub_373)   3.74e-09 1.89e-09 2.87e-07 2.93e-07   0.0
            m1 (f3_add_373)           3.74e-09 1.89e-09 2.87e-07 2.93e-07   0.0
          label_14__s1 (f3_sub_392)   2.97e-09 1.48e-09 2.87e-07 2.91e-07   0.0
            m1 (f3_add_392)           2.97e-09 1.48e-09 2.87e-07 2.91e-07   0.0
          label_184__s1 (f3_sub_307)  8.46e-09 4.51e-09 2.87e-07 3.00e-07   0.0
            m1 (f3_add_307)           8.46e-09 4.51e-09 2.87e-07 3.00e-07   0.0
          label_146__s1 (f3_sub_326)  3.73e-09 1.94e-09 2.88e-07 2.93e-07   0.0
            m1 (f3_add_326)           3.73e-09 1.94e-09 2.88e-07 2.93e-07   0.0
          label_60__s1 (f3_sub_369)   5.16e-09 2.57e-09 2.88e-07 2.95e-07   0.0
            m1 (f3_add_369)           5.16e-09 2.57e-09 2.88e-07 2.95e-07   0.0
          label_22__s1 (f3_sub_388)   3.33e-09 1.68e-09 2.87e-07 2.92e-07   0.0
            m1 (f3_add_388)           3.33e-09 1.68e-09 2.87e-07 2.92e-07   0.0
          label_108__s1 (f3_sub_345)  3.44e-09 1.81e-09 2.88e-07 2.93e-07   0.0
            m1 (f3_add_345)           3.44e-09 1.81e-09 2.88e-07 2.93e-07   0.0
          label_192__s1 (f3_sub_303)  1.66e-08 8.80e-09 2.86e-07 3.11e-07   0.0
            m1 (f3_add_303)           1.66e-08 8.80e-09 2.86e-07 3.11e-07   0.0
          label_154__s1 (f3_sub_322)  4.46e-09 2.39e-09 2.88e-07 2.95e-07   0.0
            m1 (f3_add_322)           4.46e-09 2.39e-09 2.88e-07 2.95e-07   0.0
          label_116__s1 (f3_sub_341)  2.82e-09 1.39e-09 2.87e-07 2.91e-07   0.0
            m1 (f3_add_341)           2.82e-09 1.39e-09 2.87e-07 2.91e-07   0.0
          label_30__s1 (f3_sub_384)   4.73e-09 2.50e-09 2.88e-07 2.96e-07   0.0
            m1 (f3_add_384)           4.73e-09 2.50e-09 2.88e-07 2.96e-07   0.0
          label_98__s1 (f3_sub_350)   4.63e-09 2.39e-09 2.87e-07 2.94e-07   0.0
            m1 (f3_add_350)           4.63e-09 2.39e-09 2.87e-07 2.94e-07   0.0
          label_162__s1 (f3_sub_318)  4.90e-09 2.41e-09 2.87e-07 2.94e-07   0.0
            m1 (f3_add_318)           4.90e-09 2.41e-09 2.87e-07 2.94e-07   0.0
          label_124__s1 (f3_sub_337)  3.98e-09 2.03e-09 2.87e-07 2.93e-07   0.0
            m1 (f3_add_337)           3.98e-09 2.03e-09 2.87e-07 2.93e-07   0.0
          label_170__s1 (f3_sub_314)  4.86e-09 2.48e-09 2.88e-07 2.95e-07   0.0
            m1 (f3_add_314)           4.86e-09 2.48e-09 2.88e-07 2.95e-07   0.0
          label_68__s1 (f3_sub_365)   3.79e-09 1.99e-09 2.88e-07 2.93e-07   0.0
            m1 (f3_add_365)           3.79e-09 1.99e-09 2.88e-07 2.93e-07   0.0
          label_132__s1 (f3_sub_333)  3.58e-09 1.88e-09 2.88e-07 2.93e-07   0.0
            m1 (f3_add_333)           3.58e-09 1.88e-09 2.88e-07 2.93e-07   0.0
          label_76__s1 (f3_sub_361)   5.01e-09 2.69e-09 2.88e-07 2.96e-07   0.0
            m1 (f3_add_361)           5.01e-09 2.69e-09 2.88e-07 2.96e-07   0.0
          label_140__s1 (f3_sub_329)  3.62e-09 1.91e-09 2.88e-07 2.93e-07   0.0
            m1 (f3_add_329)           3.62e-09 1.91e-09 2.88e-07 2.93e-07   0.0
          label_38__s1 (f3_sub_380)   4.53e-09 2.32e-09 2.88e-07 2.94e-07   0.0
            m1 (f3_add_380)           4.53e-09 2.32e-09 2.88e-07 2.94e-07   0.0
          label_102__s1 (f3_sub_348)  4.36e-09 2.25e-09 2.88e-07 2.94e-07   0.0
            m1 (f3_add_348)           4.36e-09 2.25e-09 2.88e-07 2.94e-07   0.0
          label_84__s1 (f3_sub_357)   6.68e-09 3.49e-09 2.88e-07 2.98e-07   0.0
            m1 (f3_add_357)           6.68e-09 3.49e-09 2.88e-07 2.98e-07   0.0
          label_46__s1 (f3_sub_376)   4.50e-09 2.24e-09 2.88e-07 2.94e-07   0.0
            m1 (f3_add_376)           4.50e-09 2.24e-09 2.88e-07 2.94e-07   0.0
          label_110__s1 (f3_sub_344)  3.23e-09 1.59e-09 2.87e-07 2.92e-07   0.0
            m1 (f3_add_344)           3.23e-09 1.59e-09 2.87e-07 2.92e-07   0.0
          label_178__s1 (f3_sub_310)  6.93e-09 3.66e-09 2.87e-07 2.97e-07   0.0
            m1 (f3_add_310)           6.93e-09 3.66e-09 2.87e-07 2.97e-07   0.0
          label_92__s1 (f3_sub_353)   4.80e-09 2.58e-09 2.87e-07 2.95e-07   0.0
            m1 (f3_add_353)           4.80e-09 2.58e-09 2.87e-07 2.95e-07   0.0
          label_6__s1 (f3_sub_396)    2.03e-09 1.03e-09 2.88e-07 2.91e-07   0.0
            m1 (f3_add_396)           2.03e-09 1.03e-09 2.88e-07 2.91e-07   0.0
          label_54__s1 (f3_sub_372)   3.27e-09 1.67e-09 2.88e-07 2.93e-07   0.0
            m1 (f3_add_372)           3.27e-09 1.67e-09 2.88e-07 2.93e-07   0.0
          label_16__s1 (f3_sub_391)   2.28e-09 1.20e-09 2.88e-07 2.92e-07   0.0
            m1 (f3_add_391)           2.28e-09 1.20e-09 2.88e-07 2.92e-07   0.0
          label_186__s1 (f3_sub_306)  9.69e-09 5.00e-09 2.87e-07 3.02e-07   0.0
            m1 (f3_add_306)           9.69e-09 5.00e-09 2.87e-07 3.02e-07   0.0
          label_148__s1 (f3_sub_325)  3.88e-09 2.02e-09 2.88e-07 2.94e-07   0.0
            m1 (f3_add_325)           3.88e-09 2.02e-09 2.88e-07 2.94e-07   0.0
          label_62__s1 (f3_sub_368)   4.90e-09 2.45e-09 2.88e-07 2.95e-07   0.0
            m1 (f3_add_368)           4.90e-09 2.45e-09 2.88e-07 2.95e-07   0.0
          label_24__s1 (f3_sub_387)   5.79e-09 3.14e-09 2.66e-07 2.75e-07   0.0
            m1 (f3_add_387)           5.79e-09 3.14e-09 2.66e-07 2.75e-07   0.0
          label_194__s1 (f3_sub_302)  1.84e-08 7.25e-09 2.63e-07 2.88e-07   0.0
            m1 (f3_add_302)           1.84e-08 7.25e-09 2.63e-07 2.88e-07   0.0
          label_156__s1 (f3_sub_321)  4.23e-09 2.23e-09 2.87e-07 2.94e-07   0.0
            m1 (f3_add_321)           4.23e-09 2.23e-09 2.87e-07 2.94e-07   0.0
          label_70__s1 (f3_sub_364)   4.07e-09 2.18e-09 2.86e-07 2.92e-07   0.0
            m1 (f3_add_364)           4.07e-09 2.18e-09 2.86e-07 2.92e-07   0.0
        ins2 (func1_2)                5.53e-07 8.40e-07 5.07e-05 5.21e-05   0.9
          label_32__s1 (f3_sub_285)   2.07e-10 1.38e-10 2.88e-07 2.88e-07   0.0
            m1 (f3_add_285)           2.07e-10 1.38e-10 2.88e-07 2.88e-07   0.0
          label_118__s1 (f3_sub_242)  6.09e-11 4.27e-11 2.88e-07 2.88e-07   0.0
            m1 (f3_add_242)           6.09e-11 4.27e-11 2.88e-07 2.88e-07   0.0
          label_164__s1 (f3_sub_219)  4.91e-10 3.32e-10 2.88e-07 2.89e-07   0.0
            m1 (f3_add_219)           4.91e-10 3.32e-10 2.88e-07 2.89e-07   0.0
          label_126__s1 (f3_sub_238)  2.61e-11 2.16e-11 2.88e-07 2.88e-07   0.0
            m1 (f3_add_238)           2.61e-11 2.16e-11 2.88e-07 2.88e-07   0.0
          label_40__s1 (f3_sub_281)   2.61e-11 2.16e-11 2.88e-07 2.88e-07   0.0
            m1 (f3_add_281)           2.61e-11 2.16e-11 2.88e-07 2.88e-07   0.0
          label_172__s1 (f3_sub_215)  3.36e-10 2.11e-10 2.88e-07 2.88e-07   0.0
            m1 (f3_add_215)           3.36e-10 2.11e-10 2.88e-07 2.88e-07   0.0
          label_134__s1 (f3_sub_234)     0.000    0.000 2.88e-07 2.88e-07   0.0
            m1 (f3_add_234)              0.000    0.000 2.88e-07 2.88e-07   0.0
          label_0__s1 (f3_sub_301)    1.51e-09 1.02e-09 2.88e-07 2.90e-07   0.0
            m1 (f3_add_301)           1.51e-09 1.02e-09 2.88e-07 2.90e-07   0.0
          label_10__s1 (f3_sub_296)   1.75e-09 1.21e-09 2.88e-07 2.91e-07   0.0
            m1 (f3_add_296)           1.75e-09 1.21e-09 2.88e-07 2.91e-07   0.0
          label_180__s1 (f3_sub_211)  2.99e-10 1.92e-10 2.88e-07 2.88e-07   0.0
            m1 (f3_add_211)           2.99e-10 1.92e-10 2.88e-07 2.88e-07   0.0
          label_78__s1 (f3_sub_262)   5.98e-11 4.27e-11 2.88e-07 2.88e-07   0.0
            m1 (f3_add_262)           5.98e-11 4.27e-11 2.88e-07 2.88e-07   0.0
          label_142__s1 (f3_sub_230)     0.000    0.000 2.88e-07 2.88e-07   0.0
            m1 (f3_add_230)              0.000    0.000 2.88e-07 2.88e-07   0.0
          label_104__s1 (f3_sub_249)     0.000    0.000 2.88e-07 2.88e-07   0.0
            m1 (f3_add_249)              0.000    0.000 2.88e-07 2.88e-07   0.0
          label_86__s1 (f3_sub_258)   4.70e-11 3.52e-11 2.88e-07 2.88e-07   0.0
            m1 (f3_add_258)           4.70e-11 3.52e-11 2.88e-07 2.88e-07   0.0
          label_150__s1 (f3_sub_226)  3.76e-10 2.39e-10 2.88e-07 2.88e-07   0.0
            m1 (f3_add_226)           3.76e-10 2.39e-10 2.88e-07 2.88e-07   0.0
          label_48__s1 (f3_sub_277)   1.34e-09 9.31e-10 2.88e-07 2.90e-07   0.0
            m1 (f3_add_277)           1.34e-09 9.31e-10 2.88e-07 2.90e-07   0.0
          label_112__s1 (f3_sub_245)     0.000    0.000 2.88e-07 2.88e-07   0.0
            m1 (f3_add_245)              0.000    0.000 2.88e-07 2.88e-07   0.0
          label_94__s1 (f3_sub_254)      0.000    0.000 2.88e-07 2.88e-07   0.0
            m1 (f3_add_254)              0.000    0.000 2.88e-07 2.88e-07   0.0
          label_8__s1 (f3_sub_297)    1.55e-09 1.02e-09 2.88e-07 2.90e-07   0.0
            m1 (f3_add_297)           1.55e-09 1.02e-09 2.88e-07 2.90e-07   0.0
          label_56__s1 (f3_sub_273)   9.91e-11 7.80e-11 2.88e-07 2.88e-07   0.0
            m1 (f3_add_273)           9.91e-11 7.80e-11 2.88e-07 2.88e-07   0.0
          label_120__s1 (f3_sub_241)  2.61e-11 2.16e-11 2.88e-07 2.88e-07   0.0
            m1 (f3_add_241)           2.61e-11 2.16e-11 2.88e-07 2.88e-07   0.0
          label_18__s1 (f3_sub_292)   1.04e-09 6.93e-10 2.88e-07 2.89e-07   0.0
            m1 (f3_add_292)           1.04e-09 6.93e-10 2.88e-07 2.89e-07   0.0
          label_188__s1 (f3_sub_207)  7.35e-10 4.99e-10 2.88e-07 2.89e-07   0.0
            m1 (f3_add_207)           7.35e-10 4.99e-10 2.88e-07 2.89e-07   0.0
          label_64__s1 (f3_sub_269)   6.04e-10 4.17e-10 2.88e-07 2.89e-07   0.0
            m1 (f3_add_269)           6.04e-10 4.17e-10 2.88e-07 2.89e-07   0.0
          label_26__s1 (f3_sub_288)   7.52e-10 4.80e-10 2.88e-07 2.89e-07   0.0
            m1 (f3_add_288)           7.52e-10 4.80e-10 2.88e-07 2.89e-07   0.0
          label_158__s1 (f3_sub_222)  2.66e-10 1.71e-10 2.88e-07 2.88e-07   0.0
            m1 (f3_add_222)           2.66e-10 1.71e-10 2.88e-07 2.88e-07   0.0
          label_72__s1 (f3_sub_265)      0.000    0.000 2.88e-07 2.88e-07   0.0
            m1 (f3_add_265)              0.000    0.000 2.88e-07 2.88e-07   0.0
          label_34__s1 (f3_sub_284)   3.38e-11 2.12e-11 2.88e-07 2.88e-07   0.0
            m1 (f3_add_284)           3.38e-11 2.12e-11 2.88e-07 2.88e-07   0.0
          f (func4_2)                 5.10e-07 8.11e-07 2.25e-05 2.38e-05   0.4
            label_142__m (f3_mult_222)
                                      4.40e-09 7.05e-09 2.28e-07 2.39e-07   0.0
            label_78__m (f3_mult_254) 4.54e-09 7.10e-09 2.28e-07 2.39e-07   0.0
            label_178__m (f3_mult_204)
                                      3.84e-09 5.59e-09 2.16e-07 2.25e-07   0.0
            label_108__m (f3_mult_239)
                                      4.44e-09 7.06e-09 2.28e-07 2.39e-07   0.0
            label_34__m (f3_mult_276) 5.03e-09 7.27e-09 2.27e-07 2.40e-07   0.0
            label_134__m (f3_mult_226)
                                      4.40e-09 7.05e-09 2.28e-07 2.39e-07   0.0
            label_6__m (f3_mult_290)  7.49e-09 8.14e-09 2.27e-07 2.43e-07   0.0
            label_60__m (f3_mult_263) 4.74e-09 7.17e-09 2.27e-07 2.39e-07   0.0
            label_160__m (f3_mult_213)
                                      4.60e-09 7.13e-09 2.28e-07 2.39e-07   0.0
            label_96__m (f3_mult_245) 3.23e-09 4.29e-09 2.16e-07 2.23e-07   0.0
            label_26__m (f3_mult_280) 5.59e-09 7.48e-09 2.27e-07 2.40e-07   0.0
            label_52__m (f3_mult_267) 4.84e-09 7.20e-09 2.27e-07 2.39e-07   0.0
            label_126__m (f3_mult_230)
                                      3.76e-09 5.56e-09 2.16e-07 2.25e-07   0.0
            label_152__m (f3_mult_217)
                                      3.85e-09 5.59e-09 2.16e-07 2.25e-07   0.0
            label_88__m (f3_mult_249) 4.47e-09 7.08e-09 2.28e-07 2.39e-07   0.0
            label_188__m (f3_mult_199)
                                      2.87e-09 2.91e-09 2.04e-07 2.10e-07   0.0
            label_18__m (f3_mult_284) 4.89e-09 4.88e-09 2.16e-07 2.25e-07   0.0
            label_118__m (f3_mult_234)
                                      3.22e-09 4.29e-09 2.16e-07 2.23e-07   0.0
            label_44__m (f3_mult_271) 3.69e-09 4.46e-09 2.16e-07 2.24e-07   0.0
            label_144__m (f3_mult_221)
                                      3.19e-09 4.28e-09 2.16e-07 2.23e-07   0.0
            label_70__m (f3_mult_258) 3.34e-09 4.33e-09 2.16e-07 2.23e-07   0.0
            label_170__m (f3_mult_208)
                                      3.35e-09 4.34e-09 2.16e-07 2.23e-07   0.0
            label_100__m (f3_mult_243)
                                      3.77e-09 5.56e-09 2.16e-07 2.25e-07   0.0
            label_36__m (f3_mult_275) 4.93e-09 7.23e-09 2.27e-07 2.40e-07   0.0
            label_136__m (f3_mult_225)
                                      4.40e-09 7.05e-09 2.28e-07 2.39e-07   0.0
            label_8__m (f3_mult_289)  6.90e-09 7.94e-09 2.27e-07 2.42e-07   0.0
            label_62__m (f3_mult_262) 4.65e-09 7.14e-09 2.27e-07 2.39e-07   0.0
            label_162__m (f3_mult_212)
                                      4.66e-09 7.15e-09 2.28e-07 2.39e-07   0.0
            label_98__m (f3_mult_244) 3.77e-09 5.56e-09 2.16e-07 2.25e-07   0.0
            label_28__m (f3_mult_279) 5.50e-09 7.44e-09 2.27e-07 2.40e-07   0.0
            label_54__m (f3_mult_266) 4.82e-09 7.20e-09 2.27e-07 2.39e-07   0.0
            label_128__m (f3_mult_229)
                                      3.76e-09 5.56e-09 2.16e-07 2.25e-07   0.0
            label_154__m (f3_mult_216)
                                      3.91e-09 5.62e-09 2.16e-07 2.26e-07   0.0
            label_80__m (f3_mult_253) 4.55e-09 7.11e-09 2.28e-07 2.39e-07   0.0
            label_180__m (f3_mult_203)
                                      3.92e-09 5.62e-09 2.16e-07 2.26e-07   0.0
            label_10__m (f3_mult_288) 6.73e-09 7.87e-09 2.27e-07 2.42e-07   0.0
            label_110__m (f3_mult_238)
                                      4.44e-09 7.06e-09 2.28e-07 2.39e-07   0.0
            label_46__m (f3_mult_270) 4.27e-09 5.74e-09 2.16e-07 2.26e-07   0.0
            label_146__m (f3_mult_220)
                                      3.24e-09 4.30e-09 2.16e-07 2.23e-07   0.0
            label_72__m (f3_mult_257) 3.87e-09 5.59e-09 2.16e-07 2.25e-07   0.0
            label_172__m (f3_mult_207)
                                      3.39e-09 4.36e-09 2.16e-07 2.24e-07   0.0
            label_102__m (f3_mult_242)
                                      3.77e-09 5.56e-09 2.16e-07 2.25e-07   0.0
            label_0__m (f3_mult_293)  1.11e-08 9.38e-09 2.26e-07 2.46e-07   0.0
            label_38__m (f3_mult_274) 4.87e-09 7.21e-09 2.27e-07 2.39e-07   0.0
            label_138__m (f3_mult_224)
                                      4.40e-09 7.05e-09 2.28e-07 2.39e-07   0.0
            label_64__m (f3_mult_261) 4.65e-09 7.14e-09 2.27e-07 2.39e-07   0.0
            label_164__m (f3_mult_211)
                                      4.63e-09 7.14e-09 2.28e-07 2.39e-07   0.0
            label_90__m (f3_mult_248) 4.44e-09 7.06e-09 2.28e-07 2.39e-07   0.0
            label_190__m (f3_mult_198)
                                      2.98e-09 2.95e-09 2.04e-07 2.10e-07   0.0
            label_20__m (f3_mult_283) 5.36e-09 6.14e-09 2.16e-07 2.27e-07   0.0
            label_120__m (f3_mult_233)
                                      3.22e-09 4.29e-09 2.16e-07 2.23e-07   0.0
            label_56__m (f3_mult_265) 4.79e-09 7.19e-09 2.27e-07 2.39e-07   0.0
            label_156__m (f3_mult_215)
                                      4.62e-09 7.14e-09 2.28e-07 2.39e-07   0.0
            label_82__m (f3_mult_252) 4.55e-09 7.11e-09 2.28e-07 2.39e-07   0.0
            label_182__m (f3_mult_202)
                                      3.45e-09 4.38e-09 2.16e-07 2.24e-07   0.0
            label_12__m (f3_mult_287) 6.52e-09 7.81e-09 2.27e-07 2.42e-07   0.0
            label_112__m (f3_mult_237)
                                      4.44e-09 7.06e-09 2.28e-07 2.39e-07   0.0
            label_48__m (f3_mult_269) 4.23e-09 5.73e-09 2.16e-07 2.26e-07   0.0
            label_148__m (f3_mult_219)
                                      3.31e-09 4.32e-09 2.16e-07 2.23e-07   0.0
            label_74__m (f3_mult_256) 3.85e-09 5.59e-09 2.16e-07 2.25e-07   0.0
            label_174__m (f3_mult_206)
                                      3.35e-09 4.34e-09 2.16e-07 2.24e-07   0.0
            label_30__m (f3_mult_278) 5.40e-09 7.41e-09 2.27e-07 2.40e-07   0.0
            label_104__m (f3_mult_241)
                                      4.46e-09 7.07e-09 2.28e-07 2.39e-07   0.0
            label_130__m (f3_mult_228)
                                      4.43e-09 7.06e-09 2.28e-07 2.39e-07   0.0
            label_2__m (f3_mult_292)  7.98e-09 8.30e-09 2.27e-07 2.43e-07   0.0
            label_66__m (f3_mult_260) 3.40e-09 4.35e-09 2.16e-07 2.24e-07   0.0
            label_166__m (f3_mult_210)
                                      4.63e-09 7.14e-09 2.28e-07 2.39e-07   0.0
            label_92__m (f3_mult_247) 3.23e-09 4.29e-09 2.16e-07 2.23e-07   0.0
            label_192__m (f3_mult_197)
                                      3.18e-09 3.02e-09 2.04e-07 2.10e-07   0.0
            label_22__m (f3_mult_282) 5.40e-09 6.17e-09 2.16e-07 2.27e-07   0.0
            label_122__m (f3_mult_232)
                                      3.22e-09 4.29e-09 2.16e-07 2.23e-07   0.0
            label_58__m (f3_mult_264) 4.74e-09 7.17e-09 2.27e-07 2.39e-07   0.0
            label_158__m (f3_mult_214)
                                      4.61e-09 7.13e-09 2.28e-07 2.39e-07   0.0
            label_84__m (f3_mult_251) 4.51e-09 7.09e-09 2.28e-07 2.39e-07   0.0
            label_184__m (f3_mult_201)
                                      4.02e-09 5.65e-09 2.16e-07 2.26e-07   0.0
            label_14__m (f3_mult_286) 5.23e-09 5.01e-09 2.16e-07 2.26e-07   0.0
            label_40__m (f3_mult_273) 3.64e-09 4.43e-09 2.16e-07 2.24e-07   0.0
            label_114__m (f3_mult_236)
                                      4.43e-09 7.06e-09 2.28e-07 2.39e-07   0.0
            label_140__m (f3_mult_223)
                                      4.40e-09 7.05e-09 2.28e-07 2.39e-07   0.0
            label_76__m (f3_mult_255) 3.83e-09 5.58e-09 2.16e-07 2.25e-07   0.0
            label_176__m (f3_mult_205)
                                      3.84e-09 5.59e-09 2.16e-07 2.25e-07   0.0
            label_32__m (f3_mult_277) 5.18e-09 7.33e-09 2.27e-07 2.40e-07   0.0
            label_106__m (f3_mult_240)
                                      4.44e-09 7.06e-09 2.28e-07 2.39e-07   0.0
            label_132__m (f3_mult_227)
                                      4.40e-09 7.05e-09 2.28e-07 2.39e-07   0.0
            label_4__m (f3_mult_291)  7.85e-09 8.27e-09 2.27e-07 2.43e-07   0.0
            label_68__m (f3_mult_259) 3.36e-09 4.34e-09 2.16e-07 2.24e-07   0.0
            label_168__m (f3_mult_209)
                                      4.62e-09 7.14e-09 2.28e-07 2.39e-07   0.0
            label_94__m (f3_mult_246) 3.23e-09 4.29e-09 2.16e-07 2.23e-07   0.0
            label_194__m (f3_mult_196)
                                      2.51e-09 2.77e-09 2.04e-07 2.10e-07   0.0
            label_24__m (f3_mult_281) 5.22e-09 6.09e-09 2.16e-07 2.27e-07   0.0
            label_50__m (f3_mult_268) 4.15e-09 5.70e-09 2.16e-07 2.26e-07   0.0
            label_124__m (f3_mult_231)
                                      3.76e-09 5.56e-09 2.16e-07 2.25e-07   0.0
            label_150__m (f3_mult_218)
                                      3.91e-09 5.62e-09 2.16e-07 2.26e-07   0.0
            label_86__m (f3_mult_250) 4.49e-09 7.08e-09 2.28e-07 2.39e-07   0.0
            label_186__m (f3_mult_200)
                                      3.03e-09 2.97e-09 2.04e-07 2.10e-07   0.0
            label_16__m (f3_mult_285) 4.98e-09 4.92e-09 2.16e-07 2.25e-07   0.0
            label_42__m (f3_mult_272) 3.67e-09 4.44e-09 2.16e-07 2.24e-07   0.0
            label_116__m (f3_mult_235)
                                      4.43e-09 7.06e-09 2.28e-07 2.39e-07   0.0
          label_166__s1 (f3_sub_218)  2.65e-10 1.82e-10 2.88e-07 2.88e-07   0.0
            m1 (f3_add_218)           2.65e-10 1.82e-10 2.88e-07 2.88e-07   0.0
          label_80__s1 (f3_sub_261)   9.36e-11 6.39e-11 2.88e-07 2.88e-07   0.0
            m1 (f3_add_261)           9.36e-11 6.39e-11 2.88e-07 2.88e-07   0.0
          label_128__s1 (f3_sub_237)  2.61e-11 2.16e-11 2.88e-07 2.88e-07   0.0
            m1 (f3_add_237)           2.61e-11 2.16e-11 2.88e-07 2.88e-07   0.0
          label_42__s1 (f3_sub_280)   9.72e-10 6.73e-10 2.88e-07 2.89e-07   0.0
            m1 (f3_add_280)           9.72e-10 6.73e-10 2.88e-07 2.89e-07   0.0
          label_174__s1 (f3_sub_214)  1.83e-10 1.18e-10 2.88e-07 2.88e-07   0.0
            m1 (f3_add_214)           1.83e-10 1.18e-10 2.88e-07 2.88e-07   0.0
          label_136__s1 (f3_sub_233)     0.000    0.000 2.88e-07 2.88e-07   0.0
            m1 (f3_add_233)              0.000    0.000 2.88e-07 2.88e-07   0.0
          label_2__s1 (f3_sub_300)    7.01e-10 4.83e-10 2.88e-07 2.89e-07   0.0
            m1 (f3_add_300)           7.01e-10 4.83e-10 2.88e-07 2.89e-07   0.0
          label_50__s1 (f3_sub_276)   1.25e-09 8.45e-10 2.88e-07 2.90e-07   0.0
            m1 (f3_add_276)           1.25e-09 8.45e-10 2.88e-07 2.90e-07   0.0
          label_12__s1 (f3_sub_295)   1.27e-09 8.89e-10 2.88e-07 2.90e-07   0.0
            m1 (f3_add_295)           1.27e-09 8.89e-10 2.88e-07 2.90e-07   0.0
          label_182__s1 (f3_sub_210)  3.85e-10 2.35e-10 2.88e-07 2.88e-07   0.0
            m1 (f3_add_210)           3.85e-10 2.35e-10 2.88e-07 2.88e-07   0.0
          label_144__s1 (f3_sub_229)     0.000    0.000 2.88e-07 2.88e-07   0.0
            m1 (f3_add_229)              0.000    0.000 2.88e-07 2.88e-07   0.0
          label_106__s1 (f3_sub_248)     0.000    0.000 2.88e-07 2.88e-07   0.0
            m1 (f3_add_248)              0.000    0.000 2.88e-07 2.88e-07   0.0
          label_20__s1 (f3_sub_291)   9.21e-10 6.18e-10 2.88e-07 2.89e-07   0.0
            m1 (f3_add_291)           9.21e-10 6.18e-10 2.88e-07 2.89e-07   0.0
          label_190__s1 (f3_sub_206)  6.64e-10 4.38e-10 2.88e-07 2.89e-07   0.0
            m1 (f3_add_206)           6.64e-10 4.38e-10 2.88e-07 2.89e-07   0.0
          label_88__s1 (f3_sub_257)   3.38e-11 2.12e-11 2.88e-07 2.88e-07   0.0
            m1 (f3_add_257)           3.38e-11 2.12e-11 2.88e-07 2.88e-07   0.0
          label_152__s1 (f3_sub_225)  1.50e-10 1.07e-10 2.88e-07 2.88e-07   0.0
            m1 (f3_add_225)           1.50e-10 1.07e-10 2.88e-07 2.88e-07   0.0
          label_114__s1 (f3_sub_244)  2.60e-11 2.16e-11 2.88e-07 2.88e-07   0.0
            m1 (f3_add_244)           2.60e-11 2.16e-11 2.88e-07 2.88e-07   0.0
          label_96__s1 (f3_sub_253)      0.000    0.000 2.88e-07 2.88e-07   0.0
            m1 (f3_add_253)              0.000    0.000 2.88e-07 2.88e-07   0.0
          label_160__s1 (f3_sub_221)  2.86e-10 1.82e-10 2.88e-07 2.88e-07   0.0
            m1 (f3_add_221)           2.86e-10 1.82e-10 2.88e-07 2.88e-07   0.0
          label_58__s1 (f3_sub_272)   1.29e-09 8.98e-10 2.88e-07 2.90e-07   0.0
            m1 (f3_add_272)           1.29e-09 8.98e-10 2.88e-07 2.90e-07   0.0
          label_122__s1 (f3_sub_240)  2.61e-11 2.16e-11 2.88e-07 2.88e-07   0.0
            m1 (f3_add_240)           2.61e-11 2.16e-11 2.88e-07 2.88e-07   0.0
          label_66__s1 (f3_sub_268)      0.000    0.000 2.88e-07 2.88e-07   0.0
            m1 (f3_add_268)              0.000    0.000 2.88e-07 2.88e-07   0.0
          label_130__s1 (f3_sub_236)  2.60e-11 2.16e-11 2.88e-07 2.88e-07   0.0
            m1 (f3_add_236)           2.60e-11 2.16e-11 2.88e-07 2.88e-07   0.0
          label_28__s1 (f3_sub_287)   8.45e-10 5.67e-10 2.88e-07 2.89e-07   0.0
            m1 (f3_add_287)           8.45e-10 5.67e-10 2.88e-07 2.89e-07   0.0
          label_74__s1 (f3_sub_264)      0.000    0.000 2.88e-07 2.88e-07   0.0
            m1 (f3_add_264)              0.000    0.000 2.88e-07 2.88e-07   0.0
          label_36__s1 (f3_sub_283)      0.000    0.000 2.88e-07 2.88e-07   0.0
            m1 (f3_add_283)              0.000    0.000 2.88e-07 2.88e-07   0.0
          label_100__s1 (f3_sub_251)     0.000    0.000 2.88e-07 2.88e-07   0.0
            m1 (f3_add_251)              0.000    0.000 2.88e-07 2.88e-07   0.0
          label_168__s1 (f3_sub_217)  3.22e-10 2.04e-10 2.88e-07 2.88e-07   0.0
            m1 (f3_add_217)           3.22e-10 2.04e-10 2.88e-07 2.88e-07   0.0
          label_82__s1 (f3_sub_260)   9.36e-11 6.39e-11 2.88e-07 2.88e-07   0.0
            m1 (f3_add_260)           9.36e-11 6.39e-11 2.88e-07 2.88e-07   0.0
          label_44__s1 (f3_sub_279)   1.32e-09 8.88e-10 2.88e-07 2.90e-07   0.0
            m1 (f3_add_279)           1.32e-09 8.88e-10 2.88e-07 2.90e-07   0.0
          label_176__s1 (f3_sub_213)  1.56e-10 9.69e-11 2.88e-07 2.88e-07   0.0
            m1 (f3_add_213)           1.56e-10 9.69e-11 2.88e-07 2.88e-07   0.0
          label_90__s1 (f3_sub_256)      0.000    0.000 2.88e-07 2.88e-07   0.0
            m1 (f3_add_256)              0.000    0.000 2.88e-07 2.88e-07   0.0
          label_138__s1 (f3_sub_232)     0.000    0.000 2.88e-07 2.88e-07   0.0
            m1 (f3_add_232)              0.000    0.000 2.88e-07 2.88e-07   0.0
          label_4__s1 (f3_sub_299)    1.58e-09 1.07e-09 2.88e-07 2.90e-07   0.0
            m1 (f3_add_299)           1.58e-09 1.07e-09 2.88e-07 2.90e-07   0.0
          label_52__s1 (f3_sub_275)   1.29e-09 8.77e-10 2.88e-07 2.90e-07   0.0
            m1 (f3_add_275)           1.29e-09 8.77e-10 2.88e-07 2.90e-07   0.0
          label_14__s1 (f3_sub_294)   2.85e-09 1.94e-09 2.88e-07 2.93e-07   0.0
            m1 (f3_add_294)           2.85e-09 1.94e-09 2.88e-07 2.93e-07   0.0
          label_184__s1 (f3_sub_209)  3.96e-10 2.36e-10 2.88e-07 2.88e-07   0.0
            m1 (f3_add_209)           3.96e-10 2.36e-10 2.88e-07 2.88e-07   0.0
          label_146__s1 (f3_sub_228)  1.85e-10 1.28e-10 2.88e-07 2.88e-07   0.0
            m1 (f3_add_228)           1.85e-10 1.28e-10 2.88e-07 2.88e-07   0.0
          label_60__s1 (f3_sub_271)   1.54e-10 1.07e-10 2.88e-07 2.88e-07   0.0
            m1 (f3_add_271)           1.54e-10 1.07e-10 2.88e-07 2.88e-07   0.0
          label_22__s1 (f3_sub_290)   1.58e-09 1.17e-09 2.88e-07 2.90e-07   0.0
            m1 (f3_add_290)           1.58e-09 1.17e-09 2.88e-07 2.90e-07   0.0
          label_108__s1 (f3_sub_247)     0.000    0.000 2.88e-07 2.88e-07   0.0
            m1 (f3_add_247)              0.000    0.000 2.88e-07 2.88e-07   0.0
          label_192__s1 (f3_sub_205)  9.19e-10 9.75e-10 2.88e-07 2.90e-07   0.0
            m1 (f3_add_205)           9.19e-10 9.75e-10 2.88e-07 2.90e-07   0.0
          label_154__s1 (f3_sub_224)  2.31e-10 1.74e-10 2.88e-07 2.88e-07   0.0
            m1 (f3_add_224)           2.31e-10 1.74e-10 2.88e-07 2.88e-07   0.0
          label_116__s1 (f3_sub_243)  6.09e-11 4.27e-11 2.88e-07 2.88e-07   0.0
            m1 (f3_add_243)           6.09e-11 4.27e-11 2.88e-07 2.88e-07   0.0
          label_30__s1 (f3_sub_286)   2.97e-10 1.92e-10 2.88e-07 2.88e-07   0.0
            m1 (f3_add_286)           2.97e-10 1.92e-10 2.88e-07 2.88e-07   0.0
          label_98__s1 (f3_sub_252)      0.000    0.000 2.88e-07 2.88e-07   0.0
            m1 (f3_add_252)              0.000    0.000 2.88e-07 2.88e-07   0.0
          label_162__s1 (f3_sub_220)  4.37e-10 3.11e-10 2.88e-07 2.89e-07   0.0
            m1 (f3_add_220)           4.37e-10 3.11e-10 2.88e-07 2.89e-07   0.0
          label_124__s1 (f3_sub_239)  2.61e-11 2.16e-11 2.88e-07 2.88e-07   0.0
            m1 (f3_add_239)           2.61e-11 2.16e-11 2.88e-07 2.88e-07   0.0
          label_170__s1 (f3_sub_216)  4.04e-10 2.58e-10 2.88e-07 2.88e-07   0.0
            m1 (f3_add_216)           4.04e-10 2.58e-10 2.88e-07 2.88e-07   0.0
          label_68__s1 (f3_sub_267)      0.000    0.000 2.88e-07 2.88e-07   0.0
            m1 (f3_add_267)              0.000    0.000 2.88e-07 2.88e-07   0.0
          label_132__s1 (f3_sub_235)     0.000    0.000 2.88e-07 2.88e-07   0.0
            m1 (f3_add_235)              0.000    0.000 2.88e-07 2.88e-07   0.0
          label_76__s1 (f3_sub_263)      0.000    0.000 2.88e-07 2.88e-07   0.0
            m1 (f3_add_263)              0.000    0.000 2.88e-07 2.88e-07   0.0
          label_140__s1 (f3_sub_231)     0.000    0.000 2.88e-07 2.88e-07   0.0
            m1 (f3_add_231)              0.000    0.000 2.88e-07 2.88e-07   0.0
          label_38__s1 (f3_sub_282)      0.000    0.000 2.88e-07 2.88e-07   0.0
            m1 (f3_add_282)              0.000    0.000 2.88e-07 2.88e-07   0.0
          label_102__s1 (f3_sub_250)     0.000    0.000 2.88e-07 2.88e-07   0.0
            m1 (f3_add_250)              0.000    0.000 2.88e-07 2.88e-07   0.0
          label_84__s1 (f3_sub_259)   9.57e-11 6.39e-11 2.88e-07 2.88e-07   0.0
            m1 (f3_add_259)           9.57e-11 6.39e-11 2.88e-07 2.88e-07   0.0
          label_46__s1 (f3_sub_278)   1.43e-09 9.59e-10 2.88e-07 2.90e-07   0.0
            m1 (f3_add_278)           1.43e-09 9.59e-10 2.88e-07 2.90e-07   0.0
          label_110__s1 (f3_sub_246)     0.000    0.000 2.88e-07 2.88e-07   0.0
            m1 (f3_add_246)              0.000    0.000 2.88e-07 2.88e-07   0.0
          label_178__s1 (f3_sub_212)  1.50e-10 1.07e-10 2.88e-07 2.88e-07   0.0
            m1 (f3_add_212)           1.50e-10 1.07e-10 2.88e-07 2.88e-07   0.0
          label_92__s1 (f3_sub_255)      0.000    0.000 2.88e-07 2.88e-07   0.0
            m1 (f3_add_255)              0.000    0.000 2.88e-07 2.88e-07   0.0
          label_6__s1 (f3_sub_298)    1.05e-09 7.10e-10 2.88e-07 2.90e-07   0.0
            m1 (f3_add_298)           1.05e-09 7.10e-10 2.88e-07 2.90e-07   0.0
          label_54__s1 (f3_sub_274)   1.24e-09 8.55e-10 2.88e-07 2.90e-07   0.0
            m1 (f3_add_274)           1.24e-09 8.55e-10 2.88e-07 2.90e-07   0.0
          label_16__s1 (f3_sub_293)   2.33e-09 1.60e-09 2.88e-07 2.92e-07   0.0
            m1 (f3_add_293)           2.33e-09 1.60e-09 2.88e-07 2.92e-07   0.0
          label_186__s1 (f3_sub_208)  6.34e-10 3.79e-10 2.88e-07 2.89e-07   0.0
            m1 (f3_add_208)           6.34e-10 3.79e-10 2.88e-07 2.89e-07   0.0
          label_148__s1 (f3_sub_227)  2.98e-10 2.03e-10 2.88e-07 2.88e-07   0.0
            m1 (f3_add_227)           2.98e-10 2.03e-10 2.88e-07 2.88e-07   0.0
          label_62__s1 (f3_sub_270)   6.28e-10 4.28e-10 2.88e-07 2.89e-07   0.0
            m1 (f3_add_270)           6.28e-10 4.28e-10 2.88e-07 2.89e-07   0.0
          label_24__s1 (f3_sub_289)   1.12e-09 7.57e-10 2.88e-07 2.90e-07   0.0
            m1 (f3_add_289)           1.12e-09 7.57e-10 2.88e-07 2.90e-07   0.0
          label_194__s1 (f3_sub_204)     0.000    0.000 2.88e-07 2.88e-07   0.0
            m1 (f3_add_204)              0.000    0.000 2.88e-07 2.88e-07   0.0
          label_156__s1 (f3_sub_223)  3.51e-10 2.25e-10 2.88e-07 2.88e-07   0.0
            m1 (f3_add_223)           3.51e-10 2.25e-10 2.88e-07 2.88e-07   0.0
          label_70__s1 (f3_sub_266)      0.000    0.000 2.88e-07 2.88e-07   0.0
            m1 (f3_add_266)              0.000    0.000 2.88e-07 2.88e-07   0.0
        ins3 (func2_3)                2.42e-07 1.06e-07 9.70e-06 1.00e-05   0.2
        ins4 (func2_2)                1.91e-07 4.30e-08 9.70e-06 9.94e-06   0.2
        ins5 (func3_3)                4.01e-08 1.02e-08 1.01e-05 1.01e-05   0.2
          m0 (f3_mult_1468)           5.74e-10 2.09e-10 9.84e-08 9.92e-08   0.0
          s0 (f3_sub_203)             5.72e-10 8.39e-11 9.84e-08 9.91e-08   0.0
            m1 (f3_add_203)           5.72e-10 8.39e-11 9.84e-08 9.91e-08   0.0
          m12 (f3_mult_1467)          5.74e-10 1.60e-10 9.84e-08 9.91e-08   0.0
          s12 (f3_sub_202)            3.05e-09 1.49e-09 2.87e-07 2.92e-07   0.0
            m1 (f3_add_202)           3.05e-09 1.49e-09 2.87e-07 2.92e-07   0.0
        ins6 (func3_2)                2.56e-08 6.35e-09 1.01e-05 1.01e-05   0.2
          m0 (f3_mult_1466)           7.47e-10 2.65e-10 9.83e-08 9.94e-08   0.0
          s0 (f3_sub_201)             7.27e-10 1.15e-10 9.83e-08 9.92e-08   0.0
            m1 (f3_add_201)           7.27e-10 1.15e-10 9.83e-08 9.92e-08   0.0
          m12 (f3_mult_1465)          7.46e-10 2.02e-10 9.83e-08 9.93e-08   0.0
          s12 (f3_sub_200)            2.30e-09 1.24e-09 2.88e-07 2.91e-07   0.0
            m1 (f3_add_200)           2.30e-09 1.24e-09 2.88e-07 2.91e-07   0.0
        ins7 (func4_5)                2.80e-07 4.22e-07 2.28e-05 2.35e-05   0.4
          label_142__m (f3_mult_1393) 2.20e-09 3.53e-09 2.29e-07 2.35e-07   0.0
          label_78__m (f3_mult_1425)  2.34e-09 3.57e-09 2.29e-07 2.35e-07   0.0
          label_178__m (f3_mult_1375) 1.98e-09 2.72e-09 2.17e-07 2.21e-07   0.0
          label_108__m (f3_mult_1410) 2.25e-09 3.54e-09 2.29e-07 2.35e-07   0.0
          label_34__m (f3_mult_1447)  2.90e-09 3.74e-09 2.29e-07 2.36e-07   0.0
          label_134__m (f3_mult_1397) 2.20e-09 3.53e-09 2.29e-07 2.35e-07   0.0
          label_6__m (f3_mult_1461)   5.33e-09 4.51e-09 2.29e-07 2.39e-07   0.0
          label_60__m (f3_mult_1434)  2.43e-09 3.63e-09 2.29e-07 2.35e-07   0.0
          label_160__m (f3_mult_1384) 2.41e-09 3.57e-09 2.29e-07 2.35e-07   0.0
          label_96__m (f3_mult_1416)  2.25e-09 3.54e-09 2.29e-07 2.35e-07   0.0
          label_26__m (f3_mult_1451)  3.45e-09 3.87e-09 2.29e-07 2.37e-07   0.0
          label_52__m (f3_mult_1438)  2.63e-09 3.66e-09 2.29e-07 2.36e-07   0.0
          label_126__m (f3_mult_1401) 1.85e-09 2.69e-09 2.17e-07 2.21e-07   0.0
          label_152__m (f3_mult_1388) 1.98e-09 2.71e-09 2.17e-07 2.21e-07   0.0
          label_88__m (f3_mult_1420)  2.28e-09 3.55e-09 2.29e-07 2.35e-07   0.0
          label_188__m (f3_mult_1370) 2.27e-09 2.77e-09 2.16e-07 2.22e-07   0.0
          label_18__m (f3_mult_1455)  4.01e-09 4.03e-09 2.29e-07 2.37e-07   0.0
          label_118__m (f3_mult_1405) 2.23e-09 3.54e-09 2.29e-07 2.35e-07   0.0
          label_44__m (f3_mult_1442)  2.72e-09 3.68e-09 2.29e-07 2.36e-07   0.0
          label_144__m (f3_mult_1392) 2.20e-09 3.53e-09 2.29e-07 2.35e-07   0.0
          label_70__m (f3_mult_1429)  2.36e-09 3.59e-09 2.29e-07 2.35e-07   0.0
          label_170__m (f3_mult_1379) 2.33e-09 3.56e-09 2.29e-07 2.35e-07   0.0
          label_100__m (f3_mult_1414) 1.87e-09 2.70e-09 2.17e-07 2.21e-07   0.0
          label_36__m (f3_mult_1446)  2.77e-09 3.71e-09 2.29e-07 2.36e-07   0.0
          label_136__m (f3_mult_1396) 2.20e-09 3.53e-09 2.29e-07 2.35e-07   0.0
          label_8__m (f3_mult_1460)   4.73e-09 4.29e-09 2.29e-07 2.38e-07   0.0
          label_62__m (f3_mult_1433)  2.46e-09 3.61e-09 2.29e-07 2.35e-07   0.0
          label_162__m (f3_mult_1383) 2.44e-09 3.58e-09 2.29e-07 2.35e-07   0.0
          label_98__m (f3_mult_1415)  1.87e-09 2.70e-09 2.17e-07 2.21e-07   0.0
          label_28__m (f3_mult_1450)  3.27e-09 3.85e-09 2.29e-07 2.36e-07   0.0
          label_54__m (f3_mult_1437)  2.63e-09 3.66e-09 2.29e-07 2.36e-07   0.0
          label_128__m (f3_mult_1400) 1.85e-09 2.69e-09 2.17e-07 2.21e-07   0.0
          label_154__m (f3_mult_1387) 2.00e-09 2.71e-09 2.17e-07 2.21e-07   0.0
          label_80__m (f3_mult_1424)  2.34e-09 3.57e-09 2.29e-07 2.35e-07   0.0
          label_180__m (f3_mult_1374) 2.07e-09 2.73e-09 2.17e-07 2.21e-07   0.0
          label_10__m (f3_mult_1459)  4.54e-09 4.24e-09 2.29e-07 2.38e-07   0.0
          label_110__m (f3_mult_1409) 2.25e-09 3.54e-09 2.29e-07 2.35e-07   0.0
          label_46__m (f3_mult_1441)  2.36e-09 2.84e-09 2.16e-07 2.22e-07   0.0
          label_146__m (f3_mult_1391) 2.26e-09 3.54e-09 2.29e-07 2.35e-07   0.0
          label_72__m (f3_mult_1428)  1.88e-09 2.73e-09 2.17e-07 2.21e-07   0.0
          label_172__m (f3_mult_1378) 2.38e-09 3.57e-09 2.29e-07 2.35e-07   0.0
          label_102__m (f3_mult_1413) 1.30e-09 1.40e-09 2.04e-07 2.06e-07   0.0
          label_0__m (f3_mult_1464)   8.97e-09 5.65e-09 2.28e-07 2.43e-07   0.0
          label_38__m (f3_mult_1445)  2.71e-09 3.69e-09 2.29e-07 2.36e-07   0.0
          label_138__m (f3_mult_1395) 2.20e-09 3.53e-09 2.29e-07 2.35e-07   0.0
          label_64__m (f3_mult_1432)  2.45e-09 3.61e-09 2.29e-07 2.35e-07   0.0
          label_164__m (f3_mult_1382) 2.40e-09 3.58e-09 2.29e-07 2.35e-07   0.0
          label_90__m (f3_mult_1419)  2.25e-09 3.54e-09 2.29e-07 2.35e-07   0.0
          label_190__m (f3_mult_1369) 2.39e-09 2.80e-09 2.16e-07 2.22e-07   0.0
          label_20__m (f3_mult_1454)  3.57e-09 3.13e-09 2.16e-07 2.23e-07   0.0
          label_120__m (f3_mult_1404) 2.23e-09 3.54e-09 2.29e-07 2.35e-07   0.0
          label_56__m (f3_mult_1436)  2.60e-09 3.65e-09 2.29e-07 2.36e-07   0.0
          label_156__m (f3_mult_1386) 2.43e-09 3.58e-09 2.29e-07 2.35e-07   0.0
          label_82__m (f3_mult_1423)  2.34e-09 3.57e-09 2.29e-07 2.35e-07   0.0
          label_182__m (f3_mult_1373) 2.51e-09 3.59e-09 2.29e-07 2.35e-07   0.0
          label_12__m (f3_mult_1458)  4.35e-09 4.17e-09 2.29e-07 2.38e-07   0.0
          label_112__m (f3_mult_1408) 2.25e-09 3.54e-09 2.29e-07 2.35e-07   0.0
          label_48__m (f3_mult_1440)  2.32e-09 2.83e-09 2.16e-07 2.22e-07   0.0
          label_148__m (f3_mult_1390) 2.33e-09 3.56e-09 2.29e-07 2.35e-07   0.0
          label_74__m (f3_mult_1427)  1.95e-09 2.72e-09 2.17e-07 2.21e-07   0.0
          label_174__m (f3_mult_1377) 2.35e-09 3.57e-09 2.29e-07 2.35e-07   0.0
          label_30__m (f3_mult_1449)  3.28e-09 3.84e-09 2.29e-07 2.36e-07   0.0
          label_104__m (f3_mult_1412) 2.27e-09 3.55e-09 2.29e-07 2.35e-07   0.0
          label_130__m (f3_mult_1399) 2.23e-09 3.54e-09 2.29e-07 2.35e-07   0.0
          label_2__m (f3_mult_1463)   5.85e-09 4.67e-09 2.29e-07 2.40e-07   0.0
          label_66__m (f3_mult_1431)  2.43e-09 3.61e-09 2.29e-07 2.35e-07   0.0
          label_166__m (f3_mult_1381) 2.42e-09 3.58e-09 2.29e-07 2.35e-07   0.0
          label_92__m (f3_mult_1418)  2.25e-09 3.54e-09 2.29e-07 2.35e-07   0.0
          label_192__m (f3_mult_1368) 2.63e-09 2.84e-09 2.16e-07 2.22e-07   0.0
          label_22__m (f3_mult_1453)  3.61e-09 3.12e-09 2.16e-07 2.23e-07   0.0
          label_122__m (f3_mult_1403) 2.23e-09 3.54e-09 2.29e-07 2.35e-07   0.0
          label_58__m (f3_mult_1435)  2.55e-09 3.64e-09 2.29e-07 2.35e-07   0.0
          label_158__m (f3_mult_1385) 2.44e-09 3.58e-09 2.29e-07 2.35e-07   0.0
          label_84__m (f3_mult_1422)  2.32e-09 3.57e-09 2.29e-07 2.35e-07   0.0
          label_184__m (f3_mult_1372) 2.21e-09 2.76e-09 2.17e-07 2.21e-07   0.0
          label_14__m (f3_mult_1457)  4.32e-09 4.13e-09 2.29e-07 2.38e-07   0.0
          label_40__m (f3_mult_1444)  2.66e-09 3.68e-09 2.29e-07 2.36e-07   0.0
          label_114__m (f3_mult_1407) 2.23e-09 3.54e-09 2.29e-07 2.35e-07   0.0
          label_140__m (f3_mult_1394) 2.20e-09 3.53e-09 2.29e-07 2.35e-07   0.0
          label_76__m (f3_mult_1426)  1.92e-09 2.72e-09 2.17e-07 2.21e-07   0.0
          label_176__m (f3_mult_1376) 1.92e-09 2.70e-09 2.17e-07 2.21e-07   0.0
          label_32__m (f3_mult_1448)  3.09e-09 3.78e-09 2.29e-07 2.36e-07   0.0
          label_106__m (f3_mult_1411) 2.25e-09 3.54e-09 2.29e-07 2.35e-07   0.0
          label_132__m (f3_mult_1398) 2.20e-09 3.53e-09 2.29e-07 2.35e-07   0.0
          label_4__m (f3_mult_1462)   5.70e-09 4.60e-09 2.29e-07 2.39e-07   0.0
          label_68__m (f3_mult_1430)  2.39e-09 3.59e-09 2.29e-07 2.35e-07   0.0
          label_168__m (f3_mult_1380) 2.39e-09 3.58e-09 2.29e-07 2.35e-07   0.0
          label_94__m (f3_mult_1417)  2.25e-09 3.54e-09 2.29e-07 2.35e-07   0.0
          label_194__m (f3_mult_1367) 1.82e-09 2.68e-09 2.17e-07 2.21e-07   0.0
          label_24__m (f3_mult_1452)  3.37e-09 3.09e-09 2.16e-07 2.23e-07   0.0
          label_50__m (f3_mult_1439)  2.23e-09 2.81e-09 2.16e-07 2.22e-07   0.0
          label_124__m (f3_mult_1402) 1.85e-09 2.69e-09 2.17e-07 2.21e-07   0.0
          label_150__m (f3_mult_1389) 2.00e-09 2.72e-09 2.17e-07 2.21e-07   0.0
          label_86__m (f3_mult_1421)  2.30e-09 3.56e-09 2.29e-07 2.35e-07   0.0
          label_186__m (f3_mult_1371) 2.41e-09 2.80e-09 2.17e-07 2.22e-07   0.0
          label_16__m (f3_mult_1456)  4.06e-09 4.05e-09 2.29e-07 2.37e-07   0.0
          label_42__m (f3_mult_1443)  2.70e-09 3.69e-09 2.29e-07 2.36e-07   0.0
          label_116__m (f3_mult_1406) 2.23e-09 3.54e-09 2.29e-07 2.35e-07   0.0
        ins8 (func5_1)                4.57e-08 1.44e-08 9.88e-06 9.94e-06   0.2
          a11 (f3_add_1680)           9.92e-09 6.45e-09 2.92e-07 3.08e-07   0.0
        q1 (f3_mult_1470)             1.39e-08 2.97e-08 1.97e-07 2.41e-07   0.0
      ins2 (f3m_mult_2)               2.69e-04 2.60e-05 3.84e-04 6.80e-04  11.2
        ins1 (func8_2)                   0.000    0.000 1.23e-04 1.23e-04   2.0
          a744 (f3_add_1530)             0.000    0.000 2.88e-07 2.88e-07   0.0
          a936 (f3_add_1491)             0.000    0.000 2.88e-07 2.88e-07   0.0
          a554 (f3_add_1568)             0.000    0.000 2.88e-07 2.88e-07   0.0
          a746 (f3_add_1529)             0.000    0.000 2.88e-07 2.88e-07   0.0
          a364 (f3_add_1606)             0.000    0.000 2.88e-07 2.88e-07   0.0
          a556 (f3_add_1567)             0.000    0.000 2.88e-07 2.88e-07   0.0
          a174 (f3_add_1644)             0.000    0.000 2.88e-07 2.88e-07   0.0
          a366 (f3_add_1605)             0.000    0.000 2.88e-07 2.88e-07   0.0
          a176 (f3_add_1643)             0.000    0.000 2.88e-07 2.88e-07   0.0
          m830 (f3_mult_1119)            0.000    0.000 2.27e-07 2.27e-07   0.0
          m640 (f3_mult_1176)            0.000    0.000 2.16e-07 2.16e-07   0.0
          m832 (f3_mult_1118)            0.000    0.000 2.27e-07 2.27e-07   0.0
          m450 (f3_mult_1233)            0.000    0.000 2.27e-07 2.27e-07   0.0
          m642 (f3_mult_1175)            0.000    0.000 2.16e-07 2.16e-07   0.0
          m260 (f3_mult_1290)            0.000    0.000 2.16e-07 2.16e-07   0.0
          m452 (f3_mult_1232)            0.000    0.000 2.27e-07 2.27e-07   0.0
          m262 (f3_mult_1289)            0.000    0.000 2.16e-07 2.16e-07   0.0
          m838 (f3_mult_1117)            0.000    0.000 2.27e-07 2.27e-07   0.0
          m648 (f3_mult_1174)            0.000    0.000 2.16e-07 2.16e-07   0.0
          m458 (f3_mult_1231)            0.000    0.000 2.27e-07 2.27e-07   0.0
          m268 (f3_mult_1288)            0.000    0.000 2.27e-07 2.27e-07   0.0
          a944 (f3_add_1490)             0.000    0.000 2.88e-07 2.88e-07   0.0
          a754 (f3_add_1528)             0.000    0.000 2.88e-07 2.88e-07   0.0
          a946 (f3_add_1489)             0.000    0.000 2.88e-07 2.88e-07   0.0
          a564 (f3_add_1566)             0.000    0.000 2.88e-07 2.88e-07   0.0
          a756 (f3_add_1527)             0.000    0.000 2.88e-07 2.88e-07   0.0
          a566 (f3_add_1565)             0.000    0.000 2.88e-07 2.88e-07   0.0
          a374 (f3_add_1604)             0.000    0.000 2.88e-07 2.88e-07   0.0
          a184 (f3_add_1642)             0.000    0.000 2.88e-07 2.88e-07   0.0
          a376 (f3_add_1603)             0.000    0.000 2.88e-07 2.88e-07   0.0
          a186 (f3_add_1641)             0.000    0.000 2.88e-07 2.88e-07   0.0
          m840 (f3_mult_1116)            0.000    0.000 2.27e-07 2.27e-07   0.0
          m650 (f3_mult_1173)            0.000    0.000 2.16e-07 2.16e-07   0.0
          m842 (f3_mult_1115)            0.000    0.000 2.27e-07 2.27e-07   0.0
          m460 (f3_mult_1230)            0.000    0.000 2.27e-07 2.27e-07   0.0
          m652 (f3_mult_1172)            0.000    0.000 2.16e-07 2.16e-07   0.0
          m270 (f3_mult_1287)            0.000    0.000 2.27e-07 2.27e-07   0.0
          m462 (f3_mult_1229)            0.000    0.000 2.27e-07 2.27e-07   0.0
          m272 (f3_mult_1286)            0.000    0.000 2.27e-07 2.27e-07   0.0
          m848 (f3_mult_1114)            0.000    0.000 2.27e-07 2.27e-07   0.0
          m658 (f3_mult_1171)            0.000    0.000 2.27e-07 2.27e-07   0.0
          m468 (f3_mult_1228)            0.000    0.000 2.16e-07 2.16e-07   0.0
          m278 (f3_mult_1285)            0.000    0.000 2.27e-07 2.27e-07   0.0
          a954 (f3_add_1488)             0.000    0.000 2.88e-07 2.88e-07   0.0
          a764 (f3_add_1526)             0.000    0.000 2.88e-07 2.88e-07   0.0
          a956 (f3_add_1487)             0.000    0.000 2.88e-07 2.88e-07   0.0
          a574 (f3_add_1564)             0.000    0.000 2.88e-07 2.88e-07   0.0
          a766 (f3_add_1525)             0.000    0.000 2.88e-07 2.88e-07   0.0
          a384 (f3_add_1602)             0.000    0.000 2.88e-07 2.88e-07   0.0
          a576 (f3_add_1563)             0.000    0.000 2.88e-07 2.88e-07   0.0
          a194 (f3_add_1640)             0.000    0.000 2.88e-07 2.88e-07   0.0
          a386 (f3_add_1601)             0.000    0.000 2.88e-07 2.88e-07   0.0
          a196 (f3_add_1639)             0.000    0.000 2.88e-07 2.88e-07   0.0
          m850 (f3_mult_1113)            0.000    0.000 2.27e-07 2.27e-07   0.0
          m660 (f3_mult_1170)            0.000    0.000 2.27e-07 2.27e-07   0.0
          m852 (f3_mult_1112)            0.000    0.000 2.27e-07 2.27e-07   0.0
          m470 (f3_mult_1227)            0.000    0.000 2.16e-07 2.16e-07   0.0
          m662 (f3_mult_1169)            0.000    0.000 2.27e-07 2.27e-07   0.0
          m280 (f3_mult_1284)            0.000    0.000 2.27e-07 2.27e-07   0.0
          m472 (f3_mult_1226)            0.000    0.000 2.16e-07 2.16e-07   0.0
          m282 (f3_mult_1283)            0.000    0.000 2.27e-07 2.27e-07   0.0
          m858 (f3_mult_1111)            0.000    0.000 2.16e-07 2.16e-07   0.0
          m668 (f3_mult_1168)            0.000    0.000 2.27e-07 2.27e-07   0.0
          m478 (f3_mult_1225)            0.000    0.000 2.16e-07 2.16e-07   0.0
          m288 (f3_mult_1282)            0.000    0.000 2.27e-07 2.27e-07   0.0
          a964 (f3_add_1486)             0.000    0.000 2.88e-07 2.88e-07   0.0
          a774 (f3_add_1524)             0.000    0.000 2.88e-07 2.88e-07   0.0
          a966 (f3_add_1485)             0.000    0.000 2.88e-07 2.88e-07   0.0
          a584 (f3_add_1562)             0.000    0.000 2.88e-07 2.88e-07   0.0
          a776 (f3_add_1523)             0.000    0.000 2.88e-07 2.88e-07   0.0
          a394 (f3_add_1600)             0.000    0.000 2.88e-07 2.88e-07   0.0
          a586 (f3_add_1561)             0.000    0.000 2.88e-07 2.88e-07   0.0
          a396 (f3_add_1599)             0.000    0.000 2.88e-07 2.88e-07   0.0
          m860 (f3_mult_1110)            0.000    0.000 2.16e-07 2.16e-07   0.0
          m670 (f3_mult_1167)            0.000    0.000 2.27e-07 2.27e-07   0.0
          m862 (f3_mult_1109)            0.000    0.000 2.16e-07 2.16e-07   0.0
          m480 (f3_mult_1224)            0.000    0.000 2.16e-07 2.16e-07   0.0
          m672 (f3_mult_1166)            0.000    0.000 2.27e-07 2.27e-07   0.0
          m290 (f3_mult_1281)            0.000    0.000 2.27e-07 2.27e-07   0.0
          m482 (f3_mult_1223)            0.000    0.000 2.16e-07 2.16e-07   0.0
          m292 (f3_mult_1280)            0.000    0.000 2.27e-07 2.27e-07   0.0
          m868 (f3_mult_1108)            0.000    0.000 2.16e-07 2.16e-07   0.0
          m678 (f3_mult_1165)            0.000    0.000 2.27e-07 2.27e-07   0.0
          m488 (f3_mult_1222)            0.000    0.000 2.16e-07 2.16e-07   0.0
          m298 (f3_mult_1279)            0.000    0.000 2.27e-07 2.27e-07   0.0
          a204 (f3_add_1638)             0.000    0.000 2.88e-07 2.88e-07   0.0
          a206 (f3_add_1637)             0.000    0.000 2.88e-07 2.88e-07   0.0
          a974 (f3_add_1484)             0.000    0.000 2.88e-07 2.88e-07   0.0
          a784 (f3_add_1522)             0.000    0.000 2.88e-07 2.88e-07   0.0
          a976 (f3_add_1483)             0.000    0.000 2.88e-07 2.88e-07   0.0
          a594 (f3_add_1560)             0.000    0.000 2.88e-07 2.88e-07   0.0
          a786 (f3_add_1521)             0.000    0.000 2.88e-07 2.88e-07   0.0
          a596 (f3_add_1559)             0.000    0.000 2.88e-07 2.88e-07   0.0
          m102 (f3_mult_1336)            0.000    0.000 2.16e-07 2.16e-07   0.0
          m870 (f3_mult_1107)            0.000    0.000 2.16e-07 2.16e-07   0.0
          a10 (f3_add_1678)              0.000    0.000 2.88e-07 2.88e-07   0.0
          m104 (f3_mult_1335)            0.000    0.000 2.16e-07 2.16e-07   0.0
          m680 (f3_mult_1164)            0.000    0.000 2.27e-07 2.27e-07   0.0
          m872 (f3_mult_1106)            0.000    0.000 2.16e-07 2.16e-07   0.0
          m106 (f3_mult_1334)            0.000    0.000 2.16e-07 2.16e-07   0.0
          m490 (f3_mult_1221)            0.000    0.000 2.16e-07 2.16e-07   0.0
          m682 (f3_mult_1163)            0.000    0.000 2.27e-07 2.27e-07   0.0
          m492 (f3_mult_1220)            0.000    0.000 2.16e-07 2.16e-07   0.0
          m878 (f3_mult_1105)            0.000    0.000 2.16e-07 2.16e-07   0.0
          a18 (f3_add_1677)              0.000    0.000 2.88e-07 2.88e-07   0.0
          m688 (f3_mult_1162)            0.000    0.000 2.27e-07 2.27e-07   0.0
          m498 (f3_mult_1219)            0.000    0.000 2.16e-07 2.16e-07   0.0
          a404 (f3_add_1598)             0.000    0.000 2.88e-07 2.88e-07   0.0
          a214 (f3_add_1636)             0.000    0.000 2.88e-07 2.88e-07   0.0
          a406 (f3_add_1597)             0.000    0.000 2.88e-07 2.88e-07   0.0
          a216 (f3_add_1635)             0.000    0.000 2.88e-07 2.88e-07   0.0
          a794 (f3_add_1520)             0.000    0.000 2.88e-07 2.88e-07   0.0
          a796 (f3_add_1519)             0.000    0.000 2.88e-07 2.88e-07   0.0
          m300 (f3_mult_1278)            0.000    0.000 2.27e-07 2.27e-07   0.0
          m302 (f3_mult_1277)            0.000    0.000 2.27e-07 2.27e-07   0.0
          m112 (f3_mult_1333)            0.000    0.000 2.16e-07 2.16e-07   0.0
          m880 (f3_mult_1104)            0.000    0.000 2.16e-07 2.16e-07   0.0
          a20 (f3_add_1676)              0.000    0.000 2.88e-07 2.88e-07   0.0
          m114 (f3_mult_1332)            0.000    0.000 2.16e-07 2.16e-07   0.0
          m882 (f3_mult_1103)            0.000    0.000 2.16e-07 2.16e-07   0.0
          m690 (f3_mult_1161)            0.000    0.000 2.27e-07 2.27e-07   0.0
          m116 (f3_mult_1331)            0.000    0.000 2.16e-07 2.16e-07   0.0
          m308 (f3_mult_1276)            0.000    0.000 2.27e-07 2.27e-07   0.0
          m692 (f3_mult_1160)            0.000    0.000 2.27e-07 2.27e-07   0.0
          a28 (f3_add_1675)              0.000    0.000 2.88e-07 2.88e-07   0.0
          m888 (f3_mult_1102)            0.000    0.000 2.16e-07 2.16e-07   0.0
          m698 (f3_mult_1159)            0.000    0.000 2.27e-07 2.27e-07   0.0
          a604 (f3_add_1558)             0.000    0.000 2.88e-07 2.88e-07   0.0
          a414 (f3_add_1596)             0.000    0.000 2.88e-07 2.88e-07   0.0
          a606 (f3_add_1557)             0.000    0.000 2.88e-07 2.88e-07   0.0
          a224 (f3_add_1634)             0.000    0.000 2.88e-07 2.88e-07   0.0
          a416 (f3_add_1595)             0.000    0.000 2.88e-07 2.88e-07   0.0
          a226 (f3_add_1633)             0.000    0.000 2.88e-07 2.88e-07   0.0
          m500 (f3_mult_1218)            0.000    0.000 2.16e-07 2.16e-07   0.0
          m310 (f3_mult_1275)            0.000    0.000 2.27e-07 2.27e-07   0.0
          m502 (f3_mult_1217)            0.000    0.000 2.16e-07 2.16e-07   0.0
          m312 (f3_mult_1274)            0.000    0.000 2.27e-07 2.27e-07   0.0
          m122 (f3_mult_1330)            0.000    0.000 2.16e-07 2.16e-07   0.0
          a30 (f3_add_1674)              0.000    0.000 2.88e-07 2.88e-07   0.0
          m890 (f3_mult_1101)            0.000    0.000 2.16e-07 2.16e-07   0.0
          m124 (f3_mult_1329)            0.000    0.000 2.16e-07 2.16e-07   0.0
          m508 (f3_mult_1216)            0.000    0.000 2.16e-07 2.16e-07   0.0
          m892 (f3_mult_1100)            0.000    0.000 2.16e-07 2.16e-07   0.0
          m126 (f3_mult_1328)            0.000    0.000 2.16e-07 2.16e-07   0.0
          m318 (f3_mult_1273)            0.000    0.000 2.27e-07 2.27e-07   0.0
          a38 (f3_add_1673)              0.000    0.000 2.88e-07 2.88e-07   0.0
          m898 (f3_mult_1099)            0.000    0.000 2.16e-07 2.16e-07   0.0
          a804 (f3_add_1518)             0.000    0.000 2.88e-07 2.88e-07   0.0
          a614 (f3_add_1556)             0.000    0.000 2.88e-07 2.88e-07   0.0
          a806 (f3_add_1517)             0.000    0.000 2.88e-07 2.88e-07   0.0
          a424 (f3_add_1594)             0.000    0.000 2.88e-07 2.88e-07   0.0
          a616 (f3_add_1555)             0.000    0.000 2.88e-07 2.88e-07   0.0
          a234 (f3_add_1632)             0.000    0.000 2.88e-07 2.88e-07   0.0
          a426 (f3_add_1593)             0.000    0.000 2.88e-07 2.88e-07   0.0
          a236 (f3_add_1631)             0.000    0.000 2.88e-07 2.88e-07   0.0
          m700 (f3_mult_1158)            0.000    0.000 2.27e-07 2.27e-07   0.0
          m510 (f3_mult_1215)            0.000    0.000 2.16e-07 2.16e-07   0.0
          m702 (f3_mult_1157)            0.000    0.000 2.27e-07 2.27e-07   0.0
          m320 (f3_mult_1272)            0.000    0.000 2.27e-07 2.27e-07   0.0
          m512 (f3_mult_1214)            0.000    0.000 2.16e-07 2.16e-07   0.0
          m322 (f3_mult_1271)            0.000    0.000 2.27e-07 2.27e-07   0.0
          m708 (f3_mult_1156)            0.000    0.000 2.27e-07 2.27e-07   0.0
          a40 (f3_add_1672)              0.000    0.000 2.88e-07 2.88e-07   0.0
          m518 (f3_mult_1213)            0.000    0.000 2.16e-07 2.16e-07   0.0
          m136 (f3_mult_1327)            0.000    0.000 2.27e-07 2.27e-07   0.0
          m328 (f3_mult_1270)            0.000    0.000 2.27e-07 2.27e-07   0.0
          m138 (f3_mult_1326)            0.000    0.000 2.27e-07 2.27e-07   0.0
          a48 (f3_add_1671)              0.000    0.000 2.88e-07 2.88e-07   0.0
          a814 (f3_add_1516)             0.000    0.000 2.88e-07 2.88e-07   0.0
          a624 (f3_add_1554)             0.000    0.000 2.88e-07 2.88e-07   0.0
          a816 (f3_add_1515)             0.000    0.000 2.88e-07 2.88e-07   0.0
          a434 (f3_add_1592)             0.000    0.000 2.88e-07 2.88e-07   0.0
          a626 (f3_add_1553)             0.000    0.000 2.88e-07 2.88e-07   0.0
          a244 (f3_add_1630)             0.000    0.000 2.88e-07 2.88e-07   0.0
          a436 (f3_add_1591)             0.000    0.000 2.88e-07 2.88e-07   0.0
          a246 (f3_add_1629)             0.000    0.000 2.88e-07 2.88e-07   0.0
          m900 (f3_mult_1098)            0.000    0.000 2.16e-07 2.16e-07   0.0
          m710 (f3_mult_1155)            0.000    0.000 2.27e-07 2.27e-07   0.0
          m902 (f3_mult_1097)            0.000    0.000 2.16e-07 2.16e-07   0.0
          m520 (f3_mult_1212)            0.000    0.000 2.16e-07 2.16e-07   0.0
          m712 (f3_mult_1154)            0.000    0.000 2.27e-07 2.27e-07   0.0
          m330 (f3_mult_1269)            0.000    0.000 2.27e-07 2.27e-07   0.0
          m522 (f3_mult_1211)            0.000    0.000 2.16e-07 2.16e-07   0.0
          m140 (f3_mult_1325)            0.000    0.000 2.27e-07 2.27e-07   0.0
          m332 (f3_mult_1268)            0.000    0.000 2.27e-07 2.27e-07   0.0
          m908 (f3_mult_1096)            0.000    0.000 2.16e-07 2.16e-07   0.0
          m718 (f3_mult_1153)            0.000    0.000 2.27e-07 2.27e-07   0.0
          a50 (f3_add_1670)              0.000    0.000 2.88e-07 2.88e-07   0.0
          m528 (f3_mult_1210)            0.000    0.000 2.27e-07 2.27e-07   0.0
          m338 (f3_mult_1267)            0.000    0.000 2.16e-07 2.16e-07   0.0
          m148 (f3_mult_1324)            0.000    0.000 2.27e-07 2.27e-07   0.0
          a58 (f3_add_1669)              0.000    0.000 2.88e-07 2.88e-07   0.0
          a824 (f3_add_1514)             0.000    0.000 2.88e-07 2.88e-07   0.0
          a634 (f3_add_1552)             0.000    0.000 2.88e-07 2.88e-07   0.0
          a826 (f3_add_1513)             0.000    0.000 2.88e-07 2.88e-07   0.0
          a444 (f3_add_1590)             0.000    0.000 2.88e-07 2.88e-07   0.0
          a636 (f3_add_1551)             0.000    0.000 2.88e-07 2.88e-07   0.0
          m2 (f3_mult_1366)              0.000    0.000 2.27e-07 2.27e-07   0.0
          a254 (f3_add_1628)             0.000    0.000 2.88e-07 2.88e-07   0.0
          a446 (f3_add_1589)             0.000    0.000 2.88e-07 2.88e-07   0.0
          m4 (f3_mult_1365)              0.000    0.000 2.27e-07 2.27e-07   0.0
          a256 (f3_add_1627)             0.000    0.000 2.88e-07 2.88e-07   0.0
          m6 (f3_mult_1364)              0.000    0.000 2.27e-07 2.27e-07   0.0
          m910 (f3_mult_1095)            0.000    0.000 2.16e-07 2.16e-07   0.0
          m720 (f3_mult_1152)            0.000    0.000 2.27e-07 2.27e-07   0.0
          m912 (f3_mult_1094)            0.000    0.000 2.16e-07 2.16e-07   0.0
          m530 (f3_mult_1209)            0.000    0.000 2.27e-07 2.27e-07   0.0
          m722 (f3_mult_1151)            0.000    0.000 2.27e-07 2.27e-07   0.0
          m340 (f3_mult_1266)            0.000    0.000 2.16e-07 2.16e-07   0.0
          m532 (f3_mult_1208)            0.000    0.000 2.27e-07 2.27e-07   0.0
          m150 (f3_mult_1323)            0.000    0.000 2.27e-07 2.27e-07   0.0
          m342 (f3_mult_1265)            0.000    0.000 2.16e-07 2.16e-07   0.0
          m918 (f3_mult_1093)            0.000    0.000 2.05e-07 2.05e-07   0.0
          m152 (f3_mult_1322)            0.000    0.000 2.27e-07 2.27e-07   0.0
          m728 (f3_mult_1150)            0.000    0.000 2.16e-07 2.16e-07   0.0
          a60 (f3_add_1668)              0.000    0.000 2.88e-07 2.88e-07   0.0
          m538 (f3_mult_1207)            0.000    0.000 2.27e-07 2.27e-07   0.0
          m348 (f3_mult_1264)            0.000    0.000 2.16e-07 2.16e-07   0.0
          m158 (f3_mult_1321)            0.000    0.000 2.27e-07 2.27e-07   0.0
          a68 (f3_add_1667)              0.000    0.000 2.88e-07 2.88e-07   0.0
          a834 (f3_add_1512)             0.000    0.000 2.88e-07 2.88e-07   0.0
          a644 (f3_add_1550)             0.000    0.000 2.88e-07 2.88e-07   0.0
          a836 (f3_add_1511)             0.000    0.000 2.88e-07 2.88e-07   0.0
          a454 (f3_add_1588)             0.000    0.000 2.88e-07 2.88e-07   0.0
          a646 (f3_add_1549)             0.000    0.000 2.88e-07 2.88e-07   0.0
          a264 (f3_add_1626)             0.000    0.000 2.88e-07 2.88e-07   0.0
          a456 (f3_add_1587)             0.000    0.000 2.88e-07 2.88e-07   0.0
          a266 (f3_add_1625)             0.000    0.000 2.88e-07 2.88e-07   0.0
          m920 (f3_mult_1092)            0.000    0.000 2.05e-07 2.05e-07   0.0
          m12 (f3_mult_1363)             0.000    0.000 2.27e-07 2.27e-07   0.0
          m730 (f3_mult_1149)            0.000    0.000 2.16e-07 2.16e-07   0.0
          m922 (f3_mult_1091)            0.000    0.000 2.05e-07 2.05e-07   0.0
          m14 (f3_mult_1362)             0.000    0.000 2.27e-07 2.27e-07   0.0
          m540 (f3_mult_1206)            0.000    0.000 2.27e-07 2.27e-07   0.0
          m732 (f3_mult_1148)            0.000    0.000 2.16e-07 2.16e-07   0.0
          m16 (f3_mult_1361)             0.000    0.000 2.27e-07 2.27e-07   0.0
          m350 (f3_mult_1263)            0.000    0.000 2.16e-07 2.16e-07   0.0
          m542 (f3_mult_1205)            0.000    0.000 2.27e-07 2.27e-07   0.0
          m160 (f3_mult_1320)            0.000    0.000 2.27e-07 2.27e-07   0.0
          m352 (f3_mult_1262)            0.000    0.000 2.16e-07 2.16e-07   0.0
          m928 (f3_mult_1090)            0.000    0.000 2.05e-07 2.05e-07   0.0
          m162 (f3_mult_1319)            0.000    0.000 2.27e-07 2.27e-07   0.0
          m738 (f3_mult_1147)            0.000    0.000 2.16e-07 2.16e-07   0.0
          a70 (f3_add_1666)              0.000    0.000 2.88e-07 2.88e-07   0.0
          m548 (f3_mult_1204)            0.000    0.000 2.27e-07 2.27e-07   0.0
          m358 (f3_mult_1261)            0.000    0.000 2.16e-07 2.16e-07   0.0
          m168 (f3_mult_1318)            0.000    0.000 2.27e-07 2.27e-07   0.0
          a78 (f3_add_1665)              0.000    0.000 2.88e-07 2.88e-07   0.0
          a844 (f3_add_1510)             0.000    0.000 2.88e-07 2.88e-07   0.0
          a654 (f3_add_1548)             0.000    0.000 2.88e-07 2.88e-07   0.0
          a846 (f3_add_1509)             0.000    0.000 2.88e-07 2.88e-07   0.0
          a464 (f3_add_1586)             0.000    0.000 2.88e-07 2.88e-07   0.0
          a656 (f3_add_1547)             0.000    0.000 2.88e-07 2.88e-07   0.0
          a274 (f3_add_1624)             0.000    0.000 2.88e-07 2.88e-07   0.0
          a466 (f3_add_1585)             0.000    0.000 2.88e-07 2.88e-07   0.0
          a276 (f3_add_1623)             0.000    0.000 2.88e-07 2.88e-07   0.0
          m930 (f3_mult_1089)            0.000    0.000 2.05e-07 2.05e-07   0.0
          m22 (f3_mult_1360)             0.000    0.000 2.27e-07 2.27e-07   0.0
          m740 (f3_mult_1146)            0.000    0.000 2.16e-07 2.16e-07   0.0
          m932 (f3_mult_1088)            0.000    0.000 2.05e-07 2.05e-07   0.0
          m24 (f3_mult_1359)             0.000    0.000 2.27e-07 2.27e-07   0.0
          m550 (f3_mult_1203)            0.000    0.000 2.27e-07 2.27e-07   0.0
          m742 (f3_mult_1145)            0.000    0.000 2.16e-07 2.16e-07   0.0
          m26 (f3_mult_1358)             0.000    0.000 2.27e-07 2.27e-07   0.0
          m360 (f3_mult_1260)            0.000    0.000 2.16e-07 2.16e-07   0.0
          m552 (f3_mult_1202)            0.000    0.000 2.27e-07 2.27e-07   0.0
          m170 (f3_mult_1317)            0.000    0.000 2.27e-07 2.27e-07   0.0
          m362 (f3_mult_1259)            0.000    0.000 2.16e-07 2.16e-07   0.0
          m938 (f3_mult_1087)            0.000    0.000 2.05e-07 2.05e-07   0.0
          m172 (f3_mult_1316)            0.000    0.000 2.27e-07 2.27e-07   0.0
          m748 (f3_mult_1144)            0.000    0.000 2.16e-07 2.16e-07   0.0
          a80 (f3_add_1664)              0.000    0.000 2.88e-07 2.88e-07   0.0
          m558 (f3_mult_1201)            0.000    0.000 2.27e-07 2.27e-07   0.0
          m368 (f3_mult_1258)            0.000    0.000 2.16e-07 2.16e-07   0.0
          m178 (f3_mult_1315)            0.000    0.000 2.27e-07 2.27e-07   0.0
          a88 (f3_add_1663)              0.000    0.000 2.88e-07 2.88e-07   0.0
          a854 (f3_add_1508)             0.000    0.000 2.88e-07 2.88e-07   0.0
          a856 (f3_add_1507)             0.000    0.000 2.88e-07 2.88e-07   0.0
          a664 (f3_add_1546)             0.000    0.000 2.88e-07 2.88e-07   0.0
          a474 (f3_add_1584)             0.000    0.000 2.88e-07 2.88e-07   0.0
          a666 (f3_add_1545)             0.000    0.000 2.88e-07 2.88e-07   0.0
          a284 (f3_add_1622)             0.000    0.000 2.88e-07 2.88e-07   0.0
          a476 (f3_add_1583)             0.000    0.000 2.88e-07 2.88e-07   0.0
          a286 (f3_add_1621)             0.000    0.000 2.88e-07 2.88e-07   0.0
          m940 (f3_mult_1086)            0.000    0.000 2.05e-07 2.05e-07   0.0
          m32 (f3_mult_1357)             0.000    0.000 2.27e-07 2.27e-07   0.0
          m750 (f3_mult_1143)            0.000    0.000 2.16e-07 2.16e-07   0.0
          m942 (f3_mult_1085)            0.000    0.000 2.05e-07 2.05e-07   0.0
          m34 (f3_mult_1356)             0.000    0.000 2.27e-07 2.27e-07   0.0
          m560 (f3_mult_1200)            0.000    0.000 2.27e-07 2.27e-07   0.0
          m752 (f3_mult_1142)            0.000    0.000 2.16e-07 2.16e-07   0.0
          m36 (f3_mult_1355)             0.000    0.000 2.27e-07 2.27e-07   0.0
          m370 (f3_mult_1257)            0.000    0.000 2.16e-07 2.16e-07   0.0
          m562 (f3_mult_1199)            0.000    0.000 2.27e-07 2.27e-07   0.0
          m180 (f3_mult_1314)            0.000    0.000 2.27e-07 2.27e-07   0.0
          m372 (f3_mult_1256)            0.000    0.000 2.16e-07 2.16e-07   0.0
          m948 (f3_mult_1084)            0.000    0.000 2.05e-07 2.05e-07   0.0
          m182 (f3_mult_1313)            0.000    0.000 2.27e-07 2.27e-07   0.0
          m758 (f3_mult_1141)            0.000    0.000 2.16e-07 2.16e-07   0.0
          a90 (f3_add_1662)              0.000    0.000 2.88e-07 2.88e-07   0.0
          m568 (f3_mult_1198)            0.000    0.000 2.27e-07 2.27e-07   0.0
          m378 (f3_mult_1255)            0.000    0.000 2.16e-07 2.16e-07   0.0
          m188 (f3_mult_1312)            0.000    0.000 2.27e-07 2.27e-07   0.0
          a98 (f3_add_1661)              0.000    0.000 2.88e-07 2.88e-07   0.0
          a864 (f3_add_1506)             0.000    0.000 2.88e-07 2.88e-07   0.0
          a674 (f3_add_1544)             0.000    0.000 2.88e-07 2.88e-07   0.0
          a866 (f3_add_1505)             0.000    0.000 2.88e-07 2.88e-07   0.0
          a484 (f3_add_1582)             0.000    0.000 2.88e-07 2.88e-07   0.0
          a676 (f3_add_1543)             0.000    0.000 2.88e-07 2.88e-07   0.0
          a294 (f3_add_1620)             0.000    0.000 2.88e-07 2.88e-07   0.0
          a486 (f3_add_1581)             0.000    0.000 2.88e-07 2.88e-07   0.0
          a296 (f3_add_1619)             0.000    0.000 2.88e-07 2.88e-07   0.0
          m950 (f3_mult_1083)            0.000    0.000 2.05e-07 2.05e-07   0.0
          m42 (f3_mult_1354)             0.000    0.000 2.27e-07 2.27e-07   0.0
          m760 (f3_mult_1140)            0.000    0.000 2.16e-07 2.16e-07   0.0
          m952 (f3_mult_1082)            0.000    0.000 2.05e-07 2.05e-07   0.0
          m44 (f3_mult_1353)             0.000    0.000 2.27e-07 2.27e-07   0.0
          m570 (f3_mult_1197)            0.000    0.000 2.27e-07 2.27e-07   0.0
          m762 (f3_mult_1139)            0.000    0.000 2.16e-07 2.16e-07   0.0
          m46 (f3_mult_1352)             0.000    0.000 2.27e-07 2.27e-07   0.0
          m380 (f3_mult_1254)            0.000    0.000 2.16e-07 2.16e-07   0.0
          m572 (f3_mult_1196)            0.000    0.000 2.27e-07 2.27e-07   0.0
          m190 (f3_mult_1311)            0.000    0.000 2.27e-07 2.27e-07   0.0
          m382 (f3_mult_1253)            0.000    0.000 2.16e-07 2.16e-07   0.0
          m958 (f3_mult_1081)            0.000    0.000 2.05e-07 2.05e-07   0.0
          m192 (f3_mult_1310)            0.000    0.000 2.27e-07 2.27e-07   0.0
          m768 (f3_mult_1138)            0.000    0.000 2.16e-07 2.16e-07   0.0
          m578 (f3_mult_1195)            0.000    0.000 2.27e-07 2.27e-07   0.0
          m388 (f3_mult_1252)            0.000    0.000 2.16e-07 2.16e-07   0.0
          a100 (f3_add_1660)             0.000    0.000 2.88e-07 2.88e-07   0.0
          m198 (f3_mult_1309)            0.000    0.000 2.27e-07 2.27e-07   0.0
          a874 (f3_add_1504)             0.000    0.000 2.88e-07 2.88e-07   0.0
          a108 (f3_add_1659)             0.000    0.000 2.88e-07 2.88e-07   0.0
          a684 (f3_add_1542)             0.000    0.000 2.88e-07 2.88e-07   0.0
          a876 (f3_add_1503)             0.000    0.000 2.88e-07 2.88e-07   0.0
          a494 (f3_add_1580)             0.000    0.000 2.88e-07 2.88e-07   0.0
          a686 (f3_add_1541)             0.000    0.000 2.88e-07 2.88e-07   0.0
          a496 (f3_add_1579)             0.000    0.000 2.88e-07 2.88e-07   0.0
          m960 (f3_mult_1080)            0.000    0.000 2.05e-07 2.05e-07   0.0
          m52 (f3_mult_1351)             0.000    0.000 2.27e-07 2.27e-07   0.0
          m770 (f3_mult_1137)            0.000    0.000 2.16e-07 2.16e-07   0.0
          m962 (f3_mult_1079)            0.000    0.000 2.05e-07 2.05e-07   0.0
          m54 (f3_mult_1350)             0.000    0.000 2.27e-07 2.27e-07   0.0
          m580 (f3_mult_1194)            0.000    0.000 2.27e-07 2.27e-07   0.0
          m772 (f3_mult_1136)            0.000    0.000 2.16e-07 2.16e-07   0.0
          m56 (f3_mult_1349)             0.000    0.000 2.27e-07 2.27e-07   0.0
          m390 (f3_mult_1251)            0.000    0.000 2.16e-07 2.16e-07   0.0
          m582 (f3_mult_1193)            0.000    0.000 2.27e-07 2.27e-07   0.0
          m392 (f3_mult_1250)            0.000    0.000 2.16e-07 2.16e-07   0.0
          m968 (f3_mult_1078)            0.000    0.000 2.05e-07 2.05e-07   0.0
          m778 (f3_mult_1135)            0.000    0.000 2.16e-07 2.16e-07   0.0
          m588 (f3_mult_1192)            0.000    0.000 2.27e-07 2.27e-07   0.0
          m398 (f3_mult_1249)            0.000    0.000 2.27e-07 2.27e-07   0.0
          a110 (f3_add_1658)             0.000    0.000 2.88e-07 2.88e-07   0.0
          a304 (f3_add_1618)             0.000    0.000 2.88e-07 2.88e-07   0.0
          a306 (f3_add_1617)             0.000    0.000 2.88e-07 2.88e-07   0.0
          a884 (f3_add_1502)             0.000    0.000 2.88e-07 2.88e-07   0.0
          a118 (f3_add_1657)             0.000    0.000 2.88e-07 2.88e-07   0.0
          a694 (f3_add_1540)             0.000    0.000 2.88e-07 2.88e-07   0.0
          a886 (f3_add_1501)             0.000    0.000 2.88e-07 2.88e-07   0.0
          a696 (f3_add_1539)             0.000    0.000 2.88e-07 2.88e-07   0.0
          m200 (f3_mult_1308)            0.000    0.000 2.27e-07 2.27e-07   0.0
          m202 (f3_mult_1307)            0.000    0.000 2.27e-07 2.27e-07   0.0
          m970 (f3_mult_1077)            0.000    0.000 2.05e-07 2.05e-07   0.0
          m62 (f3_mult_1348)             0.000    0.000 2.27e-07 2.27e-07   0.0
          m780 (f3_mult_1134)            0.000    0.000 2.16e-07 2.16e-07   0.0
          m972 (f3_mult_1076)            0.000    0.000 2.05e-07 2.05e-07   0.0
          m64 (f3_mult_1347)             0.000    0.000 2.27e-07 2.27e-07   0.0
          m590 (f3_mult_1191)            0.000    0.000 2.27e-07 2.27e-07   0.0
          m782 (f3_mult_1133)            0.000    0.000 2.16e-07 2.16e-07   0.0
          m66 (f3_mult_1346)             0.000    0.000 2.27e-07 2.27e-07   0.0
          m208 (f3_mult_1306)            0.000    0.000 2.16e-07 2.16e-07   0.0
          m592 (f3_mult_1190)            0.000    0.000 2.27e-07 2.27e-07   0.0
          m788 (f3_mult_1132)            0.000    0.000 2.27e-07 2.27e-07   0.0
          m598 (f3_mult_1189)            0.000    0.000 2.16e-07 2.16e-07   0.0
          a120 (f3_add_1656)             0.000    0.000 2.88e-07 2.88e-07   0.0
          a504 (f3_add_1578)             0.000    0.000 2.88e-07 2.88e-07   0.0
          a314 (f3_add_1616)             0.000    0.000 2.88e-07 2.88e-07   0.0
          a506 (f3_add_1577)             0.000    0.000 2.88e-07 2.88e-07   0.0
          a316 (f3_add_1615)             0.000    0.000 2.88e-07 2.88e-07   0.0
          a894 (f3_add_1500)             0.000    0.000 2.88e-07 2.88e-07   0.0
          a128 (f3_add_1655)             0.000    0.000 2.88e-07 2.88e-07   0.0
          a896 (f3_add_1499)             0.000    0.000 2.88e-07 2.88e-07   0.0
          m400 (f3_mult_1248)            0.000    0.000 2.27e-07 2.27e-07   0.0
          m210 (f3_mult_1305)            0.000    0.000 2.16e-07 2.16e-07   0.0
          m402 (f3_mult_1247)            0.000    0.000 2.27e-07 2.27e-07   0.0
          m212 (f3_mult_1304)            0.000    0.000 2.16e-07 2.16e-07   0.0
          m72 (f3_mult_1345)             0.000    0.000 2.16e-07 2.16e-07   0.0
          m790 (f3_mult_1131)            0.000    0.000 2.27e-07 2.27e-07   0.0
          m74 (f3_mult_1344)             0.000    0.000 2.16e-07 2.16e-07   0.0
          m408 (f3_mult_1246)            0.000    0.000 2.27e-07 2.27e-07   0.0
          m792 (f3_mult_1130)            0.000    0.000 2.27e-07 2.27e-07   0.0
          m76 (f3_mult_1343)             0.000    0.000 2.16e-07 2.16e-07   0.0
          m218 (f3_mult_1303)            0.000    0.000 2.16e-07 2.16e-07   0.0
          m798 (f3_mult_1129)            0.000    0.000 2.27e-07 2.27e-07   0.0
          a704 (f3_add_1538)             0.000    0.000 2.88e-07 2.88e-07   0.0
          a130 (f3_add_1654)             0.000    0.000 2.88e-07 2.88e-07   0.0
          a514 (f3_add_1576)             0.000    0.000 2.88e-07 2.88e-07   0.0
          a706 (f3_add_1537)             0.000    0.000 2.88e-07 2.88e-07   0.0
          a132 (f3_add_1653)             0.000    0.000 2.88e-07 2.88e-07   0.0
          a324 (f3_add_1614)             0.000    0.000 2.88e-07 2.88e-07   0.0
          a516 (f3_add_1575)             0.000    0.000 2.88e-07 2.88e-07   0.0
          a134 (f3_add_1652)             0.000    0.000 2.88e-07 2.88e-07   0.0
          a326 (f3_add_1613)             0.000    0.000 2.88e-07 2.88e-07   0.0
          m600 (f3_mult_1188)            0.000    0.000 2.16e-07 2.16e-07   0.0
          m410 (f3_mult_1245)            0.000    0.000 2.27e-07 2.27e-07   0.0
          m602 (f3_mult_1187)            0.000    0.000 2.16e-07 2.16e-07   0.0
          m220 (f3_mult_1302)            0.000    0.000 2.16e-07 2.16e-07   0.0
          m412 (f3_mult_1244)            0.000    0.000 2.27e-07 2.27e-07   0.0
          m222 (f3_mult_1301)            0.000    0.000 2.16e-07 2.16e-07   0.0
          m608 (f3_mult_1186)            0.000    0.000 2.16e-07 2.16e-07   0.0
          m82 (f3_mult_1342)             0.000    0.000 2.16e-07 2.16e-07   0.0
          m418 (f3_mult_1243)            0.000    0.000 2.27e-07 2.27e-07   0.0
          m84 (f3_mult_1341)             0.000    0.000 2.16e-07 2.16e-07   0.0
          m228 (f3_mult_1300)            0.000    0.000 2.16e-07 2.16e-07   0.0
          m86 (f3_mult_1340)             0.000    0.000 2.16e-07 2.16e-07   0.0
          a904 (f3_add_1498)             0.000    0.000 2.88e-07 2.88e-07   0.0
          a714 (f3_add_1536)             0.000    0.000 2.88e-07 2.88e-07   0.0
          a906 (f3_add_1497)             0.000    0.000 2.88e-07 2.88e-07   0.0
          a8 (f3_add_1679)               0.000    0.000 2.88e-07 2.88e-07   0.0
          a524 (f3_add_1574)             0.000    0.000 2.88e-07 2.88e-07   0.0
          a716 (f3_add_1535)             0.000    0.000 2.88e-07 2.88e-07   0.0
          a142 (f3_add_1651)             0.000    0.000 2.88e-07 2.88e-07   0.0
          a334 (f3_add_1612)             0.000    0.000 2.88e-07 2.88e-07   0.0
          a526 (f3_add_1573)             0.000    0.000 2.88e-07 2.88e-07   0.0
          a144 (f3_add_1650)             0.000    0.000 2.88e-07 2.88e-07   0.0
          a336 (f3_add_1611)             0.000    0.000 2.88e-07 2.88e-07   0.0
          a146 (f3_add_1649)             0.000    0.000 2.88e-07 2.88e-07   0.0
          m800 (f3_mult_1128)            0.000    0.000 2.27e-07 2.27e-07   0.0
          m610 (f3_mult_1185)            0.000    0.000 2.16e-07 2.16e-07   0.0
          m802 (f3_mult_1127)            0.000    0.000 2.27e-07 2.27e-07   0.0
          m420 (f3_mult_1242)            0.000    0.000 2.27e-07 2.27e-07   0.0
          m612 (f3_mult_1184)            0.000    0.000 2.16e-07 2.16e-07   0.0
          m230 (f3_mult_1299)            0.000    0.000 2.16e-07 2.16e-07   0.0
          m422 (f3_mult_1241)            0.000    0.000 2.27e-07 2.27e-07   0.0
          m232 (f3_mult_1298)            0.000    0.000 2.16e-07 2.16e-07   0.0
          m808 (f3_mult_1126)            0.000    0.000 2.27e-07 2.27e-07   0.0
          m618 (f3_mult_1183)            0.000    0.000 2.16e-07 2.16e-07   0.0
          m92 (f3_mult_1339)             0.000    0.000 2.16e-07 2.16e-07   0.0
          m428 (f3_mult_1240)            0.000    0.000 2.27e-07 2.27e-07   0.0
          m94 (f3_mult_1338)             0.000    0.000 2.16e-07 2.16e-07   0.0
          m238 (f3_mult_1297)            0.000    0.000 2.16e-07 2.16e-07   0.0
          m96 (f3_mult_1337)             0.000    0.000 2.16e-07 2.16e-07   0.0
          a914 (f3_add_1496)             0.000    0.000 2.88e-07 2.88e-07   0.0
          a724 (f3_add_1534)             0.000    0.000 2.88e-07 2.88e-07   0.0
          a916 (f3_add_1495)             0.000    0.000 2.88e-07 2.88e-07   0.0
          a534 (f3_add_1572)             0.000    0.000 2.88e-07 2.88e-07   0.0
          a726 (f3_add_1533)             0.000    0.000 2.88e-07 2.88e-07   0.0
          a344 (f3_add_1610)             0.000    0.000 2.88e-07 2.88e-07   0.0
          a536 (f3_add_1571)             0.000    0.000 2.88e-07 2.88e-07   0.0
          a154 (f3_add_1648)             0.000    0.000 2.88e-07 2.88e-07   0.0
          a346 (f3_add_1609)             0.000    0.000 2.88e-07 2.88e-07   0.0
          a156 (f3_add_1647)             0.000    0.000 2.88e-07 2.88e-07   0.0
          m810 (f3_mult_1125)            0.000    0.000 2.27e-07 2.27e-07   0.0
          m620 (f3_mult_1182)            0.000    0.000 2.16e-07 2.16e-07   0.0
          m812 (f3_mult_1124)            0.000    0.000 2.27e-07 2.27e-07   0.0
          m430 (f3_mult_1239)            0.000    0.000 2.27e-07 2.27e-07   0.0
          m622 (f3_mult_1181)            0.000    0.000 2.16e-07 2.16e-07   0.0
          m240 (f3_mult_1296)            0.000    0.000 2.16e-07 2.16e-07   0.0
          m432 (f3_mult_1238)            0.000    0.000 2.27e-07 2.27e-07   0.0
          m242 (f3_mult_1295)            0.000    0.000 2.16e-07 2.16e-07   0.0
          m818 (f3_mult_1123)            0.000    0.000 2.27e-07 2.27e-07   0.0
          m628 (f3_mult_1180)            0.000    0.000 2.16e-07 2.16e-07   0.0
          m438 (f3_mult_1237)            0.000    0.000 2.27e-07 2.27e-07   0.0
          m248 (f3_mult_1294)            0.000    0.000 2.16e-07 2.16e-07   0.0
          a924 (f3_add_1494)             0.000    0.000 2.88e-07 2.88e-07   0.0
          a734 (f3_add_1532)             0.000    0.000 2.88e-07 2.88e-07   0.0
          a926 (f3_add_1493)             0.000    0.000 2.88e-07 2.88e-07   0.0
          a544 (f3_add_1570)             0.000    0.000 2.88e-07 2.88e-07   0.0
          a736 (f3_add_1531)             0.000    0.000 2.88e-07 2.88e-07   0.0
          a354 (f3_add_1608)             0.000    0.000 2.88e-07 2.88e-07   0.0
          a546 (f3_add_1569)             0.000    0.000 2.88e-07 2.88e-07   0.0
          a164 (f3_add_1646)             0.000    0.000 2.88e-07 2.88e-07   0.0
          a356 (f3_add_1607)             0.000    0.000 2.88e-07 2.88e-07   0.0
          a166 (f3_add_1645)             0.000    0.000 2.88e-07 2.88e-07   0.0
          m820 (f3_mult_1122)            0.000    0.000 2.27e-07 2.27e-07   0.0
          m630 (f3_mult_1179)            0.000    0.000 2.16e-07 2.16e-07   0.0
          m822 (f3_mult_1121)            0.000    0.000 2.27e-07 2.27e-07   0.0
          m440 (f3_mult_1236)            0.000    0.000 2.27e-07 2.27e-07   0.0
          m632 (f3_mult_1178)            0.000    0.000 2.16e-07 2.16e-07   0.0
          m250 (f3_mult_1293)            0.000    0.000 2.16e-07 2.16e-07   0.0
          m442 (f3_mult_1235)            0.000    0.000 2.27e-07 2.27e-07   0.0
          m252 (f3_mult_1292)            0.000    0.000 2.16e-07 2.16e-07   0.0
          m828 (f3_mult_1120)            0.000    0.000 2.27e-07 2.27e-07   0.0
          m638 (f3_mult_1177)            0.000    0.000 2.16e-07 2.16e-07   0.0
          m448 (f3_mult_1234)            0.000    0.000 2.27e-07 2.27e-07   0.0
          m258 (f3_mult_1291)            0.000    0.000 2.16e-07 2.16e-07   0.0
          a934 (f3_add_1492)             0.000    0.000 2.88e-07 2.88e-07   0.0
        ins2 (f3m_add_2)                 0.000    0.000 2.79e-05 2.79e-05   0.5
          aa_59__aa (f3_add_1423)        0.000    0.000 2.88e-07 2.88e-07   0.0
          aa_90__aa (f3_add_1392)        0.000    0.000 2.88e-07 2.88e-07   0.0
          aa_3__aa (f3_add_1479)         0.000    0.000 2.88e-07 2.88e-07   0.0
          aa_52__aa (f3_add_1430)        0.000    0.000 2.88e-07 2.88e-07   0.0
          aa_67__aa (f3_add_1415)        0.000    0.000 2.88e-07 2.88e-07   0.0
          aa_14__aa (f3_add_1468)        0.000    0.000 2.88e-07 2.88e-07   0.0
          aa_29__aa (f3_add_1453)        0.000    0.000 2.88e-07 2.88e-07   0.0
          aa_60__aa (f3_add_1422)        0.000    0.000 2.88e-07 2.88e-07   0.0
          aa_75__aa (f3_add_1407)        0.000    0.000 2.88e-07 2.88e-07   0.0
          aa_22__aa (f3_add_1460)        0.000    0.000 2.88e-07 2.88e-07   0.0
          aa_37__aa (f3_add_1445)        0.000    0.000 2.88e-07 2.88e-07   0.0
          aa_83__aa (f3_add_1399)        0.000    0.000 2.88e-07 2.88e-07   0.0
          aa_30__aa (f3_add_1452)        0.000    0.000 2.88e-07 2.88e-07   0.0
          aa_45__aa (f3_add_1437)        0.000    0.000 2.88e-07 2.88e-07   0.0
          aa_91__aa (f3_add_1391)        0.000    0.000 2.88e-07 2.88e-07   0.0
          aa_4__aa (f3_add_1478)         0.000    0.000 2.88e-07 2.88e-07   0.0
          aa_53__aa (f3_add_1429)        0.000    0.000 2.88e-07 2.88e-07   0.0
          aa_68__aa (f3_add_1414)        0.000    0.000 2.88e-07 2.88e-07   0.0
          aa_15__aa (f3_add_1467)        0.000    0.000 2.88e-07 2.88e-07   0.0
          aa_61__aa (f3_add_1421)        0.000    0.000 2.88e-07 2.88e-07   0.0
          aa_76__aa (f3_add_1406)        0.000    0.000 2.88e-07 2.88e-07   0.0
          aa_23__aa (f3_add_1459)        0.000    0.000 2.88e-07 2.88e-07   0.0
          aa_38__aa (f3_add_1444)        0.000    0.000 2.88e-07 2.88e-07   0.0
          aa_84__aa (f3_add_1398)        0.000    0.000 2.88e-07 2.88e-07   0.0
          aa_31__aa (f3_add_1451)        0.000    0.000 2.88e-07 2.88e-07   0.0
          aa_46__aa (f3_add_1436)        0.000    0.000 2.88e-07 2.88e-07   0.0
          aa_92__aa (f3_add_1390)        0.000    0.000 2.88e-07 2.88e-07   0.0
          aa_5__aa (f3_add_1477)         0.000    0.000 2.88e-07 2.88e-07   0.0
          aa_54__aa (f3_add_1428)        0.000    0.000 2.88e-07 2.88e-07   0.0
          aa_69__aa (f3_add_1413)        0.000    0.000 2.88e-07 2.88e-07   0.0
          aa_16__aa (f3_add_1466)        0.000    0.000 2.88e-07 2.88e-07   0.0
          aa_62__aa (f3_add_1420)        0.000    0.000 2.88e-07 2.88e-07   0.0
          aa_77__aa (f3_add_1405)        0.000    0.000 2.88e-07 2.88e-07   0.0
          aa_24__aa (f3_add_1458)        0.000    0.000 2.88e-07 2.88e-07   0.0
          aa_39__aa (f3_add_1443)        0.000    0.000 2.88e-07 2.88e-07   0.0
          aa_70__aa (f3_add_1412)        0.000    0.000 2.88e-07 2.88e-07   0.0
          aa_85__aa (f3_add_1397)        0.000    0.000 2.88e-07 2.88e-07   0.0
          aa_32__aa (f3_add_1450)        0.000    0.000 2.88e-07 2.88e-07   0.0
          aa_47__aa (f3_add_1435)        0.000    0.000 2.88e-07 2.88e-07   0.0
          aa_93__aa (f3_add_1389)        0.000    0.000 2.88e-07 2.88e-07   0.0
          aa_40__aa (f3_add_1442)        0.000    0.000 2.88e-07 2.88e-07   0.0
          aa_6__aa (f3_add_1476)         0.000    0.000 2.88e-07 2.88e-07   0.0
          aa_55__aa (f3_add_1427)        0.000    0.000 2.88e-07 2.88e-07   0.0
          aa_17__aa (f3_add_1465)        0.000    0.000 2.88e-07 2.88e-07   0.0
          aa_10__aa (f3_add_1472)        0.000    0.000 2.88e-07 2.88e-07   0.0
          aa_63__aa (f3_add_1419)        0.000    0.000 2.88e-07 2.88e-07   0.0
          aa_78__aa (f3_add_1404)        0.000    0.000 2.88e-07 2.88e-07   0.0
          aa_25__aa (f3_add_1457)        0.000    0.000 2.88e-07 2.88e-07   0.0
          aa_71__aa (f3_add_1411)        0.000    0.000 2.88e-07 2.88e-07   0.0
          aa_86__aa (f3_add_1396)        0.000    0.000 2.88e-07 2.88e-07   0.0
          aa_33__aa (f3_add_1449)        0.000    0.000 2.88e-07 2.88e-07   0.0
          aa_48__aa (f3_add_1434)        0.000    0.000 2.88e-07 2.88e-07   0.0
          aa_94__aa (f3_add_1388)        0.000    0.000 2.88e-07 2.88e-07   0.0
          aa_41__aa (f3_add_1441)        0.000    0.000 2.88e-07 2.88e-07   0.0
          aa_7__aa (f3_add_1475)         0.000    0.000 2.88e-07 2.88e-07   0.0
          aa_56__aa (f3_add_1426)        0.000    0.000 2.88e-07 2.88e-07   0.0
          aa_18__aa (f3_add_1464)        0.000    0.000 2.88e-07 2.88e-07   0.0
          aa_0__aa (f3_add_1482)         0.000    0.000 2.88e-07 2.88e-07   0.0
          aa_11__aa (f3_add_1471)        0.000    0.000 2.88e-07 2.88e-07   0.0
          aa_64__aa (f3_add_1418)        0.000    0.000 2.88e-07 2.88e-07   0.0
          aa_79__aa (f3_add_1403)        0.000    0.000 2.88e-07 2.88e-07   0.0
          aa_26__aa (f3_add_1456)        0.000    0.000 2.88e-07 2.88e-07   0.0
          aa_72__aa (f3_add_1410)        0.000    0.000 2.88e-07 2.88e-07   0.0
          aa_87__aa (f3_add_1395)        0.000    0.000 2.88e-07 2.88e-07   0.0
          aa_34__aa (f3_add_1448)        0.000    0.000 2.88e-07 2.88e-07   0.0
          aa_49__aa (f3_add_1433)        0.000    0.000 2.88e-07 2.88e-07   0.0
          aa_80__aa (f3_add_1402)        0.000    0.000 2.88e-07 2.88e-07   0.0
          aa_95__aa (f3_add_1387)        0.000    0.000 2.88e-07 2.88e-07   0.0
          aa_42__aa (f3_add_1440)        0.000    0.000 2.88e-07 2.88e-07   0.0
          aa_8__aa (f3_add_1474)         0.000    0.000 2.88e-07 2.88e-07   0.0
          aa_57__aa (f3_add_1425)        0.000    0.000 2.88e-07 2.88e-07   0.0
          aa_1__aa (f3_add_1481)         0.000    0.000 2.88e-07 2.88e-07   0.0
          aa_19__aa (f3_add_1463)        0.000    0.000 2.88e-07 2.88e-07   0.0
          aa_50__aa (f3_add_1432)        0.000    0.000 2.88e-07 2.88e-07   0.0
          aa_12__aa (f3_add_1470)        0.000    0.000 2.88e-07 2.88e-07   0.0
          aa_65__aa (f3_add_1417)        0.000    0.000 2.88e-07 2.88e-07   0.0
          aa_27__aa (f3_add_1455)        0.000    0.000 2.88e-07 2.88e-07   0.0
          aa_73__aa (f3_add_1409)        0.000    0.000 2.88e-07 2.88e-07   0.0
          aa_20__aa (f3_add_1462)        0.000    0.000 2.88e-07 2.88e-07   0.0
          aa_88__aa (f3_add_1394)        0.000    0.000 2.88e-07 2.88e-07   0.0
          aa_35__aa (f3_add_1447)        0.000    0.000 2.88e-07 2.88e-07   0.0
          aa_81__aa (f3_add_1401)        0.000    0.000 2.88e-07 2.88e-07   0.0
          aa_96__aa (f3_add_1386)        0.000    0.000 2.88e-07 2.88e-07   0.0
          aa_43__aa (f3_add_1439)        0.000    0.000 2.88e-07 2.88e-07   0.0
          aa_9__aa (f3_add_1473)         0.000    0.000 2.88e-07 2.88e-07   0.0
          aa_58__aa (f3_add_1424)        0.000    0.000 2.88e-07 2.88e-07   0.0
          aa_2__aa (f3_add_1480)         0.000    0.000 2.88e-07 2.88e-07   0.0
          aa_51__aa (f3_add_1431)        0.000    0.000 2.88e-07 2.88e-07   0.0
          aa_66__aa (f3_add_1416)        0.000    0.000 2.88e-07 2.88e-07   0.0
          aa_13__aa (f3_add_1469)        0.000    0.000 2.88e-07 2.88e-07   0.0
          aa_28__aa (f3_add_1454)        0.000    0.000 2.88e-07 2.88e-07   0.0
          aa_74__aa (f3_add_1408)        0.000    0.000 2.88e-07 2.88e-07   0.0
          aa_21__aa (f3_add_1461)        0.000    0.000 2.88e-07 2.88e-07   0.0
          aa_89__aa (f3_add_1393)        0.000    0.000 2.88e-07 2.88e-07   0.0
          aa_36__aa (f3_add_1446)        0.000    0.000 2.88e-07 2.88e-07   0.0
          aa_82__aa (f3_add_1400)        0.000    0.000 2.88e-07 2.88e-07   0.0
          aa_44__aa (f3_add_1438)        0.000    0.000 2.88e-07 2.88e-07   0.0
        ins3 (func7_2)                   0.000    0.000 1.03e-05 1.03e-05   0.2
          a0 (f3_add_1385)               0.000    0.000 2.88e-07 2.88e-07   0.0
          a1 (f3_add_1384)               0.000    0.000 2.88e-07 2.88e-07   0.0
          a2 (f3_add_1383)               0.000    0.000 2.88e-07 2.88e-07   0.0
      ins3 (f3m_cubic_1)                 0.000    0.000 2.78e-05 2.78e-05   0.5
        a40 (f3_add_2204)                0.000    0.000 2.88e-07 2.88e-07   0.0
        a41 (f3_add_2203)                0.000    0.000 2.88e-07 2.88e-07   0.0
        a42 (f3_add_2202)                0.000    0.000 2.88e-07 2.88e-07   0.0
        a43 (f3_add_2201)                0.000    0.000 2.88e-07 2.88e-07   0.0
        a44 (f3_add_2200)                0.000    0.000 2.88e-07 2.88e-07   0.0
        a45 (f3_add_2199)                0.000    0.000 2.88e-07 2.88e-07   0.0
        a46 (f3_add_2198)                0.000    0.000 2.88e-07 2.88e-07   0.0
        a47 (f3_add_2197)                0.000    0.000 2.88e-07 2.88e-07   0.0
        a48 (f3_add_2196)                0.000    0.000 2.88e-07 2.88e-07   0.0
        a49 (f3_add_2195)                0.000    0.000 2.88e-07 2.88e-07   0.0
        a50 (f3_add_2194)                0.000    0.000 2.88e-07 2.88e-07   0.0
        a51 (f3_add_2193)                0.000    0.000 2.88e-07 2.88e-07   0.0
        a52 (f3_add_2192)                0.000    0.000 2.88e-07 2.88e-07   0.0
        a53 (f3_add_2191)                0.000    0.000 2.88e-07 2.88e-07   0.0
        a54 (f3_add_2190)                0.000    0.000 2.88e-07 2.88e-07   0.0
        a55 (f3_add_2189)                0.000    0.000 2.88e-07 2.88e-07   0.0
        a56 (f3_add_2188)                0.000    0.000 2.88e-07 2.88e-07   0.0
        a57 (f3_add_2187)                0.000    0.000 2.88e-07 2.88e-07   0.0
        a58 (f3_add_2186)                0.000    0.000 2.88e-07 2.88e-07   0.0
        a59 (f3_add_2185)                0.000    0.000 2.88e-07 2.88e-07   0.0
        a60 (f3_add_2184)                0.000    0.000 2.88e-07 2.88e-07   0.0
        a61 (f3_add_2183)                0.000    0.000 2.88e-07 2.88e-07   0.0
        a62 (f3_add_2182)                0.000    0.000 2.88e-07 2.88e-07   0.0
        a63 (f3_add_2181)                0.000    0.000 2.88e-07 2.88e-07   0.0
        a64 (f3_add_2180)                0.000    0.000 2.88e-07 2.88e-07   0.0
        a65 (f3_add_2179)                0.000    0.000 2.88e-07 2.88e-07   0.0
        a66 (f3_add_2178)                0.000    0.000 2.88e-07 2.88e-07   0.0
        a67 (f3_add_2177)                0.000    0.000 2.88e-07 2.88e-07   0.0
        a68 (f3_add_2176)                0.000    0.000 2.88e-07 2.88e-07   0.0
        a10 (f3_add_2234)                0.000    0.000 2.88e-07 2.88e-07   0.0
        a69 (f3_add_2175)                0.000    0.000 2.88e-07 2.88e-07   0.0
        a11 (f3_add_2233)                0.000    0.000 2.88e-07 2.88e-07   0.0
        a12 (f3_add_2232)                0.000    0.000 2.88e-07 2.88e-07   0.0
        a13 (f3_add_2231)                0.000    0.000 2.88e-07 2.88e-07   0.0
        a14 (f3_add_2230)                0.000    0.000 2.88e-07 2.88e-07   0.0
        a15 (f3_add_2229)                0.000    0.000 2.88e-07 2.88e-07   0.0
        a16 (f3_add_2228)                0.000    0.000 2.88e-07 2.88e-07   0.0
        a17 (f3_add_2227)                0.000    0.000 2.88e-07 2.88e-07   0.0
        a18 (f3_add_2226)                0.000    0.000 2.88e-07 2.88e-07   0.0
        a19 (f3_add_2225)                0.000    0.000 2.88e-07 2.88e-07   0.0
        a70 (f3_add_2174)                0.000    0.000 2.88e-07 2.88e-07   0.0
        a71 (f3_add_2173)                0.000    0.000 2.88e-07 2.88e-07   0.0
        a72 (f3_add_2172)                0.000    0.000 2.88e-07 2.88e-07   0.0
        a73 (f3_add_2171)                0.000    0.000 2.88e-07 2.88e-07   0.0
        a74 (f3_add_2170)                0.000    0.000 2.88e-07 2.88e-07   0.0
        a75 (f3_add_2169)                0.000    0.000 2.88e-07 2.88e-07   0.0
        a76 (f3_add_2168)                0.000    0.000 2.88e-07 2.88e-07   0.0
        a77 (f3_add_2167)                0.000    0.000 2.88e-07 2.88e-07   0.0
        a78 (f3_add_2166)                0.000    0.000 2.88e-07 2.88e-07   0.0
        a20 (f3_add_2224)                0.000    0.000 2.88e-07 2.88e-07   0.0
        a79 (f3_add_2165)                0.000    0.000 2.88e-07 2.88e-07   0.0
        a21 (f3_add_2223)                0.000    0.000 2.88e-07 2.88e-07   0.0
        a22 (f3_add_2222)                0.000    0.000 2.88e-07 2.88e-07   0.0
        a23 (f3_add_2221)                0.000    0.000 2.88e-07 2.88e-07   0.0
        a24 (f3_add_2220)                0.000    0.000 2.88e-07 2.88e-07   0.0
        a25 (f3_add_2219)                0.000    0.000 2.88e-07 2.88e-07   0.0
        a26 (f3_add_2218)                0.000    0.000 2.88e-07 2.88e-07   0.0
        a27 (f3_add_2217)                0.000    0.000 2.88e-07 2.88e-07   0.0
        a28 (f3_add_2216)                0.000    0.000 2.88e-07 2.88e-07   0.0
        a0 (f3_add_2244)                 0.000    0.000 2.88e-07 2.88e-07   0.0
        a29 (f3_add_2215)                0.000    0.000 2.88e-07 2.88e-07   0.0
        a1 (f3_add_2243)                 0.000    0.000 2.88e-07 2.88e-07   0.0
        a2 (f3_add_2242)                 0.000    0.000 2.88e-07 2.88e-07   0.0
        a3 (f3_add_2241)                 0.000    0.000 2.88e-07 2.88e-07   0.0
        a4 (f3_add_2240)                 0.000    0.000 2.88e-07 2.88e-07   0.0
        a5 (f3_add_2239)                 0.000    0.000 2.88e-07 2.88e-07   0.0
        a6 (f3_add_2238)                 0.000    0.000 2.88e-07 2.88e-07   0.0
        a7 (f3_add_2237)                 0.000    0.000 2.88e-07 2.88e-07   0.0
        a8 (f3_add_2236)                 0.000    0.000 2.88e-07 2.88e-07   0.0
        a9 (f3_add_2235)                 0.000    0.000 2.88e-07 2.88e-07   0.0
        a80 (f3_add_2164)                0.000    0.000 2.88e-07 2.88e-07   0.0
        a81 (f3_add_2163)                0.000    0.000 2.88e-07 2.88e-07   0.0
        a82 (f3_add_2162)                0.000    0.000 2.88e-07 2.88e-07   0.0
        a83 (f3_add_2161)                0.000    0.000 2.88e-07 2.88e-07   0.0
        a84 (f3_add_2160)                0.000    0.000 2.88e-07 2.88e-07   0.0
        a85 (f3_add_2159)                0.000    0.000 2.88e-07 2.88e-07   0.0
        a86 (f3_add_2158)                0.000    0.000 2.88e-07 2.88e-07   0.0
        a87 (f3_add_2157)                0.000    0.000 2.88e-07 2.88e-07   0.0
        a30 (f3_add_2214)                0.000    0.000 2.88e-07 2.88e-07   0.0
        a31 (f3_add_2213)                0.000    0.000 2.88e-07 2.88e-07   0.0
        a32 (f3_add_2212)                0.000    0.000 2.88e-07 2.88e-07   0.0
        a33 (f3_add_2211)                0.000    0.000 2.88e-07 2.88e-07   0.0
        a34 (f3_add_2210)                0.000    0.000 2.88e-07 2.88e-07   0.0
        a35 (f3_add_2209)                0.000    0.000 2.88e-07 2.88e-07   0.0
        a36 (f3_add_2208)                0.000    0.000 2.88e-07 2.88e-07   0.0
        a37 (f3_add_2207)                0.000    0.000 2.88e-07 2.88e-07   0.0
        a38 (f3_add_2206)                0.000    0.000 2.88e-07 2.88e-07   0.0
        a39 (f3_add_2205)                0.000    0.000 2.88e-07 2.88e-07   0.0
      ins4 (f3m_add_6)                7.54e-08 4.53e-08 2.80e-05 2.81e-05   0.5
        aa_59__aa (f3_add_2097)       1.20e-09 6.23e-10 2.80e-07 2.82e-07   0.0
        aa_90__aa (f3_add_2066)          0.000    0.000 2.88e-07 2.88e-07   0.0
        aa_3__aa (f3_add_2153)        1.31e-09 9.02e-10 2.99e-07 3.01e-07   0.0
        aa_52__aa (f3_add_2104)       1.04e-09 7.11e-10 2.95e-07 2.97e-07   0.0
        aa_67__aa (f3_add_2089)          0.000    0.000 2.88e-07 2.88e-07   0.0
        aa_14__aa (f3_add_2142)       1.29e-09 6.77e-10 2.76e-07 2.78e-07   0.0
        aa_29__aa (f3_add_2127)       9.63e-10 6.65e-10 2.99e-07 3.00e-07   0.0
        aa_60__aa (f3_add_2096)       8.90e-10 6.10e-10 2.95e-07 2.97e-07   0.0
        aa_75__aa (f3_add_2081)          0.000    0.000 2.88e-07 2.88e-07   0.0
        aa_22__aa (f3_add_2134)       9.27e-10 6.38e-10 2.97e-07 2.99e-07   0.0
        aa_37__aa (f3_add_2119)          0.000    0.000 2.88e-07 2.88e-07   0.0
        aa_83__aa (f3_add_2073)          0.000    0.000 2.88e-07 2.88e-07   0.0
        aa_30__aa (f3_add_2126)          0.000    0.000 2.88e-07 2.88e-07   0.0
        aa_45__aa (f3_add_2111)          0.000    0.000 2.88e-07 2.88e-07   0.0
        aa_91__aa (f3_add_2065)       1.52e-09 7.93e-10 2.77e-07 2.79e-07   0.0
        aa_4__aa (f3_add_2152)           0.000    0.000 2.88e-07 2.88e-07   0.0
        aa_53__aa (f3_add_2103)       1.05e-09 7.20e-10 2.95e-07 2.97e-07   0.0
        aa_68__aa (f3_add_2088)       1.08e-09 7.47e-10 2.98e-07 3.00e-07   0.0
        aa_15__aa (f3_add_2141)          0.000    0.000 2.88e-07 2.88e-07   0.0
        aa_61__aa (f3_add_2095)          0.000    0.000 2.88e-07 2.88e-07   0.0
        aa_76__aa (f3_add_2080)       2.58e-09 1.34e-09 2.78e-07 2.82e-07   0.0
        aa_23__aa (f3_add_2133)          0.000    0.000 2.88e-07 2.88e-07   0.0
        aa_38__aa (f3_add_2118)       1.70e-09 1.17e-09 2.97e-07 2.99e-07   0.0
        aa_84__aa (f3_add_2072)          0.000    0.000 2.88e-07 2.88e-07   0.0
        aa_31__aa (f3_add_2125)       1.26e-09 6.59e-10 2.77e-07 2.79e-07   0.0
        aa_46__aa (f3_add_2110)       9.37e-10 6.47e-10 2.98e-07 3.00e-07   0.0
        aa_92__aa (f3_add_2064)       1.12e-09 7.74e-10 2.98e-07 3.00e-07   0.0
        aa_5__aa (f3_add_2151)        1.69e-09 8.82e-10 2.77e-07 2.79e-07   0.0
        aa_54__aa (f3_add_2102)       1.15e-09 7.93e-10 2.95e-07 2.97e-07   0.0
        aa_69__aa (f3_add_2087)       1.40e-09 7.30e-10 2.77e-07 2.79e-07   0.0
        aa_16__aa (f3_add_2140)          0.000    0.000 2.88e-07 2.88e-07   0.0
        aa_62__aa (f3_add_2094)          0.000    0.000 2.88e-07 2.88e-07   0.0
        aa_77__aa (f3_add_2079)          0.000    0.000 2.88e-07 2.88e-07   0.0
        aa_24__aa (f3_add_2132)          0.000    0.000 2.88e-07 2.88e-07   0.0
        aa_39__aa (f3_add_2117)          0.000    0.000 2.88e-07 2.88e-07   0.0
        aa_70__aa (f3_add_2086)       1.03e-09 7.11e-10 3.01e-07 3.03e-07   0.0
        aa_85__aa (f3_add_2071)          0.000    0.000 2.88e-07 2.88e-07   0.0
        aa_32__aa (f3_add_2124)       1.14e-09 7.83e-10 2.99e-07 3.00e-07   0.0
        aa_47__aa (f3_add_2109)          0.000    0.000 2.88e-07 2.88e-07   0.0
        aa_93__aa (f3_add_2063)       1.02e-09 7.02e-10 2.98e-07 3.00e-07   0.0
        aa_40__aa (f3_add_2116)       1.88e-09 1.29e-09 2.97e-07 3.00e-07   0.0
        aa_6__aa (f3_add_2150)           0.000    0.000 2.88e-07 2.88e-07   0.0
        aa_55__aa (f3_add_2101)       1.49e-09 7.75e-10 2.80e-07 2.83e-07   0.0
        aa_17__aa (f3_add_2139)          0.000    0.000 2.88e-07 2.88e-07   0.0
        aa_10__aa (f3_add_2146)       1.54e-09 8.02e-10 2.78e-07 2.80e-07   0.0
        aa_63__aa (f3_add_2093)       1.21e-09 8.38e-10 2.99e-07 3.02e-07   0.0
        aa_78__aa (f3_add_2078)       1.19e-09 8.20e-10 3.00e-07 3.02e-07   0.0
        aa_25__aa (f3_add_2131)       9.26e-10 6.38e-10 2.97e-07 2.99e-07   0.0
        aa_71__aa (f3_add_2085)          0.000    0.000 2.88e-07 2.88e-07   0.0
        aa_86__aa (f3_add_2070)       1.77e-09 9.26e-10 2.76e-07 2.79e-07   0.0
        aa_33__aa (f3_add_2123)          0.000    0.000 2.88e-07 2.88e-07   0.0
        aa_48__aa (f3_add_2108)       1.38e-09 7.21e-10 2.77e-07 2.79e-07   0.0
        aa_94__aa (f3_add_2062)       1.12e-09 7.74e-10 2.99e-07 3.01e-07   0.0
        aa_41__aa (f3_add_2115)       2.21e-09 1.15e-09 2.79e-07 2.82e-07   0.0
        aa_7__aa (f3_add_2149)        1.84e-09 9.62e-10 2.77e-07 2.80e-07   0.0
        aa_56__aa (f3_add_2100)          0.000    0.000 2.88e-07 2.88e-07   0.0
        aa_18__aa (f3_add_2138)       9.36e-10 4.90e-10 2.76e-07 2.78e-07   0.0
        aa_0__aa (f3_add_2156)        1.12e-09 7.74e-10 2.98e-07 3.00e-07   0.0
        aa_11__aa (f3_add_2145)          0.000    0.000 2.88e-07 2.88e-07   0.0
        aa_64__aa (f3_add_2092)       1.70e-09 1.18e-09 3.01e-07 3.03e-07   0.0
        aa_79__aa (f3_add_2077)       1.56e-09 8.19e-10 2.75e-07 2.78e-07   0.0
        aa_26__aa (f3_add_2130)          0.000    0.000 2.88e-07 2.88e-07   0.0
        aa_72__aa (f3_add_2084)       1.51e-09 7.93e-10 2.76e-07 2.78e-07   0.0
        aa_87__aa (f3_add_2069)       1.21e-09 8.38e-10 3.00e-07 3.02e-07   0.0
        aa_34__aa (f3_add_2122)          0.000    0.000 2.88e-07 2.88e-07   0.0
        aa_49__aa (f3_add_2107)          0.000    0.000 2.88e-07 2.88e-07   0.0
        aa_80__aa (f3_add_2076)          0.000    0.000 2.88e-07 2.88e-07   0.0
        aa_95__aa (f3_add_2061)          0.000    0.000 2.88e-07 2.88e-07   0.0
        aa_42__aa (f3_add_2114)          0.000    0.000 2.88e-07 2.88e-07   0.0
        aa_8__aa (f3_add_2148)        1.66e-09 8.73e-10 2.75e-07 2.77e-07   0.0
        aa_57__aa (f3_add_2099)       1.11e-09 5.79e-10 2.80e-07 2.82e-07   0.0
        aa_1__aa (f3_add_2155)        1.58e-09 8.28e-10 2.75e-07 2.78e-07   0.0
        aa_19__aa (f3_add_2137)       9.36e-10 4.90e-10 2.76e-07 2.77e-07   0.0
        aa_50__aa (f3_add_2106)          0.000    0.000 2.88e-07 2.88e-07   0.0
        aa_12__aa (f3_add_2144)       1.34e-09 7.04e-10 2.75e-07 2.78e-07   0.0
        aa_65__aa (f3_add_2091)       1.21e-09 8.38e-10 3.00e-07 3.03e-07   0.0
        aa_27__aa (f3_add_2129)       9.53e-10 6.56e-10 2.97e-07 2.99e-07   0.0
        aa_73__aa (f3_add_2083)          0.000    0.000 2.88e-07 2.88e-07   0.0
        aa_20__aa (f3_add_2136)       9.37e-10 4.90e-10 2.77e-07 2.78e-07   0.0
        aa_88__aa (f3_add_2068)       1.16e-09 8.02e-10 2.99e-07 3.01e-07   0.0
        aa_35__aa (f3_add_2121)          0.000    0.000 2.88e-07 2.88e-07   0.0
        aa_81__aa (f3_add_2075)       1.44e-09 1.00e-09 3.02e-07 3.04e-07   0.0
        aa_96__aa (f3_add_2060)          0.000    0.000 2.88e-07 2.88e-07   0.0
        aa_43__aa (f3_add_2113)          0.000    0.000 2.88e-07 2.88e-07   0.0
        aa_9__aa (f3_add_2147)           0.000    0.000 2.88e-07 2.88e-07   0.0
        aa_58__aa (f3_add_2098)          0.000    0.000 2.88e-07 2.88e-07   0.0
        aa_2__aa (f3_add_2154)           0.000    0.000 2.88e-07 2.88e-07   0.0
        aa_51__aa (f3_add_2105)       1.28e-09 6.68e-10 2.77e-07 2.79e-07   0.0
        aa_66__aa (f3_add_2090)       3.16e-09 1.65e-09 2.78e-07 2.83e-07   0.0
        aa_13__aa (f3_add_2143)       1.46e-09 7.66e-10 2.76e-07 2.79e-07   0.0
        aa_28__aa (f3_add_2128)       1.26e-09 6.59e-10 2.77e-07 2.79e-07   0.0
        aa_74__aa (f3_add_2082)       1.00e-09 6.92e-10 3.00e-07 3.02e-07   0.0
        aa_21__aa (f3_add_2135)       7.90e-10 5.47e-10 3.00e-07 3.02e-07   0.0
        aa_89__aa (f3_add_2067)          0.000    0.000 2.88e-07 2.88e-07   0.0
        aa_36__aa (f3_add_2120)       1.75e-09 1.20e-09 2.98e-07 3.01e-07   0.0
        aa_82__aa (f3_add_2074)       1.44e-09 1.00e-09 3.03e-07 3.05e-07   0.0
        aa_44__aa (f3_add_2112)          0.000    0.000 2.88e-07 2.88e-07   0.0
      ins5 (f3m_add_5)                8.08e-08 4.83e-08 2.80e-05 2.81e-05   0.5
        aa_59__aa (f3_add_2000)       7.41e-10 5.06e-10 2.98e-07 2.99e-07   0.0
        aa_90__aa (f3_add_1969)       1.81e-09 9.37e-10 2.78e-07 2.80e-07   0.0
        aa_3__aa (f3_add_2056)        1.33e-09 6.89e-10 2.74e-07 2.77e-07   0.0
        aa_52__aa (f3_add_2007)       1.45e-09 7.51e-10 2.77e-07 2.79e-07   0.0
        aa_67__aa (f3_add_1992)          0.000    0.000 2.88e-07 2.88e-07   0.0
        aa_14__aa (f3_add_2045)       1.16e-09 7.95e-10 3.02e-07 3.04e-07   0.0
        aa_29__aa (f3_add_2030)       1.01e-09 6.87e-10 2.99e-07 3.01e-07   0.0
        aa_60__aa (f3_add_1999)       1.24e-09 6.36e-10 2.78e-07 2.80e-07   0.0
        aa_75__aa (f3_add_1984)       1.26e-09 8.68e-10 3.01e-07 3.03e-07   0.0
        aa_22__aa (f3_add_2037)       1.37e-09 7.07e-10 2.77e-07 2.79e-07   0.0
        aa_37__aa (f3_add_2022)       1.73e-09 1.18e-09 3.01e-07 3.04e-07   0.0
        aa_83__aa (f3_add_1976)          0.000    0.000 2.88e-07 2.88e-07   0.0
        aa_30__aa (f3_add_2029)       2.05e-09 1.06e-09 2.77e-07 2.80e-07   0.0
        aa_45__aa (f3_add_2014)          0.000    0.000 2.88e-07 2.88e-07   0.0
        aa_91__aa (f3_add_1968)       1.39e-09 9.49e-10 2.98e-07 3.00e-07   0.0
        aa_4__aa (f3_add_2055)        1.27e-09 8.68e-10 3.00e-07 3.02e-07   0.0
        aa_53__aa (f3_add_2006)          0.000    0.000 2.88e-07 2.88e-07   0.0
        aa_68__aa (f3_add_1991)       1.50e-09 7.77e-10 2.76e-07 2.78e-07   0.0
        aa_15__aa (f3_add_2044)       1.50e-09 7.77e-10 2.75e-07 2.77e-07   0.0
        aa_61__aa (f3_add_1998)       8.09e-10 5.51e-10 2.97e-07 2.98e-07   0.0
        aa_76__aa (f3_add_1983)          0.000    0.000 2.88e-07 2.88e-07   0.0
        aa_23__aa (f3_add_2036)          0.000    0.000 2.88e-07 2.88e-07   0.0
        aa_38__aa (f3_add_2021)       1.37e-09 9.40e-10 3.01e-07 3.03e-07   0.0
        aa_84__aa (f3_add_1975)       1.34e-09 9.13e-10 2.97e-07 3.00e-07   0.0
        aa_31__aa (f3_add_2028)          0.000    0.000 2.88e-07 2.88e-07   0.0
        aa_46__aa (f3_add_2013)       8.92e-10 6.15e-10 3.03e-07 3.05e-07   0.0
        aa_92__aa (f3_add_1967)       1.69e-09 8.75e-10 2.78e-07 2.80e-07   0.0
        aa_5__aa (f3_add_2054)           0.000    0.000 2.88e-07 2.88e-07   0.0
        aa_54__aa (f3_add_2005)          0.000    0.000 2.88e-07 2.88e-07   0.0
        aa_69__aa (f3_add_1990)          0.000    0.000 2.88e-07 2.88e-07   0.0
        aa_16__aa (f3_add_2043)       1.04e-09 7.14e-10 3.00e-07 3.02e-07   0.0
        aa_62__aa (f3_add_1997)          0.000    0.000 2.88e-07 2.88e-07   0.0
        aa_77__aa (f3_add_1982)          0.000    0.000 2.88e-07 2.88e-07   0.0
        aa_24__aa (f3_add_2035)       1.00e-09 6.87e-10 2.99e-07 3.01e-07   0.0
        aa_39__aa (f3_add_2020)          0.000    0.000 2.88e-07 2.88e-07   0.0
        aa_70__aa (f3_add_1989)       1.26e-09 8.59e-10 2.99e-07 3.01e-07   0.0
        aa_85__aa (f3_add_1974)       1.73e-09 8.92e-10 2.78e-07 2.80e-07   0.0
        aa_32__aa (f3_add_2027)          0.000    0.000 2.88e-07 2.88e-07   0.0
        aa_47__aa (f3_add_2012)       1.20e-09 8.23e-10 2.99e-07 3.01e-07   0.0
        aa_93__aa (f3_add_1966)       1.52e-09 7.86e-10 2.75e-07 2.77e-07   0.0
        aa_40__aa (f3_add_2019)          0.000    0.000 2.88e-07 2.88e-07   0.0
        aa_6__aa (f3_add_2053)        1.65e-09 8.57e-10 2.76e-07 2.78e-07   0.0
        aa_55__aa (f3_add_2004)          0.000    0.000 2.88e-07 2.88e-07   0.0
        aa_17__aa (f3_add_2042)          0.000    0.000 2.88e-07 2.88e-07   0.0
        aa_10__aa (f3_add_2049)       9.88e-10 6.78e-10 3.01e-07 3.02e-07   0.0
        aa_63__aa (f3_add_1996)          0.000    0.000 2.88e-07 2.88e-07   0.0
        aa_78__aa (f3_add_1981)          0.000    0.000 2.88e-07 2.88e-07   0.0
        aa_25__aa (f3_add_2034)       1.06e-09 7.23e-10 2.99e-07 3.01e-07   0.0
        aa_71__aa (f3_add_1988)       1.28e-09 6.63e-10 2.76e-07 2.78e-07   0.0
        aa_86__aa (f3_add_1973)       1.31e-09 8.95e-10 2.97e-07 3.00e-07   0.0
        aa_33__aa (f3_add_2026)       1.58e-09 1.08e-09 3.00e-07 3.03e-07   0.0
        aa_48__aa (f3_add_2011)       1.14e-09 7.77e-10 2.98e-07 3.00e-07   0.0
        aa_94__aa (f3_add_1965)       2.12e-09 1.44e-09 2.94e-07 2.98e-07   0.0
        aa_41__aa (f3_add_2018)       1.27e-09 8.68e-10 3.00e-07 3.02e-07   0.0
        aa_7__aa (f3_add_2052)           0.000    0.000 2.88e-07 2.88e-07   0.0
        aa_56__aa (f3_add_2003)       7.54e-10 5.15e-10 2.99e-07 3.00e-07   0.0
        aa_18__aa (f3_add_2041)       1.13e-09 7.77e-10 3.01e-07 3.03e-07   0.0
        aa_0__aa (f3_add_2059)        9.75e-10 6.69e-10 3.01e-07 3.03e-07   0.0
        aa_11__aa (f3_add_2048)       1.16e-09 6.01e-10 2.76e-07 2.78e-07   0.0
        aa_64__aa (f3_add_1995)       1.45e-09 1.00e-09 3.04e-07 3.06e-07   0.0
        aa_79__aa (f3_add_1980)       1.23e-09 6.36e-10 2.74e-07 2.76e-07   0.0
        aa_26__aa (f3_add_2033)       1.49e-09 7.69e-10 2.76e-07 2.79e-07   0.0
        aa_72__aa (f3_add_1987)          0.000    0.000 2.88e-07 2.88e-07   0.0
        aa_87__aa (f3_add_1972)       1.34e-09 9.13e-10 2.98e-07 3.00e-07   0.0
        aa_34__aa (f3_add_2025)          0.000    0.000 2.88e-07 2.88e-07   0.0
        aa_49__aa (f3_add_2010)          0.000    0.000 2.88e-07 2.88e-07   0.0
        aa_80__aa (f3_add_1979)          0.000    0.000 2.88e-07 2.88e-07   0.0
        aa_95__aa (f3_add_1964)       1.69e-09 8.75e-10 2.76e-07 2.79e-07   0.0
        aa_42__aa (f3_add_2017)       1.84e-09 9.54e-10 2.76e-07 2.79e-07   0.0
        aa_8__aa (f3_add_2051)           0.000    0.000 2.88e-07 2.88e-07   0.0
        aa_57__aa (f3_add_2002)          0.000    0.000 2.88e-07 2.88e-07   0.0
        aa_1__aa (f3_add_2058)           0.000    0.000 2.88e-07 2.88e-07   0.0
        aa_19__aa (f3_add_2040)          0.000    0.000 2.88e-07 2.88e-07   0.0
        aa_50__aa (f3_add_2009)       9.05e-10 4.68e-10 2.77e-07 2.78e-07   0.0
        aa_12__aa (f3_add_2047)          0.000    0.000 2.88e-07 2.88e-07   0.0
        aa_65__aa (f3_add_1994)          0.000    0.000 2.88e-07 2.88e-07   0.0
        aa_27__aa (f3_add_2032)          0.000    0.000 2.88e-07 2.88e-07   0.0
        aa_73__aa (f3_add_1986)       1.23e-09 8.41e-10 3.00e-07 3.02e-07   0.0
        aa_20__aa (f3_add_2039)          0.000    0.000 2.88e-07 2.88e-07   0.0
        aa_88__aa (f3_add_1971)       1.71e-09 8.84e-10 2.79e-07 2.81e-07   0.0
        aa_35__aa (f3_add_2024)          0.000    0.000 2.88e-07 2.88e-07   0.0
        aa_81__aa (f3_add_1978)          0.000    0.000 2.88e-07 2.88e-07   0.0
        aa_96__aa (f3_add_1963)       1.87e-09 9.63e-10 2.78e-07 2.81e-07   0.0
        aa_43__aa (f3_add_2016)       1.15e-09 6.01e-10 2.73e-07 2.75e-07   0.0
        aa_9__aa (f3_add_2050)           0.000    0.000 2.88e-07 2.88e-07   0.0
        aa_58__aa (f3_add_2001)          0.000    0.000 2.88e-07 2.88e-07   0.0
        aa_2__aa (f3_add_2057)        1.47e-09 7.60e-10 2.74e-07 2.77e-07   0.0
        aa_51__aa (f3_add_2008)          0.000    0.000 2.88e-07 2.88e-07   0.0
        aa_66__aa (f3_add_1993)       1.94e-09 9.98e-10 2.78e-07 2.81e-07   0.0
        aa_13__aa (f3_add_2046)       1.43e-09 7.42e-10 2.75e-07 2.77e-07   0.0
        aa_28__aa (f3_add_2031)       1.00e-09 6.87e-10 2.99e-07 3.01e-07   0.0
        aa_74__aa (f3_add_1985)       1.32e-09 9.04e-10 3.01e-07 3.04e-07   0.0
        aa_21__aa (f3_add_2038)       1.03e-09 7.05e-10 2.99e-07 3.01e-07   0.0
        aa_89__aa (f3_add_1970)       1.60e-09 8.22e-10 2.78e-07 2.80e-07   0.0
        aa_36__aa (f3_add_2023)       1.71e-09 1.18e-09 3.01e-07 3.04e-07   0.0
        aa_82__aa (f3_add_1977)       1.22e-09 6.36e-10 2.74e-07 2.76e-07   0.0
        aa_44__aa (f3_add_2015)       1.15e-09 6.01e-10 2.73e-07 2.75e-07   0.0
      ins6 (f3m_neg_0)                4.31e-08 1.13e-08 9.73e-06 9.78e-06   0.2
      ins7 (func6_2)                  6.77e-07 1.32e-09 6.09e-07 1.29e-06   0.0
    ins11 (func11)                    1.09e-03 1.11e-04 1.58e-03 2.78e-03  45.9
      ins10 (f3m_sub_0)               5.29e-08 3.15e-08 2.79e-05 2.80e-05   0.5
        aa_59__aa (f3_sub_437)        3.84e-10 2.55e-10 2.88e-07 2.89e-07   0.0
          m1 (f3_add_437)             3.84e-10 2.55e-10 2.88e-07 2.89e-07   0.0
        aa_90__aa (f3_sub_406)        1.38e-09 7.13e-10 2.87e-07 2.90e-07   0.0
          m1 (f3_add_406)             1.38e-09 7.13e-10 2.87e-07 2.90e-07   0.0
        aa_3__aa (f3_sub_493)         8.43e-10 4.37e-10 2.88e-07 2.89e-07   0.0
          m1 (f3_add_493)             8.43e-10 4.37e-10 2.88e-07 2.89e-07   0.0
        aa_52__aa (f3_sub_444)        9.84e-10 5.18e-10 2.87e-07 2.89e-07   0.0
          m1 (f3_add_444)             9.84e-10 5.18e-10 2.87e-07 2.89e-07   0.0
        aa_67__aa (f3_sub_429)           0.000    0.000 2.88e-07 2.88e-07   0.0
          m1 (f3_add_429)                0.000    0.000 2.88e-07 2.88e-07   0.0
        aa_14__aa (f3_sub_482)        8.41e-10 5.64e-10 2.88e-07 2.90e-07   0.0
          m1 (f3_add_482)             8.41e-10 5.64e-10 2.88e-07 2.90e-07   0.0
        aa_29__aa (f3_sub_467)        5.72e-10 3.82e-10 2.88e-07 2.89e-07   0.0
          m1 (f3_add_467)             5.72e-10 3.82e-10 2.88e-07 2.89e-07   0.0
        aa_60__aa (f3_sub_436)        6.25e-10 3.21e-10 2.87e-07 2.88e-07   0.0
          m1 (f3_add_436)             6.25e-10 3.21e-10 2.87e-07 2.88e-07   0.0
        aa_75__aa (f3_sub_421)        8.97e-10 5.91e-10 2.88e-07 2.90e-07   0.0
          m1 (f3_add_421)             8.97e-10 5.91e-10 2.88e-07 2.90e-07   0.0
        aa_22__aa (f3_sub_474)        7.91e-10 4.10e-10 2.87e-07 2.89e-07   0.0
          m1 (f3_add_474)             7.91e-10 4.10e-10 2.87e-07 2.89e-07   0.0
        aa_37__aa (f3_sub_459)        1.33e-09 8.82e-10 2.88e-07 2.90e-07   0.0
          m1 (f3_add_459)             1.33e-09 8.82e-10 2.88e-07 2.90e-07   0.0
        aa_83__aa (f3_sub_413)           0.000    0.000 2.88e-07 2.88e-07   0.0
          m1 (f3_add_413)                0.000    0.000 2.88e-07 2.88e-07   0.0
        aa_30__aa (f3_sub_466)        1.37e-09 7.13e-10 2.87e-07 2.89e-07   0.0
          m1 (f3_add_466)             1.37e-09 7.13e-10 2.87e-07 2.89e-07   0.0
        aa_45__aa (f3_sub_451)           0.000    0.000 2.88e-07 2.88e-07   0.0
          m1 (f3_add_451)                0.000    0.000 2.88e-07 2.88e-07   0.0
        aa_91__aa (f3_sub_405)        1.08e-09 7.28e-10 2.88e-07 2.90e-07   0.0
          m1 (f3_add_405)             1.08e-09 7.28e-10 2.88e-07 2.90e-07   0.0
        aa_4__aa (f3_sub_492)         8.57e-10 5.64e-10 2.88e-07 2.90e-07   0.0
          m1 (f3_add_492)             8.57e-10 5.64e-10 2.88e-07 2.90e-07   0.0
        aa_53__aa (f3_sub_443)           0.000    0.000 2.88e-07 2.88e-07   0.0
          m1 (f3_add_443)                0.000    0.000 2.88e-07 2.88e-07   0.0
        aa_68__aa (f3_sub_428)        8.36e-10 4.37e-10 2.88e-07 2.89e-07   0.0
          m1 (f3_add_428)             8.36e-10 4.37e-10 2.88e-07 2.89e-07   0.0
        aa_15__aa (f3_sub_481)        1.07e-09 5.53e-10 2.87e-07 2.89e-07   0.0
          m1 (f3_add_481)             1.07e-09 5.53e-10 2.87e-07 2.89e-07   0.0
        aa_61__aa (f3_sub_435)        4.51e-10 3.00e-10 2.88e-07 2.89e-07   0.0
          m1 (f3_add_435)             4.51e-10 3.00e-10 2.88e-07 2.89e-07   0.0
        aa_76__aa (f3_sub_420)           0.000    0.000 2.88e-07 2.88e-07   0.0
          m1 (f3_add_420)                0.000    0.000 2.88e-07 2.88e-07   0.0
        aa_23__aa (f3_sub_473)           0.000    0.000 2.88e-07 2.88e-07   0.0
          m1 (f3_add_473)                0.000    0.000 2.88e-07 2.88e-07   0.0
        aa_38__aa (f3_sub_458)        1.02e-09 6.73e-10 2.88e-07 2.90e-07   0.0
          m1 (f3_add_458)             1.02e-09 6.73e-10 2.88e-07 2.90e-07   0.0
        aa_84__aa (f3_sub_412)        1.02e-09 6.73e-10 2.88e-07 2.90e-07   0.0
          m1 (f3_add_412)             1.02e-09 6.73e-10 2.88e-07 2.90e-07   0.0
        aa_31__aa (f3_sub_465)           0.000    0.000 2.88e-07 2.88e-07   0.0
          m1 (f3_add_465)                0.000    0.000 2.88e-07 2.88e-07   0.0
        aa_46__aa (f3_sub_450)        4.50e-10 2.71e-10 2.88e-07 2.89e-07   0.0
          m1 (f3_add_450)             4.50e-10 2.71e-10 2.88e-07 2.89e-07   0.0
        aa_92__aa (f3_sub_404)        1.28e-09 6.60e-10 2.87e-07 2.89e-07   0.0
          m1 (f3_add_404)             1.28e-09 6.60e-10 2.87e-07 2.89e-07   0.0
        aa_5__aa (f3_sub_491)            0.000    0.000 2.88e-07 2.88e-07   0.0
          m1 (f3_add_491)                0.000    0.000 2.88e-07 2.88e-07   0.0
        aa_54__aa (f3_sub_442)           0.000    0.000 2.88e-07 2.88e-07   0.0
          m1 (f3_add_442)                0.000    0.000 2.88e-07 2.88e-07   0.0
        aa_69__aa (f3_sub_427)           0.000    0.000 2.88e-07 2.88e-07   0.0
          m1 (f3_add_427)                0.000    0.000 2.88e-07 2.88e-07   0.0
        aa_16__aa (f3_sub_480)        7.87e-10 5.28e-10 2.88e-07 2.89e-07   0.0
          m1 (f3_add_480)             7.87e-10 5.28e-10 2.88e-07 2.89e-07   0.0
        aa_62__aa (f3_sub_434)           0.000    0.000 2.88e-07 2.88e-07   0.0
          m1 (f3_add_434)                0.000    0.000 2.88e-07 2.88e-07   0.0
        aa_77__aa (f3_sub_419)           0.000    0.000 2.88e-07 2.88e-07   0.0
          m1 (f3_add_419)                0.000    0.000 2.88e-07 2.88e-07   0.0
        aa_24__aa (f3_sub_472)        5.80e-10 3.82e-10 2.88e-07 2.89e-07   0.0
          m1 (f3_add_472)             5.80e-10 3.82e-10 2.88e-07 2.89e-07   0.0
        aa_39__aa (f3_sub_457)           0.000    0.000 2.88e-07 2.88e-07   0.0
          m1 (f3_add_457)                0.000    0.000 2.88e-07 2.88e-07   0.0
        aa_70__aa (f3_sub_426)        8.22e-10 5.46e-10 2.88e-07 2.90e-07   0.0
          m1 (f3_add_426)             8.22e-10 5.46e-10 2.88e-07 2.90e-07   0.0
        aa_85__aa (f3_sub_411)        1.30e-09 6.78e-10 2.87e-07 2.89e-07   0.0
          m1 (f3_add_411)             1.30e-09 6.78e-10 2.87e-07 2.89e-07   0.0
        aa_32__aa (f3_sub_464)           0.000    0.000 2.88e-07 2.88e-07   0.0
          m1 (f3_add_464)                0.000    0.000 2.88e-07 2.88e-07   0.0
        aa_47__aa (f3_sub_449)        9.07e-10 5.81e-10 2.88e-07 2.90e-07   0.0
          m1 (f3_add_449)             9.07e-10 5.81e-10 2.88e-07 2.90e-07   0.0
        aa_93__aa (f3_sub_403)        8.56e-10 4.66e-10 2.88e-07 2.89e-07   0.0
          m1 (f3_add_403)             8.56e-10 4.66e-10 2.88e-07 2.89e-07   0.0
        aa_40__aa (f3_sub_456)           0.000    0.000 2.88e-07 2.88e-07   0.0
          m1 (f3_add_456)                0.000    0.000 2.88e-07 2.88e-07   0.0
        aa_6__aa (f3_sub_490)         1.05e-09 5.53e-10 2.87e-07 2.89e-07   0.0
          m1 (f3_add_490)             1.05e-09 5.53e-10 2.87e-07 2.89e-07   0.0
        aa_55__aa (f3_sub_441)           0.000    0.000 2.88e-07 2.88e-07   0.0
          m1 (f3_add_441)                0.000    0.000 2.88e-07 2.88e-07   0.0
        aa_17__aa (f3_sub_479)           0.000    0.000 2.88e-07 2.88e-07   0.0
          m1 (f3_add_479)                0.000    0.000 2.88e-07 2.88e-07   0.0
        aa_10__aa (f3_sub_486)        6.26e-10 4.19e-10 2.88e-07 2.89e-07   0.0
          m1 (f3_add_486)             6.26e-10 4.19e-10 2.88e-07 2.89e-07   0.0
        aa_63__aa (f3_sub_433)           0.000    0.000 2.88e-07 2.88e-07   0.0
          m1 (f3_add_433)                0.000    0.000 2.88e-07 2.88e-07   0.0
        aa_78__aa (f3_sub_418)           0.000    0.000 2.88e-07 2.88e-07   0.0
          m1 (f3_add_418)                0.000    0.000 2.88e-07 2.88e-07   0.0
        aa_25__aa (f3_sub_471)        6.76e-10 4.36e-10 2.88e-07 2.89e-07   0.0
          m1 (f3_add_471)             6.76e-10 4.36e-10 2.88e-07 2.89e-07   0.0
        aa_71__aa (f3_sub_425)        6.70e-10 3.48e-10 2.88e-07 2.89e-07   0.0
          m1 (f3_add_425)             6.70e-10 3.48e-10 2.88e-07 2.89e-07   0.0
        aa_86__aa (f3_sub_410)        1.02e-09 6.73e-10 2.88e-07 2.90e-07   0.0
          m1 (f3_add_410)             1.02e-09 6.73e-10 2.88e-07 2.90e-07   0.0
        aa_33__aa (f3_sub_463)        1.17e-09 7.83e-10 2.88e-07 2.90e-07   0.0
          m1 (f3_add_463)             1.17e-09 7.83e-10 2.88e-07 2.90e-07   0.0
        aa_48__aa (f3_sub_448)        8.45e-10 5.45e-10 2.88e-07 2.90e-07   0.0
          m1 (f3_add_448)             8.45e-10 5.45e-10 2.88e-07 2.90e-07   0.0
        aa_94__aa (f3_sub_402)        1.70e-09 1.14e-09 2.89e-07 2.92e-07   0.0
          m1 (f3_add_402)             1.70e-09 1.14e-09 2.89e-07 2.92e-07   0.0
        aa_41__aa (f3_sub_455)        8.78e-10 5.72e-10 2.88e-07 2.90e-07   0.0
          m1 (f3_add_455)             8.78e-10 5.72e-10 2.88e-07 2.90e-07   0.0
        aa_7__aa (f3_sub_489)            0.000    0.000 2.88e-07 2.88e-07   0.0
          m1 (f3_add_489)                0.000    0.000 2.88e-07 2.88e-07   0.0
        aa_56__aa (f3_sub_440)        4.30e-10 2.92e-10 2.88e-07 2.89e-07   0.0
          m1 (f3_add_440)             4.30e-10 2.92e-10 2.88e-07 2.89e-07   0.0
        aa_18__aa (f3_sub_478)        8.14e-10 5.46e-10 2.88e-07 2.89e-07   0.0
          m1 (f3_add_478)             8.14e-10 5.46e-10 2.88e-07 2.89e-07   0.0
        aa_0__aa (f3_sub_496)         5.78e-10 3.92e-10 2.88e-07 2.89e-07   0.0
          m1 (f3_add_496)             5.78e-10 3.92e-10 2.88e-07 2.89e-07   0.0
        aa_11__aa (f3_sub_485)        7.22e-10 3.74e-10 2.88e-07 2.89e-07   0.0
          m1 (f3_add_485)             7.22e-10 3.74e-10 2.88e-07 2.89e-07   0.0
        aa_64__aa (f3_sub_432)        8.87e-10 6.01e-10 2.88e-07 2.90e-07   0.0
          m1 (f3_add_432)             8.87e-10 6.01e-10 2.88e-07 2.90e-07   0.0
        aa_79__aa (f3_sub_417)        4.28e-10 2.33e-10 2.88e-07 2.88e-07   0.0
          m1 (f3_add_417)             4.28e-10 2.33e-10 2.88e-07 2.88e-07   0.0
        aa_26__aa (f3_sub_470)        8.48e-10 4.66e-10 2.88e-07 2.89e-07   0.0
          m1 (f3_add_470)             8.48e-10 4.66e-10 2.88e-07 2.89e-07   0.0
        aa_72__aa (f3_sub_424)           0.000    0.000 2.88e-07 2.88e-07   0.0
          m1 (f3_add_424)                0.000    0.000 2.88e-07 2.88e-07   0.0
        aa_87__aa (f3_sub_409)        1.02e-09 6.73e-10 2.88e-07 2.90e-07   0.0
          m1 (f3_add_409)             1.02e-09 6.73e-10 2.88e-07 2.90e-07   0.0
        aa_34__aa (f3_sub_462)           0.000    0.000 2.88e-07 2.88e-07   0.0
          m1 (f3_add_462)                0.000    0.000 2.88e-07 2.88e-07   0.0
        aa_49__aa (f3_sub_447)           0.000    0.000 2.88e-07 2.88e-07   0.0
          m1 (f3_add_447)                0.000    0.000 2.88e-07 2.88e-07   0.0
        aa_80__aa (f3_sub_416)           0.000    0.000 2.88e-07 2.88e-07   0.0
          m1 (f3_add_416)                0.000    0.000 2.88e-07 2.88e-07   0.0
        aa_95__aa (f3_sub_401)        1.11e-09 5.99e-10 2.88e-07 2.89e-07   0.0
          m1 (f3_add_401)             1.11e-09 5.99e-10 2.88e-07 2.89e-07   0.0
        aa_42__aa (f3_sub_454)        1.20e-09 6.53e-10 2.87e-07 2.89e-07   0.0
          m1 (f3_add_454)             1.20e-09 6.53e-10 2.87e-07 2.89e-07   0.0
        aa_8__aa (f3_sub_488)            0.000    0.000 2.88e-07 2.88e-07   0.0
          m1 (f3_add_488)                0.000    0.000 2.88e-07 2.88e-07   0.0
        aa_57__aa (f3_sub_439)           0.000    0.000 2.88e-07 2.88e-07   0.0
          m1 (f3_add_439)                0.000    0.000 2.88e-07 2.88e-07   0.0
        aa_1__aa (f3_sub_495)            0.000    0.000 2.88e-07 2.88e-07   0.0
          m1 (f3_add_495)                0.000    0.000 2.88e-07 2.88e-07   0.0
        aa_19__aa (f3_sub_477)           0.000    0.000 2.88e-07 2.88e-07   0.0
          m1 (f3_add_477)                0.000    0.000 2.88e-07 2.88e-07   0.0
        aa_50__aa (f3_sub_446)        5.21e-10 2.67e-10 2.88e-07 2.88e-07   0.0
          m1 (f3_add_446)             5.21e-10 2.67e-10 2.88e-07 2.88e-07   0.0
        aa_12__aa (f3_sub_484)           0.000    0.000 2.88e-07 2.88e-07   0.0
          m1 (f3_add_484)                0.000    0.000 2.88e-07 2.88e-07   0.0
        aa_65__aa (f3_sub_431)           0.000    0.000 2.88e-07 2.88e-07   0.0
          m1 (f3_add_431)                0.000    0.000 2.88e-07 2.88e-07   0.0
        aa_27__aa (f3_sub_469)           0.000    0.000 2.88e-07 2.88e-07   0.0
          m1 (f3_add_469)                0.000    0.000 2.88e-07 2.88e-07   0.0
        aa_73__aa (f3_sub_423)        7.52e-10 5.10e-10 2.88e-07 2.89e-07   0.0
          m1 (f3_add_423)             7.52e-10 5.10e-10 2.88e-07 2.89e-07   0.0
        aa_20__aa (f3_sub_476)           0.000    0.000 2.88e-07 2.88e-07   0.0
          m1 (f3_add_476)                0.000    0.000 2.88e-07 2.88e-07   0.0
        aa_88__aa (f3_sub_408)        1.30e-09 6.78e-10 2.87e-07 2.89e-07   0.0
          m1 (f3_add_408)             1.30e-09 6.78e-10 2.87e-07 2.89e-07   0.0
        aa_35__aa (f3_sub_461)           0.000    0.000 2.88e-07 2.88e-07   0.0
          m1 (f3_add_461)                0.000    0.000 2.88e-07 2.88e-07   0.0
        aa_81__aa (f3_sub_415)           0.000    0.000 2.88e-07 2.88e-07   0.0
          m1 (f3_add_415)                0.000    0.000 2.88e-07 2.88e-07   0.0
        aa_96__aa (f3_sub_400)        1.24e-09 6.52e-10 2.87e-07 2.89e-07   0.0
          m1 (f3_add_400)             1.24e-09 6.52e-10 2.87e-07 2.89e-07   0.0
        aa_43__aa (f3_sub_453)        4.01e-10 2.15e-10 2.88e-07 2.88e-07   0.0
          m1 (f3_add_453)             4.01e-10 2.15e-10 2.88e-07 2.88e-07   0.0
        aa_9__aa (f3_sub_487)            0.000    0.000 2.88e-07 2.88e-07   0.0
          m1 (f3_add_487)                0.000    0.000 2.88e-07 2.88e-07   0.0
        aa_58__aa (f3_sub_438)           0.000    0.000 2.88e-07 2.88e-07   0.0
          m1 (f3_add_438)                0.000    0.000 2.88e-07 2.88e-07   0.0
        aa_2__aa (f3_sub_494)         9.13e-10 4.72e-10 2.88e-07 2.89e-07   0.0
          m1 (f3_add_494)             9.13e-10 4.72e-10 2.88e-07 2.89e-07   0.0
        aa_51__aa (f3_sub_445)           0.000    0.000 2.88e-07 2.88e-07   0.0
          m1 (f3_add_445)                0.000    0.000 2.88e-07 2.88e-07   0.0
        aa_66__aa (f3_sub_430)        1.27e-09 6.79e-10 2.87e-07 2.89e-07   0.0
          m1 (f3_add_430)             1.27e-09 6.79e-10 2.87e-07 2.89e-07   0.0
        aa_13__aa (f3_sub_483)        9.84e-10 5.18e-10 2.88e-07 2.89e-07   0.0
          m1 (f3_add_483)             9.84e-10 5.18e-10 2.88e-07 2.89e-07   0.0
        aa_28__aa (f3_sub_468)        5.80e-10 3.82e-10 2.88e-07 2.89e-07   0.0
          m1 (f3_add_468)             5.80e-10 3.82e-10 2.88e-07 2.89e-07   0.0
        aa_74__aa (f3_sub_422)        1.00e-09 6.74e-10 2.88e-07 2.90e-07   0.0
          m1 (f3_add_422)             1.00e-09 6.74e-10 2.88e-07 2.90e-07   0.0
        aa_21__aa (f3_sub_475)        5.72e-10 3.82e-10 2.88e-07 2.89e-07   0.0
          m1 (f3_add_475)             5.72e-10 3.82e-10 2.88e-07 2.89e-07   0.0
        aa_89__aa (f3_sub_407)        1.21e-09 6.24e-10 2.87e-07 2.89e-07   0.0
          m1 (f3_add_407)             1.21e-09 6.24e-10 2.87e-07 2.89e-07   0.0
        aa_36__aa (f3_sub_460)        1.30e-09 8.54e-10 2.88e-07 2.90e-07   0.0
          m1 (f3_add_460)             1.30e-09 8.54e-10 2.88e-07 2.90e-07   0.0
        aa_82__aa (f3_sub_414)        4.28e-10 2.33e-10 2.88e-07 2.88e-07   0.0
          m1 (f3_add_414)             4.28e-10 2.33e-10 2.88e-07 2.88e-07   0.0
        aa_44__aa (f3_sub_452)        4.20e-10 2.33e-10 2.88e-07 2.88e-07   0.0
          m1 (f3_add_452)             4.20e-10 2.33e-10 2.88e-07 2.88e-07   0.0
      ins11 (func6_1)                 6.77e-07 1.32e-09 6.09e-07 1.29e-06   0.0
      ins12 (func6_0)                 6.77e-07 1.32e-09 6.09e-07 1.29e-06   0.0
      ins1 (f3m_sub_3)                1.27e-07 5.34e-08 2.74e-05 2.76e-05   0.5
        aa_59__aa (f3_sub_728)        1.57e-09 7.36e-10 2.77e-07 2.80e-07   0.0
          m1 (f3_add_1323)            1.57e-09 7.36e-10 2.77e-07 2.80e-07   0.0
        aa_90__aa (f3_sub_697)           0.000    0.000 2.88e-07 2.88e-07   0.0
          m1 (f3_add_1292)               0.000    0.000 2.88e-07 2.88e-07   0.0
        aa_3__aa (f3_sub_784)         2.71e-09 1.06e-09 2.82e-07 2.85e-07   0.0
          m1 (f3_add_1379)            2.71e-09 1.06e-09 2.82e-07 2.85e-07   0.0
        aa_52__aa (f3_sub_735)        2.22e-09 8.24e-10 2.84e-07 2.87e-07   0.0
          m1 (f3_add_1330)            2.22e-09 8.24e-10 2.84e-07 2.87e-07   0.0
        aa_67__aa (f3_sub_720)           0.000    0.000 2.88e-07 2.88e-07   0.0
          m1 (f3_add_1315)               0.000    0.000 2.88e-07 2.88e-07   0.0
        aa_14__aa (f3_sub_773)        1.64e-09 8.35e-10 2.73e-07 2.75e-07   0.0
          m1 (f3_add_1368)            1.64e-09 8.35e-10 2.73e-07 2.75e-07   0.0
        aa_29__aa (f3_sub_758)        1.98e-09 7.48e-10 2.82e-07 2.85e-07   0.0
          m1 (f3_add_1353)            1.98e-09 7.48e-10 2.82e-07 2.85e-07   0.0
        aa_60__aa (f3_sub_727)        1.87e-09 7.06e-10 2.84e-07 2.87e-07   0.0
          m1 (f3_add_1322)            1.87e-09 7.06e-10 2.84e-07 2.87e-07   0.0
        aa_75__aa (f3_sub_712)           0.000    0.000 2.88e-07 2.88e-07   0.0
          m1 (f3_add_1307)               0.000    0.000 2.88e-07 2.88e-07   0.0
        aa_22__aa (f3_sub_765)        1.90e-09 7.22e-10 2.83e-07 2.86e-07   0.0
          m1 (f3_add_1360)            1.90e-09 7.22e-10 2.83e-07 2.86e-07   0.0
        aa_37__aa (f3_sub_750)           0.000    0.000 2.88e-07 2.88e-07   0.0
          m1 (f3_add_1345)               0.000    0.000 2.88e-07 2.88e-07   0.0
        aa_83__aa (f3_sub_704)           0.000    0.000 2.88e-07 2.88e-07   0.0
          m1 (f3_add_1299)               0.000    0.000 2.88e-07 2.88e-07   0.0
        aa_30__aa (f3_sub_757)           0.000    0.000 2.88e-07 2.88e-07   0.0
          m1 (f3_add_1352)               0.000    0.000 2.88e-07 2.88e-07   0.0
        aa_45__aa (f3_sub_742)           0.000    0.000 2.88e-07 2.88e-07   0.0
          m1 (f3_add_1337)               0.000    0.000 2.88e-07 2.88e-07   0.0
        aa_91__aa (f3_sub_696)        2.06e-09 9.71e-10 2.73e-07 2.76e-07   0.0
          m1 (f3_add_1291)            2.06e-09 9.71e-10 2.73e-07 2.76e-07   0.0
        aa_4__aa (f3_sub_783)            0.000    0.000 2.88e-07 2.88e-07   0.0
          m1 (f3_add_1378)               0.000    0.000 2.88e-07 2.88e-07   0.0
        aa_53__aa (f3_sub_734)        2.25e-09 8.36e-10 2.84e-07 2.87e-07   0.0
          m1 (f3_add_1329)            2.25e-09 8.36e-10 2.84e-07 2.87e-07   0.0
        aa_68__aa (f3_sub_719)        2.22e-09 8.54e-10 2.82e-07 2.85e-07   0.0
          m1 (f3_add_1314)            2.22e-09 8.54e-10 2.82e-07 2.85e-07   0.0
        aa_15__aa (f3_sub_772)           0.000    0.000 2.88e-07 2.88e-07   0.0
          m1 (f3_add_1367)               0.000    0.000 2.88e-07 2.88e-07   0.0
        aa_61__aa (f3_sub_726)           0.000    0.000 2.88e-07 2.88e-07   0.0
          m1 (f3_add_1321)               0.000    0.000 2.88e-07 2.88e-07   0.0
        aa_76__aa (f3_sub_711)        3.40e-09 1.51e-09 2.75e-07 2.80e-07   0.0
          m1 (f3_add_1306)            3.40e-09 1.51e-09 2.75e-07 2.80e-07   0.0
        aa_23__aa (f3_sub_764)           0.000    0.000 2.88e-07 2.88e-07   0.0
          m1 (f3_add_1359)               0.000    0.000 2.88e-07 2.88e-07   0.0
        aa_38__aa (f3_sub_749)        3.54e-09 1.24e-09 2.84e-07 2.88e-07   0.0
          m1 (f3_add_1344)            3.54e-09 1.24e-09 2.84e-07 2.88e-07   0.0
        aa_84__aa (f3_sub_703)           0.000    0.000 2.88e-07 2.88e-07   0.0
          m1 (f3_add_1298)               0.000    0.000 2.88e-07 2.88e-07   0.0
        aa_31__aa (f3_sub_756)        1.57e-09 7.50e-10 2.73e-07 2.76e-07   0.0
          m1 (f3_add_1351)            1.57e-09 7.50e-10 2.73e-07 2.76e-07   0.0
        aa_46__aa (f3_sub_741)        2.02e-09 8.00e-10 2.82e-07 2.85e-07   0.0
          m1 (f3_add_1336)            2.02e-09 8.00e-10 2.82e-07 2.85e-07   0.0
        aa_92__aa (f3_sub_695)        2.46e-09 9.32e-10 2.82e-07 2.85e-07   0.0
          m1 (f3_add_1290)            2.46e-09 9.32e-10 2.82e-07 2.85e-07   0.0
        aa_5__aa (f3_sub_782)         2.14e-09 1.05e-09 2.73e-07 2.76e-07   0.0
          m1 (f3_add_1377)            2.14e-09 1.05e-09 2.73e-07 2.76e-07   0.0
        aa_54__aa (f3_sub_733)        2.35e-09 9.06e-10 2.84e-07 2.87e-07   0.0
          m1 (f3_add_1328)            2.35e-09 9.06e-10 2.84e-07 2.87e-07   0.0
        aa_69__aa (f3_sub_718)        1.73e-09 8.59e-10 2.74e-07 2.76e-07   0.0
          m1 (f3_add_1313)            1.73e-09 8.59e-10 2.74e-07 2.76e-07   0.0
        aa_16__aa (f3_sub_771)           0.000    0.000 2.88e-07 2.88e-07   0.0
          m1 (f3_add_1366)               0.000    0.000 2.88e-07 2.88e-07   0.0
        aa_62__aa (f3_sub_725)           0.000    0.000 2.88e-07 2.88e-07   0.0
          m1 (f3_add_1320)               0.000    0.000 2.88e-07 2.88e-07   0.0
        aa_77__aa (f3_sub_710)           0.000    0.000 2.88e-07 2.88e-07   0.0
          m1 (f3_add_1305)               0.000    0.000 2.88e-07 2.88e-07   0.0
        aa_24__aa (f3_sub_763)           0.000    0.000 2.88e-07 2.88e-07   0.0
          m1 (f3_add_1358)               0.000    0.000 2.88e-07 2.88e-07   0.0
        aa_39__aa (f3_sub_748)           0.000    0.000 2.88e-07 2.88e-07   0.0
          m1 (f3_add_1343)               0.000    0.000 2.88e-07 2.88e-07   0.0
        aa_70__aa (f3_sub_717)        2.17e-09 8.54e-10 2.80e-07 2.83e-07   0.0
          m1 (f3_add_1312)            2.17e-09 8.54e-10 2.80e-07 2.83e-07   0.0
        aa_85__aa (f3_sub_702)           0.000    0.000 2.88e-07 2.88e-07   0.0
          m1 (f3_add_1297)               0.000    0.000 2.88e-07 2.88e-07   0.0
        aa_32__aa (f3_sub_755)        2.46e-09 9.79e-10 2.82e-07 2.86e-07   0.0
          m1 (f3_add_1350)            2.46e-09 9.79e-10 2.82e-07 2.86e-07   0.0
        aa_47__aa (f3_sub_740)           0.000    0.000 2.88e-07 2.88e-07   0.0
          m1 (f3_add_1335)               0.000    0.000 2.88e-07 2.88e-07   0.0
        aa_93__aa (f3_sub_694)        2.23e-09 8.63e-10 2.82e-07 2.85e-07   0.0
          m1 (f3_add_1289)            2.23e-09 8.63e-10 2.82e-07 2.85e-07   0.0
        aa_40__aa (f3_sub_747)        3.82e-09 1.38e-09 2.83e-07 2.88e-07   0.0
          m1 (f3_add_1342)            3.82e-09 1.38e-09 2.83e-07 2.88e-07   0.0
        aa_6__aa (f3_sub_781)            0.000    0.000 2.88e-07 2.88e-07   0.0
          m1 (f3_add_1376)               0.000    0.000 2.88e-07 2.88e-07   0.0
        aa_55__aa (f3_sub_732)        1.86e-09 8.94e-10 2.77e-07 2.80e-07   0.0
          m1 (f3_add_1327)            1.86e-09 8.94e-10 2.77e-07 2.80e-07   0.0
        aa_17__aa (f3_sub_770)           0.000    0.000 2.88e-07 2.88e-07   0.0
          m1 (f3_add_1365)               0.000    0.000 2.88e-07 2.88e-07   0.0
        aa_10__aa (f3_sub_777)        2.03e-09 9.18e-10 2.75e-07 2.78e-07   0.0
          m1 (f3_add_1372)            2.03e-09 9.18e-10 2.75e-07 2.78e-07   0.0
        aa_63__aa (f3_sub_724)        2.39e-09 9.76e-10 2.81e-07 2.85e-07   0.0
          m1 (f3_add_1319)            2.39e-09 9.76e-10 2.81e-07 2.85e-07   0.0
        aa_78__aa (f3_sub_709)        2.50e-09 9.72e-10 2.81e-07 2.85e-07   0.0
          m1 (f3_add_1304)            2.50e-09 9.72e-10 2.81e-07 2.85e-07   0.0
        aa_25__aa (f3_sub_762)        1.95e-09 7.32e-10 2.83e-07 2.85e-07   0.0
          m1 (f3_add_1357)            1.95e-09 7.32e-10 2.83e-07 2.85e-07   0.0
        aa_71__aa (f3_sub_716)           0.000    0.000 2.88e-07 2.88e-07   0.0
          m1 (f3_add_1311)               0.000    0.000 2.88e-07 2.88e-07   0.0
        aa_86__aa (f3_sub_701)        2.38e-09 1.13e-09 2.72e-07 2.76e-07   0.0
          m1 (f3_add_1296)            2.38e-09 1.13e-09 2.72e-07 2.76e-07   0.0
        aa_33__aa (f3_sub_754)           0.000    0.000 2.88e-07 2.88e-07   0.0
          m1 (f3_add_1349)               0.000    0.000 2.88e-07 2.88e-07   0.0
        aa_48__aa (f3_sub_739)        1.82e-09 8.95e-10 2.73e-07 2.76e-07   0.0
          m1 (f3_add_1334)            1.82e-09 8.95e-10 2.73e-07 2.76e-07   0.0
        aa_94__aa (f3_sub_693)        2.45e-09 9.28e-10 2.82e-07 2.85e-07   0.0
          m1 (f3_add_1288)            2.45e-09 9.28e-10 2.82e-07 2.85e-07   0.0
        aa_41__aa (f3_sub_746)        2.78e-09 1.25e-09 2.76e-07 2.80e-07   0.0
          m1 (f3_add_1341)            2.78e-09 1.25e-09 2.76e-07 2.80e-07   0.0
        aa_7__aa (f3_sub_780)         2.28e-09 1.14e-09 2.73e-07 2.77e-07   0.0
          m1 (f3_add_1375)            2.28e-09 1.14e-09 2.73e-07 2.77e-07   0.0
        aa_56__aa (f3_sub_731)           0.000    0.000 2.88e-07 2.88e-07   0.0
          m1 (f3_add_1326)               0.000    0.000 2.88e-07 2.88e-07   0.0
        aa_18__aa (f3_sub_769)        1.24e-09 6.72e-10 2.73e-07 2.75e-07   0.0
          m1 (f3_add_1364)            1.24e-09 6.72e-10 2.73e-07 2.75e-07   0.0
        aa_0__aa (f3_sub_787)         2.52e-09 1.00e-09 2.82e-07 2.86e-07   0.0
          m1 (f3_add_1382)            2.52e-09 1.00e-09 2.82e-07 2.86e-07   0.0
        aa_11__aa (f3_sub_776)           0.000    0.000 2.88e-07 2.88e-07   0.0
          m1 (f3_add_1371)               0.000    0.000 2.88e-07 2.88e-07   0.0
        aa_64__aa (f3_sub_723)        3.56e-09 1.36e-09 2.81e-07 2.86e-07   0.0
          m1 (f3_add_1318)            3.56e-09 1.36e-09 2.81e-07 2.86e-07   0.0
        aa_79__aa (f3_sub_708)        2.04e-09 9.83e-10 2.72e-07 2.75e-07   0.0
          m1 (f3_add_1303)            2.04e-09 9.83e-10 2.72e-07 2.75e-07   0.0
        aa_26__aa (f3_sub_761)           0.000    0.000 2.88e-07 2.88e-07   0.0
          m1 (f3_add_1356)               0.000    0.000 2.88e-07 2.88e-07   0.0
        aa_72__aa (f3_sub_715)        1.95e-09 9.47e-10 2.72e-07 2.75e-07   0.0
          m1 (f3_add_1310)            1.95e-09 9.47e-10 2.72e-07 2.75e-07   0.0
        aa_87__aa (f3_sub_700)        2.57e-09 1.02e-09 2.81e-07 2.85e-07   0.0
          m1 (f3_add_1295)            2.57e-09 1.02e-09 2.81e-07 2.85e-07   0.0
        aa_34__aa (f3_sub_753)           0.000    0.000 2.88e-07 2.88e-07   0.0
          m1 (f3_add_1348)               0.000    0.000 2.88e-07 2.88e-07   0.0
        aa_49__aa (f3_sub_738)           0.000    0.000 2.88e-07 2.88e-07   0.0
          m1 (f3_add_1333)               0.000    0.000 2.88e-07 2.88e-07   0.0
        aa_80__aa (f3_sub_707)           0.000    0.000 2.88e-07 2.88e-07   0.0
          m1 (f3_add_1302)               0.000    0.000 2.88e-07 2.88e-07   0.0
        aa_95__aa (f3_sub_692)           0.000    0.000 2.88e-07 2.88e-07   0.0
          m1 (f3_add_1287)               0.000    0.000 2.88e-07 2.88e-07   0.0
        aa_42__aa (f3_sub_745)           0.000    0.000 2.88e-07 2.88e-07   0.0
          m1 (f3_add_1340)               0.000    0.000 2.88e-07 2.88e-07   0.0
        aa_8__aa (f3_sub_779)         2.09e-09 1.05e-09 2.71e-07 2.75e-07   0.0
          m1 (f3_add_1374)            2.09e-09 1.05e-09 2.71e-07 2.75e-07   0.0
        aa_57__aa (f3_sub_730)        1.49e-09 6.97e-10 2.77e-07 2.79e-07   0.0
          m1 (f3_add_1325)            1.49e-09 6.97e-10 2.77e-07 2.79e-07   0.0
        aa_1__aa (f3_sub_786)         2.07e-09 9.98e-10 2.72e-07 2.75e-07   0.0
          m1 (f3_add_1381)            2.07e-09 9.98e-10 2.72e-07 2.75e-07   0.0
        aa_19__aa (f3_sub_768)        1.24e-09 6.72e-10 2.72e-07 2.74e-07   0.0
          m1 (f3_add_1363)            1.24e-09 6.72e-10 2.72e-07 2.74e-07   0.0
        aa_50__aa (f3_sub_737)           0.000    0.000 2.88e-07 2.88e-07   0.0
          m1 (f3_add_1332)               0.000    0.000 2.88e-07 2.88e-07   0.0
        aa_12__aa (f3_sub_775)        1.67e-09 9.05e-10 2.72e-07 2.75e-07   0.0
          m1 (f3_add_1370)            1.67e-09 9.05e-10 2.72e-07 2.75e-07   0.0
        aa_65__aa (f3_sub_722)        2.51e-09 9.77e-10 2.81e-07 2.84e-07   0.0
          m1 (f3_add_1317)            2.51e-09 9.77e-10 2.81e-07 2.84e-07   0.0
        aa_27__aa (f3_sub_760)        1.99e-09 7.21e-10 2.83e-07 2.86e-07   0.0
          m1 (f3_add_1355)            1.99e-09 7.21e-10 2.83e-07 2.86e-07   0.0
        aa_73__aa (f3_sub_714)           0.000    0.000 2.88e-07 2.88e-07   0.0
          m1 (f3_add_1309)               0.000    0.000 2.88e-07 2.88e-07   0.0
        aa_20__aa (f3_sub_767)        1.22e-09 6.62e-10 2.73e-07 2.75e-07   0.0
          m1 (f3_add_1362)            1.22e-09 6.62e-10 2.73e-07 2.75e-07   0.0
        aa_88__aa (f3_sub_699)        2.49e-09 9.76e-10 2.82e-07 2.86e-07   0.0
          m1 (f3_add_1294)            2.49e-09 9.76e-10 2.82e-07 2.86e-07   0.0
        aa_35__aa (f3_sub_752)           0.000    0.000 2.88e-07 2.88e-07   0.0
          m1 (f3_add_1347)               0.000    0.000 2.88e-07 2.88e-07   0.0
        aa_81__aa (f3_sub_706)        3.07e-09 1.22e-09 2.80e-07 2.84e-07   0.0
          m1 (f3_add_1301)            3.07e-09 1.22e-09 2.80e-07 2.84e-07   0.0
        aa_96__aa (f3_sub_691)           0.000    0.000 2.88e-07 2.88e-07   0.0
          m1 (f3_add_1286)               0.000    0.000 2.88e-07 2.88e-07   0.0
        aa_43__aa (f3_sub_744)           0.000    0.000 2.88e-07 2.88e-07   0.0
          m1 (f3_add_1339)               0.000    0.000 2.88e-07 2.88e-07   0.0
        aa_9__aa (f3_sub_778)            0.000    0.000 2.88e-07 2.88e-07   0.0
          m1 (f3_add_1373)               0.000    0.000 2.88e-07 2.88e-07   0.0
        aa_58__aa (f3_sub_729)           0.000    0.000 2.88e-07 2.88e-07   0.0
          m1 (f3_add_1324)               0.000    0.000 2.88e-07 2.88e-07   0.0
        aa_2__aa (f3_sub_785)            0.000    0.000 2.88e-07 2.88e-07   0.0
          m1 (f3_add_1380)               0.000    0.000 2.88e-07 2.88e-07   0.0
        aa_51__aa (f3_sub_736)        1.69e-09 8.37e-10 2.73e-07 2.76e-07   0.0
          m1 (f3_add_1331)            1.69e-09 8.37e-10 2.73e-07 2.76e-07   0.0
        aa_66__aa (f3_sub_721)        4.24e-09 1.71e-09 2.74e-07 2.80e-07   0.0
          m1 (f3_add_1316)            4.24e-09 1.71e-09 2.74e-07 2.80e-07   0.0
        aa_13__aa (f3_sub_774)        1.87e-09 9.17e-10 2.73e-07 2.76e-07   0.0
          m1 (f3_add_1369)            1.87e-09 9.17e-10 2.73e-07 2.76e-07   0.0
        aa_28__aa (f3_sub_759)        1.59e-09 7.36e-10 2.73e-07 2.76e-07   0.0
          m1 (f3_add_1354)            1.59e-09 7.36e-10 2.73e-07 2.76e-07   0.0
        aa_74__aa (f3_sub_713)        2.16e-09 8.40e-10 2.81e-07 2.84e-07   0.0
          m1 (f3_add_1308)            2.16e-09 8.40e-10 2.81e-07 2.84e-07   0.0
        aa_21__aa (f3_sub_766)        1.75e-09 7.37e-10 2.81e-07 2.83e-07   0.0
          m1 (f3_add_1361)            1.75e-09 7.37e-10 2.81e-07 2.83e-07   0.0
        aa_89__aa (f3_sub_698)           0.000    0.000 2.88e-07 2.88e-07   0.0
          m1 (f3_add_1293)               0.000    0.000 2.88e-07 2.88e-07   0.0
        aa_36__aa (f3_sub_751)        3.66e-09 1.28e-09 2.83e-07 2.88e-07   0.0
          m1 (f3_add_1346)            3.66e-09 1.28e-09 2.83e-07 2.88e-07   0.0
        aa_82__aa (f3_sub_705)        3.08e-09 1.22e-09 2.79e-07 2.84e-07   0.0
          m1 (f3_add_1300)            3.08e-09 1.22e-09 2.79e-07 2.84e-07   0.0
        aa_44__aa (f3_sub_743)           0.000    0.000 2.88e-07 2.88e-07   0.0
          m1 (f3_add_1338)               0.000    0.000 2.88e-07 2.88e-07   0.0
      ins2 (f3m_sub_2)                1.40e-07 5.72e-08 2.73e-05 2.75e-05   0.5
        aa_59__aa (f3_sub_631)        1.59e-09 6.20e-10 2.82e-07 2.85e-07   0.0
          m1 (f3_add_1226)            1.59e-09 6.20e-10 2.82e-07 2.85e-07   0.0
        aa_90__aa (f3_sub_600)        2.52e-09 1.09e-09 2.74e-07 2.78e-07   0.0
          m1 (f3_add_1195)            2.52e-09 1.09e-09 2.74e-07 2.78e-07   0.0
        aa_3__aa (f3_sub_687)         1.82e-09 8.72e-10 2.71e-07 2.74e-07   0.0
          m1 (f3_add_1282)            1.82e-09 8.72e-10 2.71e-07 2.74e-07   0.0
        aa_52__aa (f3_sub_638)        1.93e-09 8.93e-10 2.73e-07 2.76e-07   0.0
          m1 (f3_add_1233)            1.93e-09 8.93e-10 2.73e-07 2.76e-07   0.0
        aa_67__aa (f3_sub_623)           0.000    0.000 2.88e-07 2.88e-07   0.0
          m1 (f3_add_1218)               0.000    0.000 2.88e-07 2.88e-07   0.0
        aa_14__aa (f3_sub_676)        2.55e-09 9.27e-10 2.80e-07 2.84e-07   0.0
          m1 (f3_add_1271)            2.55e-09 9.27e-10 2.80e-07 2.84e-07   0.0
        aa_29__aa (f3_sub_661)        2.22e-09 8.27e-10 2.82e-07 2.85e-07   0.0
          m1 (f3_add_1256)            2.22e-09 8.27e-10 2.82e-07 2.85e-07   0.0
        aa_60__aa (f3_sub_630)        1.54e-09 7.31e-10 2.74e-07 2.77e-07   0.0
          m1 (f3_add_1225)            1.54e-09 7.31e-10 2.74e-07 2.77e-07   0.0
        aa_75__aa (f3_sub_615)        2.75e-09 1.03e-09 2.81e-07 2.85e-07   0.0
          m1 (f3_add_1210)            2.75e-09 1.03e-09 2.81e-07 2.85e-07   0.0
        aa_22__aa (f3_sub_668)        1.76e-09 8.33e-10 2.73e-07 2.76e-07   0.0
          m1 (f3_add_1263)            1.76e-09 8.33e-10 2.73e-07 2.76e-07   0.0
        aa_37__aa (f3_sub_653)        3.65e-09 1.26e-09 2.81e-07 2.86e-07   0.0
          m1 (f3_add_1248)            3.65e-09 1.26e-09 2.81e-07 2.86e-07   0.0
        aa_83__aa (f3_sub_607)           0.000    0.000 2.88e-07 2.88e-07   0.0
          m1 (f3_add_1202)               0.000    0.000 2.88e-07 2.88e-07   0.0
        aa_30__aa (f3_sub_660)        2.66e-09 1.17e-09 2.73e-07 2.77e-07   0.0
          m1 (f3_add_1255)            2.66e-09 1.17e-09 2.73e-07 2.77e-07   0.0
        aa_45__aa (f3_sub_645)           0.000    0.000 2.88e-07 2.88e-07   0.0
          m1 (f3_add_1240)               0.000    0.000 2.88e-07 2.88e-07   0.0
        aa_91__aa (f3_sub_599)        3.11e-09 1.09e-09 2.83e-07 2.87e-07   0.0
          m1 (f3_add_1194)            3.11e-09 1.09e-09 2.83e-07 2.87e-07   0.0
        aa_4__aa (f3_sub_686)         2.70e-09 1.02e-09 2.81e-07 2.85e-07   0.0
          m1 (f3_add_1281)            2.70e-09 1.02e-09 2.81e-07 2.85e-07   0.0
        aa_53__aa (f3_sub_637)           0.000    0.000 2.88e-07 2.88e-07   0.0
          m1 (f3_add_1232)               0.000    0.000 2.88e-07 2.88e-07   0.0
        aa_68__aa (f3_sub_622)        1.92e-09 9.30e-10 2.72e-07 2.75e-07   0.0
          m1 (f3_add_1217)            1.92e-09 9.30e-10 2.72e-07 2.75e-07   0.0
        aa_15__aa (f3_sub_675)        2.03e-09 9.15e-10 2.71e-07 2.74e-07   0.0
          m1 (f3_add_1270)            2.03e-09 9.15e-10 2.71e-07 2.74e-07   0.0
        aa_61__aa (f3_sub_629)        1.75e-09 6.68e-10 2.83e-07 2.86e-07   0.0
          m1 (f3_add_1224)            1.75e-09 6.68e-10 2.83e-07 2.86e-07   0.0
        aa_76__aa (f3_sub_614)           0.000    0.000 2.88e-07 2.88e-07   0.0
          m1 (f3_add_1209)               0.000    0.000 2.88e-07 2.88e-07   0.0
        aa_23__aa (f3_sub_667)           0.000    0.000 2.88e-07 2.88e-07   0.0
          m1 (f3_add_1262)               0.000    0.000 2.88e-07 2.88e-07   0.0
        aa_38__aa (f3_sub_652)        2.94e-09 1.05e-09 2.81e-07 2.85e-07   0.0
          m1 (f3_add_1247)            2.94e-09 1.05e-09 2.81e-07 2.85e-07   0.0
        aa_84__aa (f3_sub_606)        2.93e-09 1.07e-09 2.83e-07 2.87e-07   0.0
          m1 (f3_add_1201)            2.93e-09 1.07e-09 2.83e-07 2.87e-07   0.0
        aa_31__aa (f3_sub_659)           0.000    0.000 2.88e-07 2.88e-07   0.0
          m1 (f3_add_1254)               0.000    0.000 2.88e-07 2.88e-07   0.0
        aa_46__aa (f3_sub_644)        1.93e-09 8.15e-10 2.79e-07 2.81e-07   0.0
          m1 (f3_add_1239)            1.93e-09 8.15e-10 2.79e-07 2.81e-07   0.0
        aa_92__aa (f3_sub_598)        2.36e-09 1.04e-09 2.74e-07 2.78e-07   0.0
          m1 (f3_add_1193)            2.36e-09 1.04e-09 2.74e-07 2.78e-07   0.0
        aa_5__aa (f3_sub_685)            0.000    0.000 2.88e-07 2.88e-07   0.0
          m1 (f3_add_1280)               0.000    0.000 2.88e-07 2.88e-07   0.0
        aa_54__aa (f3_sub_636)           0.000    0.000 2.88e-07 2.88e-07   0.0
          m1 (f3_add_1231)               0.000    0.000 2.88e-07 2.88e-07   0.0
        aa_69__aa (f3_sub_621)           0.000    0.000 2.88e-07 2.88e-07   0.0
          m1 (f3_add_1216)               0.000    0.000 2.88e-07 2.88e-07   0.0
        aa_16__aa (f3_sub_674)        2.31e-09 8.39e-10 2.81e-07 2.84e-07   0.0
          m1 (f3_add_1269)            2.31e-09 8.39e-10 2.81e-07 2.84e-07   0.0
        aa_62__aa (f3_sub_628)           0.000    0.000 2.88e-07 2.88e-07   0.0
          m1 (f3_add_1223)               0.000    0.000 2.88e-07 2.88e-07   0.0
        aa_77__aa (f3_sub_613)           0.000    0.000 2.88e-07 2.88e-07   0.0
          m1 (f3_add_1208)               0.000    0.000 2.88e-07 2.88e-07   0.0
        aa_24__aa (f3_sub_666)        2.18e-09 8.31e-10 2.82e-07 2.85e-07   0.0
          m1 (f3_add_1261)            2.18e-09 8.31e-10 2.82e-07 2.85e-07   0.0
        aa_39__aa (f3_sub_651)           0.000    0.000 2.88e-07 2.88e-07   0.0
          m1 (f3_add_1246)               0.000    0.000 2.88e-07 2.88e-07   0.0
        aa_70__aa (f3_sub_620)        2.71e-09 9.80e-10 2.82e-07 2.86e-07   0.0
          m1 (f3_add_1215)            2.71e-09 9.80e-10 2.82e-07 2.86e-07   0.0
        aa_85__aa (f3_sub_605)        2.39e-09 1.06e-09 2.74e-07 2.78e-07   0.0
          m1 (f3_add_1200)            2.39e-09 1.06e-09 2.74e-07 2.78e-07   0.0
        aa_32__aa (f3_sub_658)           0.000    0.000 2.88e-07 2.88e-07   0.0
          m1 (f3_add_1253)               0.000    0.000 2.88e-07 2.88e-07   0.0
        aa_47__aa (f3_sub_643)        2.48e-09 9.58e-10 2.82e-07 2.86e-07   0.0
          m1 (f3_add_1238)            2.48e-09 9.58e-10 2.82e-07 2.86e-07   0.0
        aa_93__aa (f3_sub_597)        1.97e-09 9.92e-10 2.71e-07 2.74e-07   0.0
          m1 (f3_add_1192)            1.97e-09 9.92e-10 2.71e-07 2.74e-07   0.0
        aa_40__aa (f3_sub_650)           0.000    0.000 2.88e-07 2.88e-07   0.0
          m1 (f3_add_1245)               0.000    0.000 2.88e-07 2.88e-07   0.0
        aa_6__aa (f3_sub_684)         2.17e-09 1.02e-09 2.72e-07 2.75e-07   0.0
          m1 (f3_add_1279)            2.17e-09 1.02e-09 2.72e-07 2.75e-07   0.0
        aa_55__aa (f3_sub_635)           0.000    0.000 2.88e-07 2.88e-07   0.0
          m1 (f3_add_1230)               0.000    0.000 2.88e-07 2.88e-07   0.0
        aa_17__aa (f3_sub_673)           0.000    0.000 2.88e-07 2.88e-07   0.0
          m1 (f3_add_1268)               0.000    0.000 2.88e-07 2.88e-07   0.0
        aa_10__aa (f3_sub_680)        2.13e-09 7.83e-10 2.81e-07 2.83e-07   0.0
          m1 (f3_add_1275)            2.13e-09 7.83e-10 2.81e-07 2.83e-07   0.0
        aa_63__aa (f3_sub_627)           0.000    0.000 2.88e-07 2.88e-07   0.0
          m1 (f3_add_1222)               0.000    0.000 2.88e-07 2.88e-07   0.0
        aa_78__aa (f3_sub_612)           0.000    0.000 2.88e-07 2.88e-07   0.0
          m1 (f3_add_1207)               0.000    0.000 2.88e-07 2.88e-07   0.0
        aa_25__aa (f3_sub_665)        2.23e-09 8.55e-10 2.82e-07 2.85e-07   0.0
          m1 (f3_add_1260)            2.23e-09 8.55e-10 2.82e-07 2.85e-07   0.0
        aa_71__aa (f3_sub_619)        1.70e-09 8.60e-10 2.73e-07 2.75e-07   0.0
          m1 (f3_add_1214)            1.70e-09 8.60e-10 2.73e-07 2.75e-07   0.0
        aa_86__aa (f3_sub_604)        2.88e-09 1.04e-09 2.83e-07 2.87e-07   0.0
          m1 (f3_add_1199)            2.88e-09 1.04e-09 2.83e-07 2.87e-07   0.0
        aa_33__aa (f3_sub_657)        3.36e-09 1.15e-09 2.81e-07 2.86e-07   0.0
          m1 (f3_add_1252)            3.36e-09 1.15e-09 2.81e-07 2.86e-07   0.0
        aa_48__aa (f3_sub_642)        2.36e-09 9.00e-10 2.82e-07 2.86e-07   0.0
          m1 (f3_add_1237)            2.36e-09 9.00e-10 2.82e-07 2.86e-07   0.0
        aa_94__aa (f3_sub_596)        4.63e-09 1.57e-09 2.85e-07 2.91e-07   0.0
          m1 (f3_add_1191)            4.63e-09 1.57e-09 2.85e-07 2.91e-07   0.0
        aa_41__aa (f3_sub_649)        2.73e-09 1.03e-09 2.81e-07 2.85e-07   0.0
          m1 (f3_add_1244)            2.73e-09 1.03e-09 2.81e-07 2.85e-07   0.0
        aa_7__aa (f3_sub_683)            0.000    0.000 2.88e-07 2.88e-07   0.0
          m1 (f3_add_1278)               0.000    0.000 2.88e-07 2.88e-07   0.0
        aa_56__aa (f3_sub_634)        1.71e-09 6.77e-10 2.82e-07 2.84e-07   0.0
          m1 (f3_add_1229)            1.71e-09 6.77e-10 2.82e-07 2.84e-07   0.0
        aa_18__aa (f3_sub_672)        2.48e-09 8.99e-10 2.81e-07 2.84e-07   0.0
          m1 (f3_add_1267)            2.48e-09 8.99e-10 2.81e-07 2.84e-07   0.0
        aa_0__aa (f3_sub_690)         2.17e-09 8.26e-10 2.80e-07 2.83e-07   0.0
          m1 (f3_add_1285)            2.17e-09 8.26e-10 2.80e-07 2.83e-07   0.0
        aa_11__aa (f3_sub_679)        1.52e-09 7.10e-10 2.73e-07 2.75e-07   0.0
          m1 (f3_add_1274)            1.52e-09 7.10e-10 2.73e-07 2.75e-07   0.0
        aa_64__aa (f3_sub_626)        3.25e-09 1.24e-09 2.79e-07 2.83e-07   0.0
          m1 (f3_add_1221)            3.25e-09 1.24e-09 2.79e-07 2.83e-07   0.0
        aa_79__aa (f3_sub_611)        1.51e-09 8.26e-10 2.70e-07 2.73e-07   0.0
          m1 (f3_add_1206)            1.51e-09 8.26e-10 2.70e-07 2.73e-07   0.0
        aa_26__aa (f3_sub_664)        1.87e-09 9.17e-10 2.73e-07 2.76e-07   0.0
          m1 (f3_add_1259)            1.87e-09 9.17e-10 2.73e-07 2.76e-07   0.0
        aa_72__aa (f3_sub_618)           0.000    0.000 2.88e-07 2.88e-07   0.0
          m1 (f3_add_1213)               0.000    0.000 2.88e-07 2.88e-07   0.0
        aa_87__aa (f3_sub_603)        2.93e-09 1.07e-09 2.83e-07 2.87e-07   0.0
          m1 (f3_add_1198)            2.93e-09 1.07e-09 2.83e-07 2.87e-07   0.0
        aa_34__aa (f3_sub_656)           0.000    0.000 2.88e-07 2.88e-07   0.0
          m1 (f3_add_1251)               0.000    0.000 2.88e-07 2.88e-07   0.0
        aa_49__aa (f3_sub_641)           0.000    0.000 2.88e-07 2.88e-07   0.0
          m1 (f3_add_1236)               0.000    0.000 2.88e-07 2.88e-07   0.0
        aa_80__aa (f3_sub_610)           0.000    0.000 2.88e-07 2.88e-07   0.0
          m1 (f3_add_1205)               0.000    0.000 2.88e-07 2.88e-07   0.0
        aa_95__aa (f3_sub_595)        2.22e-09 1.03e-09 2.73e-07 2.76e-07   0.0
          m1 (f3_add_1190)            2.22e-09 1.03e-09 2.73e-07 2.76e-07   0.0
        aa_42__aa (f3_sub_648)        2.38e-09 1.12e-09 2.73e-07 2.76e-07   0.0
          m1 (f3_add_1243)            2.38e-09 1.12e-09 2.73e-07 2.76e-07   0.0
        aa_8__aa (f3_sub_682)            0.000    0.000 2.88e-07 2.88e-07   0.0
          m1 (f3_add_1277)               0.000    0.000 2.88e-07 2.88e-07   0.0
        aa_57__aa (f3_sub_633)           0.000    0.000 2.88e-07 2.88e-07   0.0
          m1 (f3_add_1228)               0.000    0.000 2.88e-07 2.88e-07   0.0
        aa_1__aa (f3_sub_689)            0.000    0.000 2.88e-07 2.88e-07   0.0
          m1 (f3_add_1284)               0.000    0.000 2.88e-07 2.88e-07   0.0
        aa_19__aa (f3_sub_671)           0.000    0.000 2.88e-07 2.88e-07   0.0
          m1 (f3_add_1266)               0.000    0.000 2.88e-07 2.88e-07   0.0
        aa_50__aa (f3_sub_640)        1.23e-09 6.16e-10 2.74e-07 2.76e-07   0.0
          m1 (f3_add_1235)            1.23e-09 6.16e-10 2.74e-07 2.76e-07   0.0
        aa_12__aa (f3_sub_678)           0.000    0.000 2.88e-07 2.88e-07   0.0
          m1 (f3_add_1273)               0.000    0.000 2.88e-07 2.88e-07   0.0
        aa_65__aa (f3_sub_625)           0.000    0.000 2.88e-07 2.88e-07   0.0
          m1 (f3_add_1220)               0.000    0.000 2.88e-07 2.88e-07   0.0
        aa_27__aa (f3_sub_663)           0.000    0.000 2.88e-07 2.88e-07   0.0
          m1 (f3_add_1258)               0.000    0.000 2.88e-07 2.88e-07   0.0
        aa_73__aa (f3_sub_617)        2.71e-09 1.00e-09 2.81e-07 2.85e-07   0.0
          m1 (f3_add_1212)            2.71e-09 1.00e-09 2.81e-07 2.85e-07   0.0
        aa_20__aa (f3_sub_670)           0.000    0.000 2.88e-07 2.88e-07   0.0
          m1 (f3_add_1265)               0.000    0.000 2.88e-07 2.88e-07   0.0
        aa_88__aa (f3_sub_602)        2.37e-09 1.05e-09 2.75e-07 2.79e-07   0.0
          m1 (f3_add_1197)            2.37e-09 1.05e-09 2.75e-07 2.79e-07   0.0
        aa_35__aa (f3_sub_655)           0.000    0.000 2.88e-07 2.88e-07   0.0
          m1 (f3_add_1250)               0.000    0.000 2.88e-07 2.88e-07   0.0
        aa_81__aa (f3_sub_609)           0.000    0.000 2.88e-07 2.88e-07   0.0
          m1 (f3_add_1204)               0.000    0.000 2.88e-07 2.88e-07   0.0
        aa_96__aa (f3_sub_594)        2.49e-09 1.13e-09 2.75e-07 2.78e-07   0.0
          m1 (f3_add_1189)            2.49e-09 1.13e-09 2.75e-07 2.78e-07   0.0
        aa_43__aa (f3_sub_647)        1.45e-09 7.99e-10 2.70e-07 2.72e-07   0.0
          m1 (f3_add_1242)            1.45e-09 7.99e-10 2.70e-07 2.72e-07   0.0
        aa_9__aa (f3_sub_681)            0.000    0.000 2.88e-07 2.88e-07   0.0
          m1 (f3_add_1276)               0.000    0.000 2.88e-07 2.88e-07   0.0
        aa_58__aa (f3_sub_632)           0.000    0.000 2.88e-07 2.88e-07   0.0
          m1 (f3_add_1227)               0.000    0.000 2.88e-07 2.88e-07   0.0
        aa_2__aa (f3_sub_688)         1.98e-09 9.34e-10 2.71e-07 2.74e-07   0.0
          m1 (f3_add_1283)            1.98e-09 9.34e-10 2.71e-07 2.74e-07   0.0
        aa_51__aa (f3_sub_639)           0.000    0.000 2.88e-07 2.88e-07   0.0
          m1 (f3_add_1234)               0.000    0.000 2.88e-07 2.88e-07   0.0
        aa_66__aa (f3_sub_624)        2.57e-09 1.21e-09 2.75e-07 2.78e-07   0.0
          m1 (f3_add_1219)            2.57e-09 1.21e-09 2.75e-07 2.78e-07   0.0
        aa_13__aa (f3_sub_677)        1.89e-09 8.68e-10 2.71e-07 2.74e-07   0.0
          m1 (f3_add_1272)            1.89e-09 8.68e-10 2.71e-07 2.74e-07   0.0
        aa_28__aa (f3_sub_662)        2.16e-09 8.17e-10 2.82e-07 2.84e-07   0.0
          m1 (f3_add_1257)            2.16e-09 8.17e-10 2.82e-07 2.84e-07   0.0
        aa_74__aa (f3_sub_616)        2.90e-09 1.04e-09 2.80e-07 2.84e-07   0.0
          m1 (f3_add_1211)            2.90e-09 1.04e-09 2.80e-07 2.84e-07   0.0
        aa_21__aa (f3_sub_669)        2.22e-09 8.41e-10 2.82e-07 2.85e-07   0.0
          m1 (f3_add_1264)            2.22e-09 8.41e-10 2.82e-07 2.85e-07   0.0
        aa_89__aa (f3_sub_601)        2.23e-09 9.72e-10 2.75e-07 2.78e-07   0.0
          m1 (f3_add_1196)            2.23e-09 9.72e-10 2.75e-07 2.78e-07   0.0
        aa_36__aa (f3_sub_654)        3.58e-09 1.25e-09 2.81e-07 2.85e-07   0.0
          m1 (f3_add_1249)            3.58e-09 1.25e-09 2.81e-07 2.85e-07   0.0
        aa_82__aa (f3_sub_608)        1.50e-09 8.26e-10 2.71e-07 2.73e-07   0.0
          m1 (f3_add_1203)            1.50e-09 8.26e-10 2.71e-07 2.73e-07   0.0
        aa_44__aa (f3_sub_646)        1.45e-09 8.05e-10 2.69e-07 2.72e-07   0.0
          m1 (f3_add_1241)            1.45e-09 8.05e-10 2.69e-07 2.72e-07   0.0
      ins3 (f3m_inv_0)                4.14e-04 4.49e-05 5.05e-04 9.63e-04  15.9
        ins1 (func1_1)                8.37e-07 7.30e-07 5.06e-05 5.21e-05   0.9
          label_32__s1 (f3_sub_183)   2.53e-09 1.36e-09 2.88e-07 2.91e-07   0.0
            m1 (f3_add_183)           2.53e-09 1.36e-09 2.88e-07 2.91e-07   0.0
          label_118__s1 (f3_sub_140)  1.44e-09 7.90e-10 2.88e-07 2.90e-07   0.0
            m1 (f3_add_140)           1.44e-09 7.90e-10 2.88e-07 2.90e-07   0.0
          label_164__s1 (f3_sub_117)  3.09e-09 1.66e-09 2.88e-07 2.93e-07   0.0
            m1 (f3_add_117)           3.09e-09 1.66e-09 2.88e-07 2.93e-07   0.0
          label_126__s1 (f3_sub_136)  1.34e-09 7.18e-10 2.88e-07 2.90e-07   0.0
            m1 (f3_add_136)           1.34e-09 7.18e-10 2.88e-07 2.90e-07   0.0
          label_40__s1 (f3_sub_179)   2.38e-09 1.24e-09 2.88e-07 2.92e-07   0.0
            m1 (f3_add_179)           2.38e-09 1.24e-09 2.88e-07 2.92e-07   0.0
          label_172__s1 (f3_sub_113)  3.74e-09 1.98e-09 2.88e-07 2.93e-07   0.0
            m1 (f3_add_113)           3.74e-09 1.98e-09 2.88e-07 2.93e-07   0.0
          label_134__s1 (f3_sub_132)  1.86e-09 9.18e-10 2.87e-07 2.90e-07   0.0
            m1 (f3_add_132)           1.86e-09 9.18e-10 2.87e-07 2.90e-07   0.0
          label_0__s1 (f3_sub_199)    1.68e-09 1.17e-09 3.26e-07 3.29e-07   0.0
            m1 (f3_add_199)           1.68e-09 1.17e-09 3.26e-07 3.29e-07   0.0
          label_10__s1 (f3_sub_194)   1.45e-09 7.74e-10 2.88e-07 2.90e-07   0.0
            m1 (f3_add_194)           1.45e-09 7.74e-10 2.88e-07 2.90e-07   0.0
          label_180__s1 (f3_sub_109)  4.80e-09 2.50e-09 2.88e-07 2.95e-07   0.0
            m1 (f3_add_109)           4.80e-09 2.50e-09 2.88e-07 2.95e-07   0.0
          label_78__s1 (f3_sub_160)   3.39e-09 1.84e-09 2.88e-07 2.93e-07   0.0
            m1 (f3_add_160)           3.39e-09 1.84e-09 2.88e-07 2.93e-07   0.0
          label_142__s1 (f3_sub_128)  3.46e-09 1.76e-09 2.87e-07 2.92e-07   0.0
            m1 (f3_add_128)           3.46e-09 1.76e-09 2.87e-07 2.92e-07   0.0
          label_104__s1 (f3_sub_147)  1.46e-09 8.54e-10 2.88e-07 2.90e-07   0.0
            m1 (f3_add_147)           1.46e-09 8.54e-10 2.88e-07 2.90e-07   0.0
          label_86__s1 (f3_sub_156)   2.70e-09 1.43e-09 2.88e-07 2.92e-07   0.0
            m1 (f3_add_156)           2.70e-09 1.43e-09 2.88e-07 2.92e-07   0.0
          label_150__s1 (f3_sub_124)  2.41e-09 1.33e-09 2.88e-07 2.92e-07   0.0
            m1 (f3_add_124)           2.41e-09 1.33e-09 2.88e-07 2.92e-07   0.0
          label_48__s1 (f3_sub_175)   3.06e-09 1.56e-09 2.88e-07 2.92e-07   0.0
            m1 (f3_add_175)           3.06e-09 1.56e-09 2.88e-07 2.92e-07   0.0
          label_112__s1 (f3_sub_143)  1.59e-09 8.30e-10 2.88e-07 2.90e-07   0.0
            m1 (f3_add_143)           1.59e-09 8.30e-10 2.88e-07 2.90e-07   0.0
          label_94__s1 (f3_sub_152)   2.95e-09 1.64e-09 2.88e-07 2.92e-07   0.0
            m1 (f3_add_152)           2.95e-09 1.64e-09 2.88e-07 2.92e-07   0.0
          label_8__s1 (f3_sub_195)    1.22e-09 7.57e-10 2.88e-07 2.90e-07   0.0
            m1 (f3_add_195)           1.22e-09 7.57e-10 2.88e-07 2.90e-07   0.0
          label_56__s1 (f3_sub_171)   2.82e-09 1.49e-09 2.88e-07 2.92e-07   0.0
            m1 (f3_add_171)           2.82e-09 1.49e-09 2.88e-07 2.92e-07   0.0
          label_120__s1 (f3_sub_139)  1.25e-09 6.75e-10 2.88e-07 2.90e-07   0.0
            m1 (f3_add_139)           1.25e-09 6.75e-10 2.88e-07 2.90e-07   0.0
          label_18__s1 (f3_sub_190)   2.24e-09 1.14e-09 2.88e-07 2.91e-07   0.0
            m1 (f3_add_190)           2.24e-09 1.14e-09 2.88e-07 2.91e-07   0.0
          label_188__s1 (f3_sub_105)  9.09e-09 4.81e-09 2.88e-07 3.02e-07   0.0
            m1 (f3_add_105)           9.09e-09 4.81e-09 2.88e-07 3.02e-07   0.0
          label_64__s1 (f3_sub_167)   3.11e-09 1.66e-09 2.88e-07 2.93e-07   0.0
            m1 (f3_add_167)           3.11e-09 1.66e-09 2.88e-07 2.93e-07   0.0
          label_26__s1 (f3_sub_186)   2.43e-09 1.38e-09 2.88e-07 2.92e-07   0.0
            m1 (f3_add_186)           2.43e-09 1.38e-09 2.88e-07 2.92e-07   0.0
          label_158__s1 (f3_sub_120)  2.49e-09 1.30e-09 2.88e-07 2.92e-07   0.0
            m1 (f3_add_120)           2.49e-09 1.30e-09 2.88e-07 2.92e-07   0.0
          label_72__s1 (f3_sub_163)   3.17e-09 1.75e-09 2.88e-07 2.93e-07   0.0
            m1 (f3_add_163)           3.17e-09 1.75e-09 2.88e-07 2.93e-07   0.0
          label_34__s1 (f3_sub_182)   2.72e-09 1.47e-09 2.88e-07 2.92e-07   0.0
            m1 (f3_add_182)           2.72e-09 1.47e-09 2.88e-07 2.92e-07   0.0
          f (func4_1)                 5.43e-07 5.76e-07 2.24e-05 2.35e-05   0.4
            label_142__m (f3_mult_124)
                                      5.56e-09 5.35e-09 2.26e-07 2.37e-07   0.0
            label_78__m (f3_mult_156) 5.64e-09 5.33e-09 2.27e-07 2.38e-07   0.0
            label_178__m (f3_mult_106)
                                      5.53e-09 4.56e-09 2.15e-07 2.25e-07   0.0
            label_108__m (f3_mult_141)
                                      5.04e-09 5.11e-09 2.26e-07 2.37e-07   0.0
            label_34__m (f3_mult_178) 4.66e-09 4.99e-09 2.27e-07 2.37e-07   0.0
            label_134__m (f3_mult_128)
                                      5.35e-09 5.22e-09 2.26e-07 2.37e-07   0.0
            label_6__m (f3_mult_192)  4.03e-09 4.76e-09 2.27e-07 2.36e-07   0.0
            label_60__m (f3_mult_165) 6.21e-09 5.55e-09 2.27e-07 2.38e-07   0.0
            label_160__m (f3_mult_115)
                                      5.17e-09 5.16e-09 2.26e-07 2.36e-07   0.0
            label_96__m (f3_mult_147) 4.72e-09 3.60e-09 2.15e-07 2.23e-07   0.0
            label_26__m (f3_mult_182) 5.23e-09 5.16e-09 2.27e-07 2.37e-07   0.0
            label_52__m (f3_mult_169) 4.82e-09 5.04e-09 2.27e-07 2.37e-07   0.0
            label_126__m (f3_mult_132)
                                      4.62e-09 4.15e-09 2.15e-07 2.24e-07   0.0
            label_152__m (f3_mult_119)
                                      5.11e-09 4.32e-09 2.15e-07 2.24e-07   0.0
            label_88__m (f3_mult_151) 5.48e-09 5.26e-09 2.27e-07 2.37e-07   0.0
            label_188__m (f3_mult_101)
                                      6.25e-09 3.60e-09 2.03e-07 2.13e-07   0.0
            label_18__m (f3_mult_186) 3.50e-09 3.20e-09 2.16e-07 2.22e-07   0.0
            label_118__m (f3_mult_136)
                                      4.24e-09 3.44e-09 2.15e-07 2.23e-07   0.0
            label_44__m (f3_mult_173) 4.80e-09 3.66e-09 2.15e-07 2.24e-07   0.0
            label_144__m (f3_mult_123)
                                      5.15e-09 3.81e-09 2.14e-07 2.23e-07   0.0
            label_70__m (f3_mult_160) 5.19e-09 3.78e-09 2.15e-07 2.24e-07   0.0
            label_170__m (f3_mult_110)
                                      4.80e-09 3.70e-09 2.15e-07 2.23e-07   0.0
            label_100__m (f3_mult_145)
                                      4.24e-09 4.03e-09 2.15e-07 2.23e-07   0.0
            label_36__m (f3_mult_177) 5.14e-09 5.15e-09 2.27e-07 2.37e-07   0.0
            label_136__m (f3_mult_127)
                                      5.31e-09 5.20e-09 2.26e-07 2.37e-07   0.0
            label_8__m (f3_mult_191)  3.51e-09 4.57e-09 2.27e-07 2.35e-07   0.0
            label_62__m (f3_mult_164) 6.52e-09 5.64e-09 2.26e-07 2.39e-07   0.0
            label_162__m (f3_mult_114)
                                      5.84e-09 5.37e-09 2.26e-07 2.37e-07   0.0
            label_98__m (f3_mult_146) 4.51e-09 4.13e-09 2.15e-07 2.24e-07   0.0
            label_28__m (f3_mult_181) 5.10e-09 5.13e-09 2.27e-07 2.37e-07   0.0
            label_54__m (f3_mult_168) 5.07e-09 5.13e-09 2.27e-07 2.37e-07   0.0
            label_128__m (f3_mult_131)
                                      5.43e-09 4.43e-09 2.15e-07 2.25e-07   0.0
            label_154__m (f3_mult_118)
                                      4.57e-09 4.16e-09 2.15e-07 2.24e-07   0.0
            label_80__m (f3_mult_155) 6.12e-09 5.48e-09 2.27e-07 2.38e-07   0.0
            label_180__m (f3_mult_105)
                                      5.25e-09 4.46e-09 2.15e-07 2.24e-07   0.0
            label_10__m (f3_mult_190) 4.26e-09 4.83e-09 2.27e-07 2.36e-07   0.0
            label_110__m (f3_mult_140)
                                      5.16e-09 5.15e-09 2.26e-07 2.37e-07   0.0
            label_46__m (f3_mult_172) 4.98e-09 4.31e-09 2.15e-07 2.25e-07   0.0
            label_146__m (f3_mult_122)
                                      4.45e-09 3.56e-09 2.15e-07 2.23e-07   0.0
            label_72__m (f3_mult_159) 5.83e-09 4.53e-09 2.15e-07 2.25e-07   0.0
            label_172__m (f3_mult_109)
                                      5.20e-09 3.83e-09 2.15e-07 2.24e-07   0.0
            label_102__m (f3_mult_144)
                                      4.60e-09 4.15e-09 2.15e-07 2.24e-07   0.0
            label_0__m (f3_mult_195)  3.25e-09 4.47e-09 2.27e-07 2.35e-07   0.0
            label_38__m (f3_mult_176) 5.15e-09 5.16e-09 2.27e-07 2.37e-07   0.0
            label_138__m (f3_mult_126)
                                      5.57e-09 5.31e-09 2.26e-07 2.37e-07   0.0
            label_64__m (f3_mult_163) 6.60e-09 5.67e-09 2.26e-07 2.39e-07   0.0
            label_164__m (f3_mult_113)
                                      5.83e-09 5.42e-09 2.26e-07 2.37e-07   0.0
            label_90__m (f3_mult_150) 5.08e-09 5.10e-09 2.27e-07 2.37e-07   0.0
            label_190__m (f3_mult_100)
                                      6.11e-09 3.56e-09 2.03e-07 2.12e-07   0.0
            label_20__m (f3_mult_185) 4.17e-09 3.99e-09 2.16e-07 2.24e-07   0.0
            label_120__m (f3_mult_135)
                                      4.13e-09 3.39e-09 2.15e-07 2.22e-07   0.0
            label_56__m (f3_mult_167) 5.68e-09 5.34e-09 2.27e-07 2.38e-07   0.0
            label_156__m (f3_mult_117)
                                      5.69e-09 5.34e-09 2.26e-07 2.37e-07   0.0
            label_82__m (f3_mult_154) 6.76e-09 5.71e-09 2.26e-07 2.39e-07   0.0
            label_182__m (f3_mult_104)
                                      5.49e-09 3.99e-09 2.14e-07 2.24e-07   0.0
            label_12__m (f3_mult_189) 3.53e-09 4.58e-09 2.27e-07 2.35e-07   0.0
            label_112__m (f3_mult_139)
                                      4.76e-09 4.99e-09 2.27e-07 2.36e-07   0.0
            label_48__m (f3_mult_171) 4.71e-09 4.20e-09 2.15e-07 2.24e-07   0.0
            label_148__m (f3_mult_121)
                                      4.61e-09 3.59e-09 2.15e-07 2.23e-07   0.0
            label_74__m (f3_mult_158) 5.62e-09 4.49e-09 2.15e-07 2.25e-07   0.0
            label_174__m (f3_mult_108)
                                      5.63e-09 4.00e-09 2.15e-07 2.24e-07   0.0
            label_30__m (f3_mult_180) 4.41e-09 4.88e-09 2.27e-07 2.36e-07   0.0
            label_104__m (f3_mult_143)
                                      4.93e-09 5.06e-09 2.26e-07 2.36e-07   0.0
            label_130__m (f3_mult_130)
                                      5.60e-09 5.29e-09 2.26e-07 2.37e-07   0.0
            label_2__m (f3_mult_194)  3.76e-09 4.67e-09 2.27e-07 2.36e-07   0.0
            label_66__m (f3_mult_162) 5.24e-09 3.80e-09 2.15e-07 2.24e-07   0.0
            label_166__m (f3_mult_112)
                                      5.41e-09 5.28e-09 2.26e-07 2.37e-07   0.0
            label_92__m (f3_mult_149) 4.72e-09 3.60e-09 2.15e-07 2.23e-07   0.0
            label_192__m (f3_mult_99) 6.54e-09 3.75e-09 2.03e-07 2.13e-07   0.0
            label_22__m (f3_mult_184) 3.81e-09 3.85e-09 2.16e-07 2.23e-07   0.0
            label_122__m (f3_mult_134)
                                      3.70e-09 3.24e-09 2.15e-07 2.22e-07   0.0
            label_58__m (f3_mult_166) 6.40e-09 5.62e-09 2.26e-07 2.38e-07   0.0
            label_158__m (f3_mult_116)
                                      5.80e-09 5.38e-09 2.26e-07 2.37e-07   0.0
            label_84__m (f3_mult_153) 6.07e-09 5.44e-09 2.27e-07 2.38e-07   0.0
            label_184__m (f3_mult_103)
                                      6.10e-09 4.82e-09 2.15e-07 2.25e-07   0.0
            label_14__m (f3_mult_188) 3.40e-09 3.15e-09 2.16e-07 2.22e-07   0.0
            label_40__m (f3_mult_175) 4.31e-09 3.49e-09 2.15e-07 2.23e-07   0.0
            label_114__m (f3_mult_138)
                                      4.95e-09 5.06e-09 2.26e-07 2.36e-07   0.0
            label_140__m (f3_mult_125)
                                      6.10e-09 5.54e-09 2.26e-07 2.38e-07   0.0
            label_76__m (f3_mult_157) 5.70e-09 4.53e-09 2.15e-07 2.25e-07   0.0
            label_176__m (f3_mult_107)
                                      5.73e-09 4.60e-09 2.15e-07 2.25e-07   0.0
            label_32__m (f3_mult_179) 4.55e-09 4.94e-09 2.27e-07 2.36e-07   0.0
            label_106__m (f3_mult_142)
                                      4.92e-09 5.07e-09 2.27e-07 2.37e-07   0.0
            label_132__m (f3_mult_129)
                                      6.16e-09 5.49e-09 2.26e-07 2.38e-07   0.0
            label_4__m (f3_mult_193)  3.48e-09 4.58e-09 2.27e-07 2.35e-07   0.0
            label_68__m (f3_mult_161) 5.16e-09 3.76e-09 2.15e-07 2.24e-07   0.0
            label_168__m (f3_mult_111)
                                      5.48e-09 5.32e-09 2.26e-07 2.37e-07   0.0
            label_94__m (f3_mult_148) 4.63e-09 3.58e-09 2.15e-07 2.23e-07   0.0
            label_194__m (f3_mult_98) 7.49e-09 4.14e-09 2.03e-07 2.14e-07   0.0
            label_24__m (f3_mult_183) 4.31e-09 4.03e-09 2.16e-07 2.24e-07   0.0
            label_50__m (f3_mult_170) 5.13e-09 4.35e-09 2.15e-07 2.25e-07   0.0
            label_124__m (f3_mult_133)
                                      3.94e-09 3.91e-09 2.15e-07 2.23e-07   0.0
            label_150__m (f3_mult_120)
                                      4.36e-09 4.08e-09 2.15e-07 2.23e-07   0.0
            label_86__m (f3_mult_152) 5.88e-09 5.39e-09 2.27e-07 2.38e-07   0.0
            label_186__m (f3_mult_102)
                                      5.68e-09 3.34e-09 2.03e-07 2.12e-07   0.0
            label_16__m (f3_mult_187) 3.71e-09 3.27e-09 2.15e-07 2.22e-07   0.0
            label_42__m (f3_mult_174) 4.34e-09 3.49e-09 2.15e-07 2.23e-07   0.0
            label_116__m (f3_mult_137)
                                      4.58e-09 4.94e-09 2.27e-07 2.36e-07   0.0
          label_166__s1 (f3_sub_116)  2.86e-09 1.56e-09 2.87e-07 2.92e-07   0.0
            m1 (f3_add_116)           2.86e-09 1.56e-09 2.87e-07 2.92e-07   0.0
          label_80__s1 (f3_sub_159)   2.99e-09 1.63e-09 2.88e-07 2.93e-07   0.0
            m1 (f3_add_159)           2.99e-09 1.63e-09 2.88e-07 2.93e-07   0.0
          label_128__s1 (f3_sub_135)  1.87e-09 9.69e-10 2.88e-07 2.91e-07   0.0
            m1 (f3_add_135)           1.87e-09 9.69e-10 2.88e-07 2.91e-07   0.0
          label_42__s1 (f3_sub_178)   2.10e-09 1.09e-09 2.88e-07 2.91e-07   0.0
            m1 (f3_add_178)           2.10e-09 1.09e-09 2.88e-07 2.91e-07   0.0
          label_174__s1 (f3_sub_112)  4.10e-09 2.08e-09 2.88e-07 2.94e-07   0.0
            m1 (f3_add_112)           4.10e-09 2.08e-09 2.88e-07 2.94e-07   0.0
          label_136__s1 (f3_sub_131)  1.77e-09 9.50e-10 2.88e-07 2.91e-07   0.0
            m1 (f3_add_131)           1.77e-09 9.50e-10 2.88e-07 2.91e-07   0.0
          label_2__s1 (f3_sub_198)    1.50e-09 7.82e-10 2.88e-07 2.90e-07   0.0
            m1 (f3_add_198)           1.50e-09 7.82e-10 2.88e-07 2.90e-07   0.0
          label_50__s1 (f3_sub_174)   2.70e-09 1.44e-09 2.88e-07 2.92e-07   0.0
            m1 (f3_add_174)           2.70e-09 1.44e-09 2.88e-07 2.92e-07   0.0
          label_12__s1 (f3_sub_193)   1.50e-09 8.30e-10 2.88e-07 2.90e-07   0.0
            m1 (f3_add_193)           1.50e-09 8.30e-10 2.88e-07 2.90e-07   0.0
          label_182__s1 (f3_sub_108)  5.15e-09 2.70e-09 2.87e-07 2.95e-07   0.0
            m1 (f3_add_108)           5.15e-09 2.70e-09 2.87e-07 2.95e-07   0.0
          label_144__s1 (f3_sub_127)  3.39e-09 1.79e-09 2.88e-07 2.93e-07   0.0
            m1 (f3_add_127)           3.39e-09 1.79e-09 2.88e-07 2.93e-07   0.0
          label_106__s1 (f3_sub_146)  1.65e-09 8.98e-10 2.88e-07 2.91e-07   0.0
            m1 (f3_add_146)           1.65e-09 8.98e-10 2.88e-07 2.91e-07   0.0
          label_20__s1 (f3_sub_189)   2.03e-09 1.12e-09 2.88e-07 2.91e-07   0.0
            m1 (f3_add_189)           2.03e-09 1.12e-09 2.88e-07 2.91e-07   0.0
          label_190__s1 (f3_sub_104)  1.02e-08 5.06e-09 2.87e-07 3.03e-07   0.0
            m1 (f3_add_104)           1.02e-08 5.06e-09 2.87e-07 3.03e-07   0.0
          label_88__s1 (f3_sub_155)   2.63e-09 1.38e-09 2.88e-07 2.92e-07   0.0
            m1 (f3_add_155)           2.63e-09 1.38e-09 2.88e-07 2.92e-07   0.0
          label_152__s1 (f3_sub_123)  2.37e-09 1.24e-09 2.87e-07 2.91e-07   0.0
            m1 (f3_add_123)           2.37e-09 1.24e-09 2.87e-07 2.91e-07   0.0
          label_114__s1 (f3_sub_142)  1.33e-09 7.32e-10 2.88e-07 2.90e-07   0.0
            m1 (f3_add_142)           1.33e-09 7.32e-10 2.88e-07 2.90e-07   0.0
          label_96__s1 (f3_sub_151)   2.84e-09 1.55e-09 2.88e-07 2.93e-07   0.0
            m1 (f3_add_151)           2.84e-09 1.55e-09 2.88e-07 2.93e-07   0.0
          label_160__s1 (f3_sub_119)  2.38e-09 1.24e-09 2.88e-07 2.91e-07   0.0
            m1 (f3_add_119)           2.38e-09 1.24e-09 2.88e-07 2.91e-07   0.0
          label_58__s1 (f3_sub_170)   3.78e-09 1.96e-09 2.88e-07 2.93e-07   0.0
            m1 (f3_add_170)           3.78e-09 1.96e-09 2.88e-07 2.93e-07   0.0
          label_122__s1 (f3_sub_138)  1.32e-09 6.58e-10 2.88e-07 2.90e-07   0.0
            m1 (f3_add_138)           1.32e-09 6.58e-10 2.88e-07 2.90e-07   0.0
          label_66__s1 (f3_sub_166)   3.86e-09 1.93e-09 2.87e-07 2.93e-07   0.0
            m1 (f3_add_166)           3.86e-09 1.93e-09 2.87e-07 2.93e-07   0.0
          label_130__s1 (f3_sub_134)  1.67e-09 8.66e-10 2.87e-07 2.90e-07   0.0
            m1 (f3_add_134)           1.67e-09 8.66e-10 2.87e-07 2.90e-07   0.0
          label_28__s1 (f3_sub_185)   2.40e-09 1.30e-09 2.87e-07 2.91e-07   0.0
            m1 (f3_add_185)           2.40e-09 1.30e-09 2.87e-07 2.91e-07   0.0
          label_74__s1 (f3_sub_162)   3.57e-09 1.83e-09 2.88e-07 2.93e-07   0.0
            m1 (f3_add_162)           3.57e-09 1.83e-09 2.88e-07 2.93e-07   0.0
          label_36__s1 (f3_sub_181)   3.17e-09 1.62e-09 2.88e-07 2.92e-07   0.0
            m1 (f3_add_181)           3.17e-09 1.62e-09 2.88e-07 2.92e-07   0.0
          label_100__s1 (f3_sub_149)  2.29e-09 1.18e-09 2.88e-07 2.91e-07   0.0
            m1 (f3_add_149)           2.29e-09 1.18e-09 2.88e-07 2.91e-07   0.0
          label_168__s1 (f3_sub_115)  3.66e-09 1.91e-09 2.88e-07 2.94e-07   0.0
            m1 (f3_add_115)           3.66e-09 1.91e-09 2.88e-07 2.94e-07   0.0
          label_82__s1 (f3_sub_158)   3.21e-09 1.74e-09 2.87e-07 2.92e-07   0.0
            m1 (f3_add_158)           3.21e-09 1.74e-09 2.87e-07 2.92e-07   0.0
          label_44__s1 (f3_sub_177)   2.49e-09 1.33e-09 2.88e-07 2.92e-07   0.0
            m1 (f3_add_177)           2.49e-09 1.33e-09 2.88e-07 2.92e-07   0.0
          label_176__s1 (f3_sub_111)  3.87e-09 2.09e-09 2.87e-07 2.93e-07   0.0
            m1 (f3_add_111)           3.87e-09 2.09e-09 2.87e-07 2.93e-07   0.0
          label_90__s1 (f3_sub_154)   2.37e-09 1.31e-09 2.88e-07 2.92e-07   0.0
            m1 (f3_add_154)           2.37e-09 1.31e-09 2.88e-07 2.92e-07   0.0
          label_138__s1 (f3_sub_130)  2.37e-09 1.26e-09 2.88e-07 2.91e-07   0.0
            m1 (f3_add_130)           2.37e-09 1.26e-09 2.88e-07 2.91e-07   0.0
          label_4__s1 (f3_sub_197)    1.50e-09 8.19e-10 2.88e-07 2.91e-07   0.0
            m1 (f3_add_197)           1.50e-09 8.19e-10 2.88e-07 2.91e-07   0.0
          label_52__s1 (f3_sub_173)   2.51e-09 1.32e-09 2.87e-07 2.91e-07   0.0
            m1 (f3_add_173)           2.51e-09 1.32e-09 2.87e-07 2.91e-07   0.0
          label_14__s1 (f3_sub_192)   1.47e-09 7.75e-10 2.88e-07 2.90e-07   0.0
            m1 (f3_add_192)           1.47e-09 7.75e-10 2.88e-07 2.90e-07   0.0
          label_184__s1 (f3_sub_107)  6.15e-09 3.28e-09 2.88e-07 2.97e-07   0.0
            m1 (f3_add_107)           6.15e-09 3.28e-09 2.88e-07 2.97e-07   0.0
          label_146__s1 (f3_sub_126)  3.38e-09 1.67e-09 2.88e-07 2.93e-07   0.0
            m1 (f3_add_126)           3.38e-09 1.67e-09 2.88e-07 2.93e-07   0.0
          label_60__s1 (f3_sub_169)   3.66e-09 1.95e-09 2.88e-07 2.93e-07   0.0
            m1 (f3_add_169)           3.66e-09 1.95e-09 2.88e-07 2.93e-07   0.0
          label_22__s1 (f3_sub_188)   1.81e-09 9.34e-10 2.88e-07 2.90e-07   0.0
            m1 (f3_add_188)           1.81e-09 9.34e-10 2.88e-07 2.90e-07   0.0
          label_108__s1 (f3_sub_145)  1.98e-09 1.06e-09 2.88e-07 2.91e-07   0.0
            m1 (f3_add_145)           1.98e-09 1.06e-09 2.88e-07 2.91e-07   0.0
          label_192__s1 (f3_sub_103)  1.08e-08 5.89e-09 2.88e-07 3.04e-07   0.0
            m1 (f3_add_103)           1.08e-08 5.89e-09 2.88e-07 3.04e-07   0.0
          label_154__s1 (f3_sub_122)  2.69e-09 1.37e-09 2.87e-07 2.91e-07   0.0
            m1 (f3_add_122)           2.69e-09 1.37e-09 2.87e-07 2.91e-07   0.0
          label_116__s1 (f3_sub_141)  1.23e-09 6.62e-10 2.88e-07 2.90e-07   0.0
            m1 (f3_add_141)           1.23e-09 6.62e-10 2.88e-07 2.90e-07   0.0
          label_30__s1 (f3_sub_184)   2.22e-09 1.23e-09 2.88e-07 2.91e-07   0.0
            m1 (f3_add_184)           2.22e-09 1.23e-09 2.88e-07 2.91e-07   0.0
          label_98__s1 (f3_sub_150)   2.39e-09 1.29e-09 2.87e-07 2.91e-07   0.0
            m1 (f3_add_150)           2.39e-09 1.29e-09 2.87e-07 2.91e-07   0.0
          label_162__s1 (f3_sub_118)  2.73e-09 1.43e-09 2.88e-07 2.92e-07   0.0
            m1 (f3_add_118)           2.73e-09 1.43e-09 2.88e-07 2.92e-07   0.0
          label_124__s1 (f3_sub_137)  1.26e-09 6.57e-10 2.88e-07 2.90e-07   0.0
            m1 (f3_add_137)           1.26e-09 6.57e-10 2.88e-07 2.90e-07   0.0
          label_170__s1 (f3_sub_114)  3.93e-09 2.01e-09 2.88e-07 2.94e-07   0.0
            m1 (f3_add_114)           3.93e-09 2.01e-09 2.88e-07 2.94e-07   0.0
          label_68__s1 (f3_sub_165)   3.73e-09 1.94e-09 2.87e-07 2.93e-07   0.0
            m1 (f3_add_165)           3.73e-09 1.94e-09 2.87e-07 2.93e-07   0.0
          label_132__s1 (f3_sub_133)  1.61e-09 8.16e-10 2.88e-07 2.90e-07   0.0
            m1 (f3_add_133)           1.61e-09 8.16e-10 2.88e-07 2.90e-07   0.0
          label_76__s1 (f3_sub_161)   3.19e-09 1.70e-09 2.87e-07 2.92e-07   0.0
            m1 (f3_add_161)           3.19e-09 1.70e-09 2.87e-07 2.92e-07   0.0
          label_140__s1 (f3_sub_129)  3.35e-09 1.82e-09 2.88e-07 2.93e-07   0.0
            m1 (f3_add_129)           3.35e-09 1.82e-09 2.88e-07 2.93e-07   0.0
          label_38__s1 (f3_sub_180)   2.80e-09 1.46e-09 2.88e-07 2.92e-07   0.0
            m1 (f3_add_180)           2.80e-09 1.46e-09 2.88e-07 2.92e-07   0.0
          label_102__s1 (f3_sub_148)  2.21e-09 1.20e-09 2.87e-07 2.91e-07   0.0
            m1 (f3_add_148)           2.21e-09 1.20e-09 2.87e-07 2.91e-07   0.0
          label_84__s1 (f3_sub_157)   2.62e-09 1.45e-09 2.88e-07 2.92e-07   0.0
            m1 (f3_add_157)           2.62e-09 1.45e-09 2.88e-07 2.92e-07   0.0
          label_46__s1 (f3_sub_176)   3.03e-09 1.62e-09 2.88e-07 2.93e-07   0.0
            m1 (f3_add_176)           3.03e-09 1.62e-09 2.88e-07 2.93e-07   0.0
          label_110__s1 (f3_sub_144)  1.85e-09 9.71e-10 2.87e-07 2.90e-07   0.0
            m1 (f3_add_144)           1.85e-09 9.71e-10 2.87e-07 2.90e-07   0.0
          label_178__s1 (f3_sub_110)  4.80e-09 2.36e-09 2.88e-07 2.95e-07   0.0
            m1 (f3_add_110)           4.80e-09 2.36e-09 2.88e-07 2.95e-07   0.0
          label_92__s1 (f3_sub_153)   2.76e-09 1.47e-09 2.88e-07 2.92e-07   0.0
            m1 (f3_add_153)           2.76e-09 1.47e-09 2.88e-07 2.92e-07   0.0
          label_6__s1 (f3_sub_196)    1.68e-09 8.77e-10 2.87e-07 2.90e-07   0.0
            m1 (f3_add_196)           1.68e-09 8.77e-10 2.87e-07 2.90e-07   0.0
          label_54__s1 (f3_sub_172)   2.69e-09 1.44e-09 2.87e-07 2.91e-07   0.0
            m1 (f3_add_172)           2.69e-09 1.44e-09 2.87e-07 2.91e-07   0.0
          label_16__s1 (f3_sub_191)   1.73e-09 9.57e-10 2.88e-07 2.91e-07   0.0
            m1 (f3_add_191)           1.73e-09 9.57e-10 2.88e-07 2.91e-07   0.0
          label_186__s1 (f3_sub_106)  7.38e-09 3.85e-09 2.88e-07 2.99e-07   0.0
            m1 (f3_add_106)           7.38e-09 3.85e-09 2.88e-07 2.99e-07   0.0
          label_148__s1 (f3_sub_125)  2.85e-09 1.50e-09 2.88e-07 2.92e-07   0.0
            m1 (f3_add_125)           2.85e-09 1.50e-09 2.88e-07 2.92e-07   0.0
          label_62__s1 (f3_sub_168)   2.99e-09 1.59e-09 2.88e-07 2.93e-07   0.0
            m1 (f3_add_168)           2.99e-09 1.59e-09 2.88e-07 2.93e-07   0.0
          label_24__s1 (f3_sub_187)   3.56e-09 1.95e-09 2.62e-07 2.67e-07   0.0
            m1 (f3_add_187)           3.56e-09 1.95e-09 2.62e-07 2.67e-07   0.0
          label_194__s1 (f3_sub_102)  1.15e-08 4.55e-09 2.60e-07 2.77e-07   0.0
            m1 (f3_add_102)           1.15e-08 4.55e-09 2.60e-07 2.77e-07   0.0
          label_156__s1 (f3_sub_121)  2.63e-09 1.42e-09 2.88e-07 2.92e-07   0.0
            m1 (f3_add_121)           2.63e-09 1.42e-09 2.88e-07 2.92e-07   0.0
          label_70__s1 (f3_sub_164)   3.82e-09 1.99e-09 2.88e-07 2.94e-07   0.0
            m1 (f3_add_164)           3.82e-09 1.99e-09 2.88e-07 2.94e-07   0.0
        ins2 (func1_0)                4.17e-07 5.49e-07 5.06e-05 5.16e-05   0.9
          label_32__s1 (f3_sub_85)    2.79e-10 2.07e-10 2.88e-07 2.88e-07   0.0
            m1 (f3_add_85)            2.79e-10 2.07e-10 2.88e-07 2.88e-07   0.0
          label_118__s1 (f3_sub_42)   3.39e-11 2.12e-11 2.88e-07 2.88e-07   0.0
            m1 (f3_add_42)            3.39e-11 2.12e-11 2.88e-07 2.88e-07   0.0
          label_164__s1 (f3_sub_19)      0.000    0.000 2.88e-07 2.88e-07   0.0
            m1 (f3_add_19)               0.000    0.000 2.88e-07 2.88e-07   0.0
          label_126__s1 (f3_sub_38)      0.000    0.000 2.88e-07 2.88e-07   0.0
            m1 (f3_add_38)               0.000    0.000 2.88e-07 2.88e-07   0.0
          label_40__s1 (f3_sub_81)    2.15e-10 1.49e-10 2.88e-07 2.88e-07   0.0
            m1 (f3_add_81)            2.15e-10 1.49e-10 2.88e-07 2.88e-07   0.0
          label_172__s1 (f3_sub_15)   7.56e-10 5.06e-10 2.88e-07 2.89e-07   0.0
            m1 (f3_add_15)            7.56e-10 5.06e-10 2.88e-07 2.89e-07   0.0
          label_134__s1 (f3_sub_34)   6.89e-11 4.23e-11 2.88e-07 2.88e-07   0.0
            m1 (f3_add_34)            6.89e-11 4.23e-11 2.88e-07 2.88e-07   0.0
          label_0__s1 (f3_sub_101)    1.54e-09 1.01e-09 2.87e-07 2.90e-07   0.0
            m1 (f3_add_101)           1.54e-09 1.01e-09 2.87e-07 2.90e-07   0.0
          label_10__s1 (f3_sub_96)    2.22e-09 1.51e-09 2.88e-07 2.91e-07   0.0
            m1 (f3_add_96)            2.22e-09 1.51e-09 2.88e-07 2.91e-07   0.0
          label_180__s1 (f3_sub_11)   1.03e-09 7.05e-10 2.87e-07 2.89e-07   0.0
            m1 (f3_add_11)            1.03e-09 7.05e-10 2.87e-07 2.89e-07   0.0
          label_78__s1 (f3_sub_62)       0.000    0.000 2.88e-07 2.88e-07   0.0
            m1 (f3_add_62)               0.000    0.000 2.88e-07 2.88e-07   0.0
          label_142__s1 (f3_sub_30)   3.38e-11 2.12e-11 2.88e-07 2.88e-07   0.0
            m1 (f3_add_30)            3.38e-11 2.12e-11 2.88e-07 2.88e-07   0.0
          label_104__s1 (f3_sub_49)   5.98e-11 4.27e-11 2.88e-07 2.88e-07   0.0
            m1 (f3_add_49)            5.98e-11 4.27e-11 2.88e-07 2.88e-07   0.0
          label_86__s1 (f3_sub_58)       0.000    0.000 2.88e-07 2.88e-07   0.0
            m1 (f3_add_58)               0.000    0.000 2.88e-07 2.88e-07   0.0
          label_150__s1 (f3_sub_26)   2.74e-10 1.93e-10 2.88e-07 2.88e-07   0.0
            m1 (f3_add_26)            2.74e-10 1.93e-10 2.88e-07 2.88e-07   0.0
          label_48__s1 (f3_sub_77)    8.70e-11 6.43e-11 2.88e-07 2.88e-07   0.0
            m1 (f3_add_77)            8.70e-11 6.43e-11 2.88e-07 2.88e-07   0.0
          label_112__s1 (f3_sub_45)      0.000    0.000 2.88e-07 2.88e-07   0.0
            m1 (f3_add_45)               0.000    0.000 2.88e-07 2.88e-07   0.0
          label_94__s1 (f3_sub_54)       0.000    0.000 2.88e-07 2.88e-07   0.0
            m1 (f3_add_54)               0.000    0.000 2.88e-07 2.88e-07   0.0
          label_8__s1 (f3_sub_97)     2.70e-09 1.85e-09 2.88e-07 2.92e-07   0.0
            m1 (f3_add_97)            2.70e-09 1.85e-09 2.88e-07 2.92e-07   0.0
          label_56__s1 (f3_sub_73)       0.000    0.000 2.88e-07 2.88e-07   0.0
            m1 (f3_add_73)               0.000    0.000 2.88e-07 2.88e-07   0.0
          label_120__s1 (f3_sub_41)   1.58e-10 1.07e-10 2.88e-07 2.88e-07   0.0
            m1 (f3_add_41)            1.58e-10 1.07e-10 2.88e-07 2.88e-07   0.0
          label_18__s1 (f3_sub_92)    4.24e-09 2.85e-09 2.88e-07 2.95e-07   0.0
            m1 (f3_add_92)            4.24e-09 2.85e-09 2.88e-07 2.95e-07   0.0
          label_188__s1 (f3_sub_7)    1.30e-09 8.29e-10 2.87e-07 2.89e-07   0.0
            m1 (f3_add_7)             1.30e-09 8.29e-10 2.87e-07 2.89e-07   0.0
          label_64__s1 (f3_sub_69)    2.60e-11 2.16e-11 2.88e-07 2.88e-07   0.0
            m1 (f3_add_69)            2.60e-11 2.16e-11 2.88e-07 2.88e-07   0.0
          label_26__s1 (f3_sub_88)    1.06e-09 7.30e-10 2.88e-07 2.90e-07   0.0
            m1 (f3_add_88)            1.06e-09 7.30e-10 2.88e-07 2.90e-07   0.0
          label_158__s1 (f3_sub_22)      0.000    0.000 2.88e-07 2.88e-07   0.0
            m1 (f3_add_22)               0.000    0.000 2.88e-07 2.88e-07   0.0
          label_72__s1 (f3_sub_65)       0.000    0.000 2.88e-07 2.88e-07   0.0
            m1 (f3_add_65)               0.000    0.000 2.88e-07 2.88e-07   0.0
          label_34__s1 (f3_sub_84)    2.66e-10 1.93e-10 2.88e-07 2.88e-07   0.0
            m1 (f3_add_84)            2.66e-10 1.93e-10 2.88e-07 2.88e-07   0.0
          f (func4_0)                 3.58e-07 5.07e-07 2.24e-05 2.33e-05   0.4
            label_142__m (f3_mult_26) 2.89e-09 4.34e-09 2.27e-07 2.34e-07   0.0
            label_78__m (f3_mult_58)  2.92e-09 4.35e-09 2.27e-07 2.34e-07   0.0
            label_178__m (f3_mult_8)  2.43e-09 3.38e-09 2.16e-07 2.22e-07   0.0
            label_108__m (f3_mult_43) 2.91e-09 4.34e-09 2.27e-07 2.34e-07   0.0
            label_34__m (f3_mult_80)  3.76e-09 4.65e-09 2.27e-07 2.35e-07   0.0
            label_134__m (f3_mult_30) 2.86e-09 4.33e-09 2.27e-07 2.34e-07   0.0
            label_6__m (f3_mult_94)   7.53e-09 6.01e-09 2.26e-07 2.40e-07   0.0
            label_60__m (f3_mult_67)  3.06e-09 4.39e-09 2.27e-07 2.35e-07   0.0
            label_160__m (f3_mult_17) 2.78e-09 4.30e-09 2.27e-07 2.34e-07   0.0
            label_96__m (f3_mult_49)  2.19e-09 2.71e-09 2.16e-07 2.21e-07   0.0
            label_26__m (f3_mult_84)  4.50e-09 4.91e-09 2.27e-07 2.36e-07   0.0
            label_52__m (f3_mult_71)  3.17e-09 4.43e-09 2.27e-07 2.35e-07   0.0
            label_126__m (f3_mult_34) 2.41e-09 3.37e-09 2.16e-07 2.22e-07   0.0
            label_152__m (f3_mult_21) 2.40e-09 3.37e-09 2.16e-07 2.22e-07   0.0
            label_88__m (f3_mult_53)  2.92e-09 4.35e-09 2.27e-07 2.34e-07   0.0
            label_188__m (f3_mult_3)  2.51e-09 2.06e-09 2.04e-07 2.09e-07   0.0
            label_18__m (f3_mult_88)  4.69e-09 3.63e-09 2.15e-07 2.23e-07   0.0
            label_118__m (f3_mult_38) 2.14e-09 2.70e-09 2.16e-07 2.21e-07   0.0
            label_44__m (f3_mult_75)  2.66e-09 2.88e-09 2.15e-07 2.21e-07   0.0
            label_144__m (f3_mult_25) 2.18e-09 2.71e-09 2.16e-07 2.21e-07   0.0
            label_70__m (f3_mult_62)  2.22e-09 2.72e-09 2.16e-07 2.21e-07   0.0
            label_170__m (f3_mult_12) 2.10e-09 2.68e-09 2.16e-07 2.21e-07   0.0
            label_100__m (f3_mult_47) 2.46e-09 3.38e-09 2.16e-07 2.22e-07   0.0
            label_36__m (f3_mult_79)  3.58e-09 4.58e-09 2.27e-07 2.35e-07   0.0
            label_136__m (f3_mult_29) 2.88e-09 4.34e-09 2.27e-07 2.34e-07   0.0
            label_8__m (f3_mult_93)   6.62e-09 5.68e-09 2.26e-07 2.39e-07   0.0
            label_62__m (f3_mult_66)  3.03e-09 4.39e-09 2.27e-07 2.34e-07   0.0
            label_162__m (f3_mult_16) 2.78e-09 4.30e-09 2.27e-07 2.34e-07   0.0
            label_98__m (f3_mult_48)  2.48e-09 3.39e-09 2.16e-07 2.22e-07   0.0
            label_28__m (f3_mult_83)  4.39e-09 4.87e-09 2.27e-07 2.36e-07   0.0
            label_54__m (f3_mult_70)  3.15e-09 4.43e-09 2.27e-07 2.35e-07   0.0
            label_128__m (f3_mult_33) 2.43e-09 3.37e-09 2.16e-07 2.22e-07   0.0
            label_154__m (f3_mult_20) 2.35e-09 3.35e-09 2.16e-07 2.22e-07   0.0
            label_80__m (f3_mult_57)  2.92e-09 4.35e-09 2.27e-07 2.34e-07   0.0
            label_180__m (f3_mult_7)  2.46e-09 3.39e-09 2.16e-07 2.22e-07   0.0
            label_10__m (f3_mult_92)  6.39e-09 5.60e-09 2.27e-07 2.39e-07   0.0
            label_110__m (f3_mult_42) 2.89e-09 4.34e-09 2.27e-07 2.34e-07   0.0
            label_46__m (f3_mult_74)  2.92e-09 3.54e-09 2.16e-07 2.22e-07   0.0
            label_146__m (f3_mult_24) 2.12e-09 2.69e-09 2.16e-07 2.21e-07   0.0
            label_72__m (f3_mult_61)  2.51e-09 3.40e-09 2.16e-07 2.22e-07   0.0
            label_172__m (f3_mult_11) 2.17e-09 2.71e-09 2.16e-07 2.21e-07   0.0
            label_102__m (f3_mult_46) 2.48e-09 3.39e-09 2.16e-07 2.22e-07   0.0
            label_0__m (f3_mult_97)   9.85e-09 6.77e-09 2.25e-07 2.42e-07   0.0
            label_38__m (f3_mult_78)  3.49e-09 4.55e-09 2.27e-07 2.35e-07   0.0
            label_138__m (f3_mult_28) 2.90e-09 4.35e-09 2.27e-07 2.34e-07   0.0
            label_64__m (f3_mult_65)  3.03e-09 4.39e-09 2.27e-07 2.35e-07   0.0
            label_164__m (f3_mult_15) 2.76e-09 4.29e-09 2.27e-07 2.34e-07   0.0
            label_90__m (f3_mult_52)  2.92e-09 4.35e-09 2.27e-07 2.34e-07   0.0
            label_190__m (f3_mult_2)  2.65e-09 2.11e-09 2.04e-07 2.09e-07   0.0
            label_20__m (f3_mult_87)  4.70e-09 4.20e-09 2.15e-07 2.24e-07   0.0
            label_120__m (f3_mult_37) 2.16e-09 2.70e-09 2.16e-07 2.21e-07   0.0
            label_56__m (f3_mult_69)  3.08e-09 4.40e-09 2.27e-07 2.35e-07   0.0
            label_156__m (f3_mult_19) 2.78e-09 4.30e-09 2.27e-07 2.34e-07   0.0
            label_82__m (f3_mult_56)  2.92e-09 4.35e-09 2.27e-07 2.34e-07   0.0
            label_182__m (f3_mult_6)  2.34e-09 2.78e-09 2.16e-07 2.21e-07   0.0
            label_12__m (f3_mult_91)  5.90e-09 5.40e-09 2.27e-07 2.38e-07   0.0
            label_112__m (f3_mult_41) 2.88e-09 4.33e-09 2.27e-07 2.34e-07   0.0
            label_48__m (f3_mult_73)  2.78e-09 3.49e-09 2.16e-07 2.22e-07   0.0
            label_148__m (f3_mult_23) 2.10e-09 2.68e-09 2.16e-07 2.21e-07   0.0
            label_74__m (f3_mult_60)  2.51e-09 3.40e-09 2.16e-07 2.22e-07   0.0
            label_174__m (f3_mult_10) 2.26e-09 2.74e-09 2.16e-07 2.21e-07   0.0
            label_30__m (f3_mult_82)  4.27e-09 4.82e-09 2.27e-07 2.36e-07   0.0
            label_104__m (f3_mult_45) 2.91e-09 4.35e-09 2.27e-07 2.34e-07   0.0
            label_130__m (f3_mult_32) 2.84e-09 4.32e-09 2.27e-07 2.34e-07   0.0
            label_2__m (f3_mult_96)   7.46e-09 5.96e-09 2.27e-07 2.40e-07   0.0
            label_66__m (f3_mult_64)  2.25e-09 2.73e-09 2.16e-07 2.21e-07   0.0
            label_166__m (f3_mult_14) 2.76e-09 4.29e-09 2.27e-07 2.34e-07   0.0
            label_92__m (f3_mult_51)  2.20e-09 2.72e-09 2.16e-07 2.21e-07   0.0
            label_192__m (f3_mult_1)  2.73e-09 2.15e-09 2.04e-07 2.09e-07   0.0
            label_22__m (f3_mult_86)  4.80e-09 4.23e-09 2.15e-07 2.24e-07   0.0
            label_122__m (f3_mult_36) 2.16e-09 2.70e-09 2.16e-07 2.21e-07   0.0
            label_58__m (f3_mult_68)  3.08e-09 4.40e-09 2.27e-07 2.35e-07   0.0
            label_158__m (f3_mult_18) 2.78e-09 4.30e-09 2.27e-07 2.34e-07   0.0
            label_84__m (f3_mult_55)  2.92e-09 4.35e-09 2.27e-07 2.34e-07   0.0
            label_184__m (f3_mult_5)  2.74e-09 3.51e-09 2.16e-07 2.22e-07   0.0
            label_14__m (f3_mult_90)  4.67e-09 3.61e-09 2.15e-07 2.23e-07   0.0
            label_40__m (f3_mult_77)  2.84e-09 2.94e-09 2.15e-07 2.21e-07   0.0
            label_114__m (f3_mult_40) 2.86e-09 4.33e-09 2.27e-07 2.34e-07   0.0
            label_140__m (f3_mult_27) 2.89e-09 4.34e-09 2.27e-07 2.34e-07   0.0
            label_76__m (f3_mult_59)  2.49e-09 3.39e-09 2.16e-07 2.22e-07   0.0
            label_176__m (f3_mult_9)  2.43e-09 3.38e-09 2.16e-07 2.22e-07   0.0
            label_32__m (f3_mult_81)  3.90e-09 4.69e-09 2.27e-07 2.35e-07   0.0
            label_106__m (f3_mult_44) 2.89e-09 4.34e-09 2.27e-07 2.34e-07   0.0
            label_132__m (f3_mult_31) 2.84e-09 4.32e-09 2.27e-07 2.34e-07   0.0
            label_4__m (f3_mult_95)   7.62e-09 6.02e-09 2.27e-07 2.40e-07   0.0
            label_68__m (f3_mult_63)  2.24e-09 2.73e-09 2.16e-07 2.21e-07   0.0
            label_168__m (f3_mult_13) 2.76e-09 4.29e-09 2.27e-07 2.34e-07   0.0
            label_94__m (f3_mult_50)  2.20e-09 2.72e-09 2.16e-07 2.21e-07   0.0
            label_194__m (f3_mult_0)  1.52e-09 1.68e-09 2.04e-07 2.08e-07   0.0
            label_24__m (f3_mult_85)  4.48e-09 4.11e-09 2.15e-07 2.24e-07   0.0
            label_50__m (f3_mult_72)  2.75e-09 3.48e-09 2.16e-07 2.22e-07   0.0
            label_124__m (f3_mult_35) 2.45e-09 3.38e-09 2.16e-07 2.22e-07   0.0
            label_150__m (f3_mult_22) 2.41e-09 3.37e-09 2.16e-07 2.22e-07   0.0
            label_86__m (f3_mult_54)  2.92e-09 4.35e-09 2.27e-07 2.34e-07   0.0
            label_186__m (f3_mult_4)  2.20e-09 1.94e-09 2.04e-07 2.08e-07   0.0
            label_16__m (f3_mult_89)  4.61e-09 3.60e-09 2.15e-07 2.23e-07   0.0
            label_42__m (f3_mult_76)  2.77e-09 2.92e-09 2.15e-07 2.21e-07   0.0
            label_116__m (f3_mult_39) 2.87e-09 4.33e-09 2.27e-07 2.34e-07   0.0
          label_166__s1 (f3_sub_18)      0.000    0.000 2.88e-07 2.88e-07   0.0
            m1 (f3_add_18)               0.000    0.000 2.88e-07 2.88e-07   0.0
          label_80__s1 (f3_sub_61)       0.000    0.000 2.88e-07 2.88e-07   0.0
            m1 (f3_add_61)               0.000    0.000 2.88e-07 2.88e-07   0.0
          label_128__s1 (f3_sub_37)      0.000    0.000 2.88e-07 2.88e-07   0.0
            m1 (f3_add_37)               0.000    0.000 2.88e-07 2.88e-07   0.0
          label_42__s1 (f3_sub_80)    2.47e-10 1.50e-10 2.88e-07 2.88e-07   0.0
            m1 (f3_add_80)            2.47e-10 1.50e-10 2.88e-07 2.88e-07   0.0
          label_174__s1 (f3_sub_14)   7.67e-10 5.34e-10 2.88e-07 2.89e-07   0.0
            m1 (f3_add_14)            7.67e-10 5.34e-10 2.88e-07 2.89e-07   0.0
          label_136__s1 (f3_sub_33)   1.17e-10 6.46e-11 2.88e-07 2.88e-07   0.0
            m1 (f3_add_33)            1.17e-10 6.46e-11 2.88e-07 2.88e-07   0.0
          label_2__s1 (f3_sub_100)    2.32e-09 1.60e-09 2.87e-07 2.91e-07   0.0
            m1 (f3_add_100)           2.32e-09 1.60e-09 2.87e-07 2.91e-07   0.0
          label_50__s1 (f3_sub_76)    5.08e-10 3.53e-10 2.88e-07 2.89e-07   0.0
            m1 (f3_add_76)            5.08e-10 3.53e-10 2.88e-07 2.89e-07   0.0
          label_12__s1 (f3_sub_95)    1.81e-09 1.22e-09 2.87e-07 2.90e-07   0.0
            m1 (f3_add_95)            1.81e-09 1.22e-09 2.87e-07 2.90e-07   0.0
          label_182__s1 (f3_sub_10)   5.36e-10 3.54e-10 2.88e-07 2.88e-07   0.0
            m1 (f3_add_10)            5.36e-10 3.54e-10 2.88e-07 2.88e-07   0.0
          label_144__s1 (f3_sub_29)   3.39e-11 2.12e-11 2.88e-07 2.88e-07   0.0
            m1 (f3_add_29)            3.39e-11 2.12e-11 2.88e-07 2.88e-07   0.0
          label_106__s1 (f3_sub_48)      0.000    0.000 2.88e-07 2.88e-07   0.0
            m1 (f3_add_48)               0.000    0.000 2.88e-07 2.88e-07   0.0
          label_20__s1 (f3_sub_91)    3.30e-09 2.25e-09 2.88e-07 2.94e-07   0.0
            m1 (f3_add_91)            3.30e-09 2.25e-09 2.88e-07 2.94e-07   0.0
          label_190__s1 (f3_sub_6)    2.52e-09 1.68e-09 2.87e-07 2.91e-07   0.0
            m1 (f3_add_6)             2.52e-09 1.68e-09 2.87e-07 2.91e-07   0.0
          label_88__s1 (f3_sub_57)       0.000    0.000 2.88e-07 2.88e-07   0.0
            m1 (f3_add_57)               0.000    0.000 2.88e-07 2.88e-07   0.0
          label_152__s1 (f3_sub_25)   3.39e-11 2.12e-11 2.88e-07 2.88e-07   0.0
            m1 (f3_add_25)            3.39e-11 2.12e-11 2.88e-07 2.88e-07   0.0
          label_114__s1 (f3_sub_44)      0.000    0.000 2.88e-07 2.88e-07   0.0
            m1 (f3_add_44)               0.000    0.000 2.88e-07 2.88e-07   0.0
          label_96__s1 (f3_sub_53)       0.000    0.000 2.88e-07 2.88e-07   0.0
            m1 (f3_add_53)               0.000    0.000 2.88e-07 2.88e-07   0.0
          label_160__s1 (f3_sub_21)      0.000    0.000 2.88e-07 2.88e-07   0.0
            m1 (f3_add_21)               0.000    0.000 2.88e-07 2.88e-07   0.0
          label_58__s1 (f3_sub_72)       0.000    0.000 2.88e-07 2.88e-07   0.0
            m1 (f3_add_72)               0.000    0.000 2.88e-07 2.88e-07   0.0
          label_122__s1 (f3_sub_40)   3.39e-11 2.12e-11 2.88e-07 2.88e-07   0.0
            m1 (f3_add_40)            3.39e-11 2.12e-11 2.88e-07 2.88e-07   0.0
          label_66__s1 (f3_sub_68)       0.000    0.000 2.88e-07 2.88e-07   0.0
            m1 (f3_add_68)               0.000    0.000 2.88e-07 2.88e-07   0.0
          label_130__s1 (f3_sub_36)      0.000    0.000 2.88e-07 2.88e-07   0.0
            m1 (f3_add_36)               0.000    0.000 2.88e-07 2.88e-07   0.0
          label_28__s1 (f3_sub_87)    5.46e-10 3.89e-10 2.87e-07 2.88e-07   0.0
            m1 (f3_add_87)            5.46e-10 3.89e-10 2.87e-07 2.88e-07   0.0
          label_74__s1 (f3_sub_64)       0.000    0.000 2.88e-07 2.88e-07   0.0
            m1 (f3_add_64)               0.000    0.000 2.88e-07 2.88e-07   0.0
          label_36__s1 (f3_sub_83)    1.47e-10 1.07e-10 2.88e-07 2.88e-07   0.0
            m1 (f3_add_83)            1.47e-10 1.07e-10 2.88e-07 2.88e-07   0.0
          label_100__s1 (f3_sub_51)      0.000    0.000 2.88e-07 2.88e-07   0.0
            m1 (f3_add_51)               0.000    0.000 2.88e-07 2.88e-07   0.0
          label_168__s1 (f3_sub_17)      0.000    0.000 2.88e-07 2.88e-07   0.0
            m1 (f3_add_17)               0.000    0.000 2.88e-07 2.88e-07   0.0
          label_82__s1 (f3_sub_60)       0.000    0.000 2.88e-07 2.88e-07   0.0
            m1 (f3_add_60)               0.000    0.000 2.88e-07 2.88e-07   0.0
          label_44__s1 (f3_sub_79)    1.22e-10 8.55e-11 2.88e-07 2.88e-07   0.0
            m1 (f3_add_79)            1.22e-10 8.55e-11 2.88e-07 2.88e-07   0.0
          label_176__s1 (f3_sub_13)   9.77e-10 6.73e-10 2.87e-07 2.89e-07   0.0
            m1 (f3_add_13)            9.77e-10 6.73e-10 2.87e-07 2.89e-07   0.0
          label_90__s1 (f3_sub_56)       0.000    0.000 2.88e-07 2.88e-07   0.0
            m1 (f3_add_56)               0.000    0.000 2.88e-07 2.88e-07   0.0
          label_138__s1 (f3_sub_32)   6.76e-11 4.23e-11 2.88e-07 2.88e-07   0.0
            m1 (f3_add_32)            6.76e-11 4.23e-11 2.88e-07 2.88e-07   0.0
          label_4__s1 (f3_sub_99)     5.23e-09 3.59e-09 2.87e-07 2.96e-07   0.0
            m1 (f3_add_99)            5.23e-09 3.59e-09 2.87e-07 2.96e-07   0.0
          label_52__s1 (f3_sub_75)    5.08e-10 3.53e-10 2.88e-07 2.89e-07   0.0
            m1 (f3_add_75)            5.08e-10 3.53e-10 2.88e-07 2.89e-07   0.0
          label_14__s1 (f3_sub_94)    3.33e-09 2.28e-09 2.88e-07 2.94e-07   0.0
            m1 (f3_add_94)            3.33e-09 2.28e-09 2.88e-07 2.94e-07   0.0
          label_184__s1 (f3_sub_9)    7.51e-10 5.03e-10 2.87e-07 2.89e-07   0.0
            m1 (f3_add_9)             7.51e-10 5.03e-10 2.87e-07 2.89e-07   0.0
          label_146__s1 (f3_sub_28)   2.61e-11 2.16e-11 2.88e-07 2.88e-07   0.0
            m1 (f3_add_28)            2.61e-11 2.16e-11 2.88e-07 2.88e-07   0.0
          label_60__s1 (f3_sub_71)       0.000    0.000 2.88e-07 2.88e-07   0.0
            m1 (f3_add_71)               0.000    0.000 2.88e-07 2.88e-07   0.0
          label_22__s1 (f3_sub_90)    3.22e-09 2.51e-09 2.89e-07 2.94e-07   0.0
            m1 (f3_add_90)            3.22e-09 2.51e-09 2.89e-07 2.94e-07   0.0
          label_108__s1 (f3_sub_47)      0.000    0.000 2.88e-07 2.88e-07   0.0
            m1 (f3_add_47)               0.000    0.000 2.88e-07 2.88e-07   0.0
          label_192__s1 (f3_sub_5)    3.02e-09 3.30e-09 2.87e-07 2.93e-07   0.0
            m1 (f3_add_5)             3.02e-09 3.30e-09 2.87e-07 2.93e-07   0.0
          label_154__s1 (f3_sub_24)      0.000    0.000 2.88e-07 2.88e-07   0.0
            m1 (f3_add_24)               0.000    0.000 2.88e-07 2.88e-07   0.0
          label_116__s1 (f3_sub_43)   1.23e-10 8.55e-11 2.88e-07 2.88e-07   0.0
            m1 (f3_add_43)            1.23e-10 8.55e-11 2.88e-07 2.88e-07   0.0
          label_30__s1 (f3_sub_86)    6.36e-10 4.42e-10 2.88e-07 2.89e-07   0.0
            m1 (f3_add_86)            6.36e-10 4.42e-10 2.88e-07 2.89e-07   0.0
          label_98__s1 (f3_sub_52)       0.000    0.000 2.88e-07 2.88e-07   0.0
            m1 (f3_add_52)               0.000    0.000 2.88e-07 2.88e-07   0.0
          label_162__s1 (f3_sub_20)      0.000    0.000 2.88e-07 2.88e-07   0.0
            m1 (f3_add_20)               0.000    0.000 2.88e-07 2.88e-07   0.0
          label_124__s1 (f3_sub_39)   3.39e-11 2.12e-11 2.88e-07 2.88e-07   0.0
            m1 (f3_add_39)            3.39e-11 2.12e-11 2.88e-07 2.88e-07   0.0
          label_170__s1 (f3_sub_16)   3.49e-11 2.12e-11 2.88e-07 2.88e-07   0.0
            m1 (f3_add_16)            3.49e-11 2.12e-11 2.88e-07 2.88e-07   0.0
          label_68__s1 (f3_sub_67)       0.000    0.000 2.88e-07 2.88e-07   0.0
            m1 (f3_add_67)               0.000    0.000 2.88e-07 2.88e-07   0.0
          label_132__s1 (f3_sub_35)      0.000    0.000 2.88e-07 2.88e-07   0.0
            m1 (f3_add_35)               0.000    0.000 2.88e-07 2.88e-07   0.0
          label_76__s1 (f3_sub_63)       0.000    0.000 2.88e-07 2.88e-07   0.0
            m1 (f3_add_63)               0.000    0.000 2.88e-07 2.88e-07   0.0
          label_140__s1 (f3_sub_31)   3.38e-11 2.12e-11 2.88e-07 2.88e-07   0.0
            m1 (f3_add_31)            3.38e-11 2.12e-11 2.88e-07 2.88e-07   0.0
          label_38__s1 (f3_sub_82)    3.39e-10 2.35e-10 2.88e-07 2.88e-07   0.0
            m1 (f3_add_82)            3.39e-10 2.35e-10 2.88e-07 2.88e-07   0.0
          label_102__s1 (f3_sub_50)      0.000    0.000 2.88e-07 2.88e-07   0.0
            m1 (f3_add_50)               0.000    0.000 2.88e-07 2.88e-07   0.0
          label_84__s1 (f3_sub_59)       0.000    0.000 2.88e-07 2.88e-07   0.0
            m1 (f3_add_59)               0.000    0.000 2.88e-07 2.88e-07   0.0
          label_46__s1 (f3_sub_78)    8.61e-11 6.43e-11 2.88e-07 2.88e-07   0.0
            m1 (f3_add_78)            8.61e-11 6.43e-11 2.88e-07 2.88e-07   0.0
          label_110__s1 (f3_sub_46)      0.000    0.000 2.88e-07 2.88e-07   0.0
            m1 (f3_add_46)               0.000    0.000 2.88e-07 2.88e-07   0.0
          label_178__s1 (f3_sub_12)   9.77e-10 6.73e-10 2.87e-07 2.89e-07   0.0
            m1 (f3_add_12)            9.77e-10 6.73e-10 2.87e-07 2.89e-07   0.0
          label_92__s1 (f3_sub_55)       0.000    0.000 2.88e-07 2.88e-07   0.0
            m1 (f3_add_55)               0.000    0.000 2.88e-07 2.88e-07   0.0
          label_6__s1 (f3_sub_98)     3.59e-09 2.49e-09 2.89e-07 2.95e-07   0.0
            m1 (f3_add_98)            3.59e-09 2.49e-09 2.89e-07 2.95e-07   0.0
          label_54__s1 (f3_sub_74)    5.08e-10 3.53e-10 2.88e-07 2.89e-07   0.0
            m1 (f3_add_74)            5.08e-10 3.53e-10 2.88e-07 2.89e-07   0.0
          label_16__s1 (f3_sub_93)    1.99e-09 1.33e-09 2.89e-07 2.92e-07   0.0
            m1 (f3_add_93)            1.99e-09 1.33e-09 2.89e-07 2.92e-07   0.0
          label_186__s1 (f3_sub_8)    2.01e-09 1.34e-09 2.88e-07 2.91e-07   0.0
            m1 (f3_add_8)             2.01e-09 1.34e-09 2.88e-07 2.91e-07   0.0
          label_148__s1 (f3_sub_27)   2.47e-10 1.71e-10 2.88e-07 2.88e-07   0.0
            m1 (f3_add_27)            2.47e-10 1.71e-10 2.88e-07 2.88e-07   0.0
          label_62__s1 (f3_sub_70)    2.60e-11 2.16e-11 2.88e-07 2.88e-07   0.0
            m1 (f3_add_70)            2.60e-11 2.16e-11 2.88e-07 2.88e-07   0.0
          label_24__s1 (f3_sub_89)    2.02e-09 1.35e-09 2.88e-07 2.92e-07   0.0
            m1 (f3_add_89)            2.02e-09 1.35e-09 2.88e-07 2.92e-07   0.0
          label_194__s1 (f3_sub_4)       0.000    0.000 2.88e-07 2.88e-07   0.0
            m1 (f3_add_4)                0.000    0.000 2.88e-07 2.88e-07   0.0
          label_156__s1 (f3_sub_23)      0.000    0.000 2.88e-07 2.88e-07   0.0
            m1 (f3_add_23)               0.000    0.000 2.88e-07 2.88e-07   0.0
          label_70__s1 (f3_sub_66)       0.000    0.000 2.88e-07 2.88e-07   0.0
            m1 (f3_add_66)               0.000    0.000 2.88e-07 2.88e-07   0.0
        ins3 (func2_1)                1.51e-07 6.58e-08 9.70e-06 9.91e-06   0.2
        ins4 (func2_0)                1.63e-07 3.66e-08 9.70e-06 9.90e-06   0.2
        ins5 (func3_1)                6.30e-08 1.61e-08 1.01e-05 1.02e-05   0.2
          m0 (f3_mult_1075)           9.32e-10 3.39e-10 9.86e-08 9.98e-08   0.0
          s0 (f3_sub_3)               9.29e-10 1.37e-10 9.85e-08 9.96e-08   0.0
            m1 (f3_add_3)             9.29e-10 1.37e-10 9.85e-08 9.96e-08   0.0
          m12 (f3_mult_1074)          9.30e-10 2.59e-10 9.86e-08 9.97e-08   0.0
          s12 (f3_sub_2)              4.91e-09 2.44e-09 2.87e-07 2.94e-07   0.0
            m1 (f3_add_2)             4.91e-09 2.44e-09 2.87e-07 2.94e-07   0.0
        ins6 (func3_0)                4.05e-08 1.07e-08 1.01e-05 1.01e-05   0.2
          m0 (f3_mult_1073)           2.47e-09 8.78e-10 9.91e-08 1.02e-07   0.0
          s0 (f3_sub_1)               2.40e-09 3.85e-10 9.91e-08 1.02e-07   0.0
            m1 (f3_add_1)             2.40e-09 3.85e-10 9.91e-08 1.02e-07   0.0
          m12 (f3_mult_1072)          2.47e-09 6.69e-10 9.91e-08 1.02e-07   0.0
          s12 (f3_sub_0)              5.30e-09 2.82e-09 2.87e-07 2.96e-07   0.0
            m1 (f3_add_0)             5.30e-09 2.82e-09 2.87e-07 2.96e-07   0.0
        ins7 (func4_4)                2.20e-07 2.71e-07 2.27e-05 2.31e-05   0.4
          label_142__m (f3_mult_1000) 1.60e-09 2.24e-09 2.28e-07 2.32e-07   0.0
          label_78__m (f3_mult_1032)  1.61e-09 2.25e-09 2.28e-07 2.32e-07   0.0
          label_178__m (f3_mult_982)  1.24e-09 1.49e-09 2.16e-07 2.19e-07   0.0
          label_108__m (f3_mult_1017) 1.61e-09 2.25e-09 2.28e-07 2.32e-07   0.0
          label_34__m (f3_mult_1054)  2.44e-09 2.50e-09 2.28e-07 2.33e-07   0.0
          label_134__m (f3_mult_1004) 1.56e-09 2.22e-09 2.28e-07 2.32e-07   0.0
          label_6__m (f3_mult_1068)   6.26e-09 3.63e-09 2.28e-07 2.38e-07   0.0
          label_60__m (f3_mult_1041)  1.73e-09 2.30e-09 2.28e-07 2.32e-07   0.0
          label_160__m (f3_mult_991)  1.47e-09 2.20e-09 2.28e-07 2.32e-07   0.0
          label_96__m (f3_mult_1023)  1.60e-09 2.25e-09 2.28e-07 2.32e-07   0.0
          label_26__m (f3_mult_1058)  3.26e-09 2.72e-09 2.28e-07 2.34e-07   0.0
          label_52__m (f3_mult_1045)  1.88e-09 2.33e-09 2.28e-07 2.32e-07   0.0
          label_126__m (f3_mult_1008) 1.22e-09 1.50e-09 2.16e-07 2.19e-07   0.0
          label_152__m (f3_mult_995)  1.22e-09 1.50e-09 2.16e-07 2.19e-07   0.0
          label_88__m (f3_mult_1027)  1.61e-09 2.25e-09 2.28e-07 2.32e-07   0.0
          label_188__m (f3_mult_977)  2.04e-09 1.66e-09 2.16e-07 2.20e-07   0.0
          label_18__m (f3_mult_1062)  4.11e-09 2.91e-09 2.28e-07 2.35e-07   0.0
          label_118__m (f3_mult_1012) 1.54e-09 2.22e-09 2.28e-07 2.32e-07   0.0
          label_44__m (f3_mult_1049)  2.11e-09 2.40e-09 2.28e-07 2.33e-07   0.0
          label_144__m (f3_mult_999)  1.60e-09 2.24e-09 2.28e-07 2.32e-07   0.0
          label_70__m (f3_mult_1036)  1.63e-09 2.26e-09 2.28e-07 2.32e-07   0.0
          label_170__m (f3_mult_986)  1.52e-09 2.21e-09 2.28e-07 2.32e-07   0.0
          label_100__m (f3_mult_1021) 1.26e-09 1.52e-09 2.16e-07 2.19e-07   0.0
          label_36__m (f3_mult_1053)  2.28e-09 2.46e-09 2.28e-07 2.33e-07   0.0
          label_136__m (f3_mult_1003) 1.59e-09 2.23e-09 2.28e-07 2.32e-07   0.0
          label_8__m (f3_mult_1067)   5.40e-09 3.33e-09 2.28e-07 2.36e-07   0.0
          label_62__m (f3_mult_1040)  1.73e-09 2.28e-09 2.28e-07 2.32e-07   0.0
          label_162__m (f3_mult_990)  1.47e-09 2.20e-09 2.28e-07 2.32e-07   0.0
          label_98__m (f3_mult_1022)  1.28e-09 1.53e-09 2.16e-07 2.19e-07   0.0
          label_28__m (f3_mult_1057)  3.06e-09 2.68e-09 2.28e-07 2.34e-07   0.0
          label_54__m (f3_mult_1044)  1.86e-09 2.32e-09 2.28e-07 2.32e-07   0.0
          label_128__m (f3_mult_1007) 1.25e-09 1.51e-09 2.16e-07 2.19e-07   0.0
          label_154__m (f3_mult_994)  1.15e-09 1.48e-09 2.16e-07 2.19e-07   0.0
          label_80__m (f3_mult_1031)  1.61e-09 2.25e-09 2.28e-07 2.32e-07   0.0
          label_180__m (f3_mult_981)  1.27e-09 1.50e-09 2.16e-07 2.19e-07   0.0
          label_10__m (f3_mult_1066)  5.12e-09 3.26e-09 2.28e-07 2.36e-07   0.0
          label_110__m (f3_mult_1016) 1.59e-09 2.24e-09 2.28e-07 2.32e-07   0.0
          label_46__m (f3_mult_1048)  1.74e-09 1.66e-09 2.16e-07 2.19e-07   0.0
          label_146__m (f3_mult_998)  1.52e-09 2.22e-09 2.28e-07 2.32e-07   0.0
          label_72__m (f3_mult_1035)  1.01e-09 9.44e-10 2.04e-07 2.06e-07   0.0
          label_172__m (f3_mult_985)  1.58e-09 2.22e-09 2.28e-07 2.32e-07   0.0
          label_102__m (f3_mult_1020) 1.04e-09 9.34e-10 2.04e-07 2.06e-07   0.0
          label_0__m (f3_mult_1071)   8.64e-09 4.45e-09 2.27e-07 2.40e-07   0.0
          label_38__m (f3_mult_1052)  2.20e-09 2.42e-09 2.28e-07 2.33e-07   0.0
          label_138__m (f3_mult_1002) 1.61e-09 2.24e-09 2.28e-07 2.32e-07   0.0
          label_64__m (f3_mult_1039)  1.72e-09 2.28e-09 2.28e-07 2.32e-07   0.0
          label_164__m (f3_mult_989)  1.45e-09 2.20e-09 2.28e-07 2.32e-07   0.0
          label_90__m (f3_mult_1026)  1.61e-09 2.25e-09 2.28e-07 2.32e-07   0.0
          label_190__m (f3_mult_976)  2.18e-09 1.69e-09 2.16e-07 2.20e-07   0.0
          label_20__m (f3_mult_1061)  3.59e-09 2.12e-09 2.16e-07 2.21e-07   0.0
          label_120__m (f3_mult_1011) 1.58e-09 2.23e-09 2.28e-07 2.32e-07   0.0
          label_56__m (f3_mult_1043)  1.78e-09 2.30e-09 2.28e-07 2.32e-07   0.0
          label_156__m (f3_mult_993)  1.47e-09 2.20e-09 2.28e-07 2.32e-07   0.0
          label_82__m (f3_mult_1030)  1.61e-09 2.25e-09 2.28e-07 2.32e-07   0.0
          label_182__m (f3_mult_980)  1.77e-09 2.26e-09 2.28e-07 2.32e-07   0.0
          label_12__m (f3_mult_1065)  4.69e-09 3.15e-09 2.28e-07 2.36e-07   0.0
          label_112__m (f3_mult_1015) 1.59e-09 2.24e-09 2.28e-07 2.32e-07   0.0
          label_48__m (f3_mult_1047)  1.59e-09 1.62e-09 2.16e-07 2.19e-07   0.0
          label_148__m (f3_mult_997)  1.50e-09 2.21e-09 2.28e-07 2.32e-07   0.0
          label_74__m (f3_mult_1034)  1.31e-09 1.54e-09 2.16e-07 2.19e-07   0.0
          label_174__m (f3_mult_984)  1.68e-09 2.24e-09 2.28e-07 2.32e-07   0.0
          label_30__m (f3_mult_1056)  2.95e-09 2.66e-09 2.28e-07 2.34e-07   0.0
          label_104__m (f3_mult_1019) 1.61e-09 2.24e-09 2.28e-07 2.32e-07   0.0
          label_130__m (f3_mult_1006) 1.54e-09 2.22e-09 2.28e-07 2.32e-07   0.0
          label_2__m (f3_mult_1070)   6.16e-09 3.65e-09 2.28e-07 2.38e-07   0.0
          label_66__m (f3_mult_1038)  1.66e-09 2.27e-09 2.28e-07 2.32e-07   0.0
          label_166__m (f3_mult_988)  1.45e-09 2.20e-09 2.28e-07 2.32e-07   0.0
          label_92__m (f3_mult_1025)  1.61e-09 2.25e-09 2.28e-07 2.32e-07   0.0
          label_192__m (f3_mult_975)  2.26e-09 1.71e-09 2.16e-07 2.20e-07   0.0
          label_22__m (f3_mult_1060)  3.78e-09 2.17e-09 2.16e-07 2.22e-07   0.0
          label_122__m (f3_mult_1010) 1.58e-09 2.23e-09 2.28e-07 2.32e-07   0.0
          label_58__m (f3_mult_1042)  1.78e-09 2.30e-09 2.28e-07 2.32e-07   0.0
          label_158__m (f3_mult_992)  1.47e-09 2.20e-09 2.28e-07 2.32e-07   0.0
          label_84__m (f3_mult_1029)  1.61e-09 2.25e-09 2.28e-07 2.32e-07   0.0
          label_184__m (f3_mult_979)  1.52e-09 1.54e-09 2.16e-07 2.19e-07   0.0
          label_14__m (f3_mult_1064)  4.09e-09 2.96e-09 2.28e-07 2.35e-07   0.0
          label_40__m (f3_mult_1051)  2.28e-09 2.44e-09 2.28e-07 2.33e-07   0.0
          label_114__m (f3_mult_1014) 1.56e-09 2.23e-09 2.28e-07 2.32e-07   0.0
          label_140__m (f3_mult_1001) 1.60e-09 2.24e-09 2.28e-07 2.32e-07   0.0
          label_76__m (f3_mult_1033)  1.29e-09 1.53e-09 2.16e-07 2.19e-07   0.0
          label_176__m (f3_mult_983)  1.21e-09 1.49e-09 2.16e-07 2.19e-07   0.0
          label_32__m (f3_mult_1055)  2.60e-09 2.55e-09 2.28e-07 2.33e-07   0.0
          label_106__m (f3_mult_1018) 1.59e-09 2.24e-09 2.28e-07 2.32e-07   0.0
          label_132__m (f3_mult_1005) 1.54e-09 2.22e-09 2.28e-07 2.32e-07   0.0
          label_4__m (f3_mult_1069)   6.42e-09 3.69e-09 2.28e-07 2.38e-07   0.0
          label_68__m (f3_mult_1037)  1.65e-09 2.26e-09 2.28e-07 2.32e-07   0.0
          label_168__m (f3_mult_987)  1.45e-09 2.20e-09 2.28e-07 2.32e-07   0.0
          label_94__m (f3_mult_1024)  1.61e-09 2.25e-09 2.28e-07 2.32e-07   0.0
          label_194__m (f3_mult_974)  1.03e-09 1.44e-09 2.16e-07 2.19e-07   0.0
          label_24__m (f3_mult_1059)  3.37e-09 2.10e-09 2.16e-07 2.21e-07   0.0
          label_50__m (f3_mult_1046)  1.55e-09 1.61e-09 2.16e-07 2.19e-07   0.0
          label_124__m (f3_mult_1009) 1.25e-09 1.51e-09 2.16e-07 2.19e-07   0.0
          label_150__m (f3_mult_996)  1.22e-09 1.50e-09 2.16e-07 2.19e-07   0.0
          label_86__m (f3_mult_1028)  1.61e-09 2.25e-09 2.28e-07 2.32e-07   0.0
          label_186__m (f3_mult_978)  1.67e-09 1.58e-09 2.16e-07 2.19e-07   0.0
          label_16__m (f3_mult_1063)  3.96e-09 2.91e-09 2.28e-07 2.35e-07   0.0
          label_42__m (f3_mult_1050)  2.20e-09 2.42e-09 2.28e-07 2.33e-07   0.0
          label_116__m (f3_mult_1013) 1.56e-09 2.23e-09 2.28e-07 2.32e-07   0.0
        ins8 (func5_0)                6.78e-08 2.00e-08 9.88e-06 9.97e-06   0.2
          a11 (f3_add_1188)           1.18e-08 7.47e-09 2.92e-07 3.11e-07   0.0
        q1 (f3_mult_1469)             8.90e-09 1.86e-08 2.05e-07 2.33e-07   0.0
      ins4 (f3m_mult_1)               2.69e-04 2.56e-05 3.85e-04 6.80e-04  11.2
        ins1 (func8_1)                   0.000    0.000 1.23e-04 1.23e-04   2.0
          a744 (f3_add_1038)             0.000    0.000 2.88e-07 2.88e-07   0.0
          a936 (f3_add_999)              0.000    0.000 2.88e-07 2.88e-07   0.0
          a554 (f3_add_1076)             0.000    0.000 2.88e-07 2.88e-07   0.0
          a746 (f3_add_1037)             0.000    0.000 2.88e-07 2.88e-07   0.0
          a364 (f3_add_1114)             0.000    0.000 2.88e-07 2.88e-07   0.0
          a556 (f3_add_1075)             0.000    0.000 2.88e-07 2.88e-07   0.0
          a174 (f3_add_1152)             0.000    0.000 2.88e-07 2.88e-07   0.0
          a366 (f3_add_1113)             0.000    0.000 2.88e-07 2.88e-07   0.0
          a176 (f3_add_1151)             0.000    0.000 2.88e-07 2.88e-07   0.0
          m830 (f3_mult_726)             0.000    0.000 2.27e-07 2.27e-07   0.0
          m640 (f3_mult_783)             0.000    0.000 2.16e-07 2.16e-07   0.0
          m832 (f3_mult_725)             0.000    0.000 2.27e-07 2.27e-07   0.0
          m450 (f3_mult_840)             0.000    0.000 2.27e-07 2.27e-07   0.0
          m642 (f3_mult_782)             0.000    0.000 2.16e-07 2.16e-07   0.0
          m260 (f3_mult_897)             0.000    0.000 2.16e-07 2.16e-07   0.0
          m452 (f3_mult_839)             0.000    0.000 2.27e-07 2.27e-07   0.0
          m262 (f3_mult_896)             0.000    0.000 2.16e-07 2.16e-07   0.0
          m838 (f3_mult_724)             0.000    0.000 2.27e-07 2.27e-07   0.0
          m648 (f3_mult_781)             0.000    0.000 2.16e-07 2.16e-07   0.0
          m458 (f3_mult_838)             0.000    0.000 2.27e-07 2.27e-07   0.0
          m268 (f3_mult_895)             0.000    0.000 2.27e-07 2.27e-07   0.0
          a944 (f3_add_998)              0.000    0.000 2.88e-07 2.88e-07   0.0
          a754 (f3_add_1036)             0.000    0.000 2.88e-07 2.88e-07   0.0
          a946 (f3_add_997)              0.000    0.000 2.88e-07 2.88e-07   0.0
          a564 (f3_add_1074)             0.000    0.000 2.88e-07 2.88e-07   0.0
          a756 (f3_add_1035)             0.000    0.000 2.88e-07 2.88e-07   0.0
          a566 (f3_add_1073)             0.000    0.000 2.88e-07 2.88e-07   0.0
          a374 (f3_add_1112)             0.000    0.000 2.88e-07 2.88e-07   0.0
          a184 (f3_add_1150)             0.000    0.000 2.88e-07 2.88e-07   0.0
          a376 (f3_add_1111)             0.000    0.000 2.88e-07 2.88e-07   0.0
          a186 (f3_add_1149)             0.000    0.000 2.88e-07 2.88e-07   0.0
          m840 (f3_mult_723)             0.000    0.000 2.27e-07 2.27e-07   0.0
          m650 (f3_mult_780)             0.000    0.000 2.16e-07 2.16e-07   0.0
          m842 (f3_mult_722)             0.000    0.000 2.27e-07 2.27e-07   0.0
          m460 (f3_mult_837)             0.000    0.000 2.27e-07 2.27e-07   0.0
          m652 (f3_mult_779)             0.000    0.000 2.16e-07 2.16e-07   0.0
          m270 (f3_mult_894)             0.000    0.000 2.27e-07 2.27e-07   0.0
          m462 (f3_mult_836)             0.000    0.000 2.27e-07 2.27e-07   0.0
          m272 (f3_mult_893)             0.000    0.000 2.27e-07 2.27e-07   0.0
          m848 (f3_mult_721)             0.000    0.000 2.27e-07 2.27e-07   0.0
          m658 (f3_mult_778)             0.000    0.000 2.27e-07 2.27e-07   0.0
          m468 (f3_mult_835)             0.000    0.000 2.16e-07 2.16e-07   0.0
          m278 (f3_mult_892)             0.000    0.000 2.27e-07 2.27e-07   0.0
          a954 (f3_add_996)              0.000    0.000 2.88e-07 2.88e-07   0.0
          a764 (f3_add_1034)             0.000    0.000 2.88e-07 2.88e-07   0.0
          a956 (f3_add_995)              0.000    0.000 2.88e-07 2.88e-07   0.0
          a574 (f3_add_1072)             0.000    0.000 2.88e-07 2.88e-07   0.0
          a766 (f3_add_1033)             0.000    0.000 2.88e-07 2.88e-07   0.0
          a384 (f3_add_1110)             0.000    0.000 2.88e-07 2.88e-07   0.0
          a576 (f3_add_1071)             0.000    0.000 2.88e-07 2.88e-07   0.0
          a194 (f3_add_1148)             0.000    0.000 2.88e-07 2.88e-07   0.0
          a386 (f3_add_1109)             0.000    0.000 2.88e-07 2.88e-07   0.0
          a196 (f3_add_1147)             0.000    0.000 2.88e-07 2.88e-07   0.0
          m850 (f3_mult_720)             0.000    0.000 2.27e-07 2.27e-07   0.0
          m660 (f3_mult_777)             0.000    0.000 2.27e-07 2.27e-07   0.0
          m852 (f3_mult_719)             0.000    0.000 2.27e-07 2.27e-07   0.0
          m470 (f3_mult_834)             0.000    0.000 2.16e-07 2.16e-07   0.0
          m662 (f3_mult_776)             0.000    0.000 2.27e-07 2.27e-07   0.0
          m280 (f3_mult_891)             0.000    0.000 2.27e-07 2.27e-07   0.0
          m472 (f3_mult_833)             0.000    0.000 2.16e-07 2.16e-07   0.0
          m282 (f3_mult_890)             0.000    0.000 2.27e-07 2.27e-07   0.0
          m858 (f3_mult_718)             0.000    0.000 2.16e-07 2.16e-07   0.0
          m668 (f3_mult_775)             0.000    0.000 2.27e-07 2.27e-07   0.0
          m478 (f3_mult_832)             0.000    0.000 2.16e-07 2.16e-07   0.0
          m288 (f3_mult_889)             0.000    0.000 2.27e-07 2.27e-07   0.0
          a964 (f3_add_994)              0.000    0.000 2.88e-07 2.88e-07   0.0
          a774 (f3_add_1032)             0.000    0.000 2.88e-07 2.88e-07   0.0
          a966 (f3_add_993)              0.000    0.000 2.88e-07 2.88e-07   0.0
          a584 (f3_add_1070)             0.000    0.000 2.88e-07 2.88e-07   0.0
          a776 (f3_add_1031)             0.000    0.000 2.88e-07 2.88e-07   0.0
          a394 (f3_add_1108)             0.000    0.000 2.88e-07 2.88e-07   0.0
          a586 (f3_add_1069)             0.000    0.000 2.88e-07 2.88e-07   0.0
          a396 (f3_add_1107)             0.000    0.000 2.88e-07 2.88e-07   0.0
          m860 (f3_mult_717)             0.000    0.000 2.16e-07 2.16e-07   0.0
          m670 (f3_mult_774)             0.000    0.000 2.27e-07 2.27e-07   0.0
          m862 (f3_mult_716)             0.000    0.000 2.16e-07 2.16e-07   0.0
          m480 (f3_mult_831)             0.000    0.000 2.16e-07 2.16e-07   0.0
          m672 (f3_mult_773)             0.000    0.000 2.27e-07 2.27e-07   0.0
          m290 (f3_mult_888)             0.000    0.000 2.27e-07 2.27e-07   0.0
          m482 (f3_mult_830)             0.000    0.000 2.16e-07 2.16e-07   0.0
          m292 (f3_mult_887)             0.000    0.000 2.27e-07 2.27e-07   0.0
          m868 (f3_mult_715)             0.000    0.000 2.16e-07 2.16e-07   0.0
          m678 (f3_mult_772)             0.000    0.000 2.27e-07 2.27e-07   0.0
          m488 (f3_mult_829)             0.000    0.000 2.16e-07 2.16e-07   0.0
          m298 (f3_mult_886)             0.000    0.000 2.27e-07 2.27e-07   0.0
          a204 (f3_add_1146)             0.000    0.000 2.88e-07 2.88e-07   0.0
          a206 (f3_add_1145)             0.000    0.000 2.88e-07 2.88e-07   0.0
          a974 (f3_add_992)              0.000    0.000 2.88e-07 2.88e-07   0.0
          a784 (f3_add_1030)             0.000    0.000 2.88e-07 2.88e-07   0.0
          a976 (f3_add_991)              0.000    0.000 2.88e-07 2.88e-07   0.0
          a594 (f3_add_1068)             0.000    0.000 2.88e-07 2.88e-07   0.0
          a786 (f3_add_1029)             0.000    0.000 2.88e-07 2.88e-07   0.0
          a596 (f3_add_1067)             0.000    0.000 2.88e-07 2.88e-07   0.0
          m102 (f3_mult_943)             0.000    0.000 2.16e-07 2.16e-07   0.0
          m870 (f3_mult_714)             0.000    0.000 2.16e-07 2.16e-07   0.0
          a10 (f3_add_1186)              0.000    0.000 2.88e-07 2.88e-07   0.0
          m104 (f3_mult_942)             0.000    0.000 2.16e-07 2.16e-07   0.0
          m680 (f3_mult_771)             0.000    0.000 2.27e-07 2.27e-07   0.0
          m872 (f3_mult_713)             0.000    0.000 2.16e-07 2.16e-07   0.0
          m106 (f3_mult_941)             0.000    0.000 2.16e-07 2.16e-07   0.0
          m490 (f3_mult_828)             0.000    0.000 2.16e-07 2.16e-07   0.0
          m682 (f3_mult_770)             0.000    0.000 2.27e-07 2.27e-07   0.0
          m492 (f3_mult_827)             0.000    0.000 2.16e-07 2.16e-07   0.0
          m878 (f3_mult_712)             0.000    0.000 2.16e-07 2.16e-07   0.0
          a18 (f3_add_1185)              0.000    0.000 2.88e-07 2.88e-07   0.0
          m688 (f3_mult_769)             0.000    0.000 2.27e-07 2.27e-07   0.0
          m498 (f3_mult_826)             0.000    0.000 2.16e-07 2.16e-07   0.0
          a404 (f3_add_1106)             0.000    0.000 2.88e-07 2.88e-07   0.0
          a214 (f3_add_1144)             0.000    0.000 2.88e-07 2.88e-07   0.0
          a406 (f3_add_1105)             0.000    0.000 2.88e-07 2.88e-07   0.0
          a216 (f3_add_1143)             0.000    0.000 2.88e-07 2.88e-07   0.0
          a794 (f3_add_1028)             0.000    0.000 2.88e-07 2.88e-07   0.0
          a796 (f3_add_1027)             0.000    0.000 2.88e-07 2.88e-07   0.0
          m300 (f3_mult_885)             0.000    0.000 2.27e-07 2.27e-07   0.0
          m302 (f3_mult_884)             0.000    0.000 2.27e-07 2.27e-07   0.0
          m112 (f3_mult_940)             0.000    0.000 2.16e-07 2.16e-07   0.0
          m880 (f3_mult_711)             0.000    0.000 2.16e-07 2.16e-07   0.0
          a20 (f3_add_1184)              0.000    0.000 2.88e-07 2.88e-07   0.0
          m114 (f3_mult_939)             0.000    0.000 2.16e-07 2.16e-07   0.0
          m882 (f3_mult_710)             0.000    0.000 2.16e-07 2.16e-07   0.0
          m690 (f3_mult_768)             0.000    0.000 2.27e-07 2.27e-07   0.0
          m116 (f3_mult_938)             0.000    0.000 2.16e-07 2.16e-07   0.0
          m308 (f3_mult_883)             0.000    0.000 2.27e-07 2.27e-07   0.0
          m692 (f3_mult_767)             0.000    0.000 2.27e-07 2.27e-07   0.0
          a28 (f3_add_1183)              0.000    0.000 2.88e-07 2.88e-07   0.0
          m888 (f3_mult_709)             0.000    0.000 2.16e-07 2.16e-07   0.0
          m698 (f3_mult_766)             0.000    0.000 2.27e-07 2.27e-07   0.0
          a604 (f3_add_1066)             0.000    0.000 2.88e-07 2.88e-07   0.0
          a414 (f3_add_1104)             0.000    0.000 2.88e-07 2.88e-07   0.0
          a606 (f3_add_1065)             0.000    0.000 2.88e-07 2.88e-07   0.0
          a224 (f3_add_1142)             0.000    0.000 2.88e-07 2.88e-07   0.0
          a416 (f3_add_1103)             0.000    0.000 2.88e-07 2.88e-07   0.0
          a226 (f3_add_1141)             0.000    0.000 2.88e-07 2.88e-07   0.0
          m500 (f3_mult_825)             0.000    0.000 2.16e-07 2.16e-07   0.0
          m310 (f3_mult_882)             0.000    0.000 2.27e-07 2.27e-07   0.0
          m502 (f3_mult_824)             0.000    0.000 2.16e-07 2.16e-07   0.0
          m312 (f3_mult_881)             0.000    0.000 2.27e-07 2.27e-07   0.0
          m122 (f3_mult_937)             0.000    0.000 2.16e-07 2.16e-07   0.0
          a30 (f3_add_1182)              0.000    0.000 2.88e-07 2.88e-07   0.0
          m890 (f3_mult_708)             0.000    0.000 2.16e-07 2.16e-07   0.0
          m124 (f3_mult_936)             0.000    0.000 2.16e-07 2.16e-07   0.0
          m508 (f3_mult_823)             0.000    0.000 2.16e-07 2.16e-07   0.0
          m892 (f3_mult_707)             0.000    0.000 2.16e-07 2.16e-07   0.0
          m126 (f3_mult_935)             0.000    0.000 2.16e-07 2.16e-07   0.0
          m318 (f3_mult_880)             0.000    0.000 2.27e-07 2.27e-07   0.0
          a38 (f3_add_1181)              0.000    0.000 2.88e-07 2.88e-07   0.0
          m898 (f3_mult_706)             0.000    0.000 2.16e-07 2.16e-07   0.0
          a804 (f3_add_1026)             0.000    0.000 2.88e-07 2.88e-07   0.0
          a614 (f3_add_1064)             0.000    0.000 2.88e-07 2.88e-07   0.0
          a806 (f3_add_1025)             0.000    0.000 2.88e-07 2.88e-07   0.0
          a424 (f3_add_1102)             0.000    0.000 2.88e-07 2.88e-07   0.0
          a616 (f3_add_1063)             0.000    0.000 2.88e-07 2.88e-07   0.0
          a234 (f3_add_1140)             0.000    0.000 2.88e-07 2.88e-07   0.0
          a426 (f3_add_1101)             0.000    0.000 2.88e-07 2.88e-07   0.0
          a236 (f3_add_1139)             0.000    0.000 2.88e-07 2.88e-07   0.0
          m700 (f3_mult_765)             0.000    0.000 2.27e-07 2.27e-07   0.0
          m510 (f3_mult_822)             0.000    0.000 2.16e-07 2.16e-07   0.0
          m702 (f3_mult_764)             0.000    0.000 2.27e-07 2.27e-07   0.0
          m320 (f3_mult_879)             0.000    0.000 2.27e-07 2.27e-07   0.0
          m512 (f3_mult_821)             0.000    0.000 2.16e-07 2.16e-07   0.0
          m322 (f3_mult_878)             0.000    0.000 2.27e-07 2.27e-07   0.0
          m708 (f3_mult_763)             0.000    0.000 2.27e-07 2.27e-07   0.0
          a40 (f3_add_1180)              0.000    0.000 2.88e-07 2.88e-07   0.0
          m518 (f3_mult_820)             0.000    0.000 2.16e-07 2.16e-07   0.0
          m136 (f3_mult_934)             0.000    0.000 2.27e-07 2.27e-07   0.0
          m328 (f3_mult_877)             0.000    0.000 2.27e-07 2.27e-07   0.0
          m138 (f3_mult_933)             0.000    0.000 2.27e-07 2.27e-07   0.0
          a48 (f3_add_1179)              0.000    0.000 2.88e-07 2.88e-07   0.0
          a814 (f3_add_1024)             0.000    0.000 2.88e-07 2.88e-07   0.0
          a624 (f3_add_1062)             0.000    0.000 2.88e-07 2.88e-07   0.0
          a816 (f3_add_1023)             0.000    0.000 2.88e-07 2.88e-07   0.0
          a434 (f3_add_1100)             0.000    0.000 2.88e-07 2.88e-07   0.0
          a626 (f3_add_1061)             0.000    0.000 2.88e-07 2.88e-07   0.0
          a244 (f3_add_1138)             0.000    0.000 2.88e-07 2.88e-07   0.0
          a436 (f3_add_1099)             0.000    0.000 2.88e-07 2.88e-07   0.0
          a246 (f3_add_1137)             0.000    0.000 2.88e-07 2.88e-07   0.0
          m900 (f3_mult_705)             0.000    0.000 2.16e-07 2.16e-07   0.0
          m710 (f3_mult_762)             0.000    0.000 2.27e-07 2.27e-07   0.0
          m902 (f3_mult_704)             0.000    0.000 2.16e-07 2.16e-07   0.0
          m520 (f3_mult_819)             0.000    0.000 2.16e-07 2.16e-07   0.0
          m712 (f3_mult_761)             0.000    0.000 2.27e-07 2.27e-07   0.0
          m330 (f3_mult_876)             0.000    0.000 2.27e-07 2.27e-07   0.0
          m522 (f3_mult_818)             0.000    0.000 2.16e-07 2.16e-07   0.0
          m140 (f3_mult_932)             0.000    0.000 2.27e-07 2.27e-07   0.0
          m332 (f3_mult_875)             0.000    0.000 2.27e-07 2.27e-07   0.0
          m908 (f3_mult_703)             0.000    0.000 2.16e-07 2.16e-07   0.0
          m718 (f3_mult_760)             0.000    0.000 2.27e-07 2.27e-07   0.0
          a50 (f3_add_1178)              0.000    0.000 2.88e-07 2.88e-07   0.0
          m528 (f3_mult_817)             0.000    0.000 2.27e-07 2.27e-07   0.0
          m338 (f3_mult_874)             0.000    0.000 2.16e-07 2.16e-07   0.0
          m148 (f3_mult_931)             0.000    0.000 2.27e-07 2.27e-07   0.0
          a58 (f3_add_1177)              0.000    0.000 2.88e-07 2.88e-07   0.0
          a824 (f3_add_1022)             0.000    0.000 2.88e-07 2.88e-07   0.0
          a634 (f3_add_1060)             0.000    0.000 2.88e-07 2.88e-07   0.0
          a826 (f3_add_1021)             0.000    0.000 2.88e-07 2.88e-07   0.0
          a444 (f3_add_1098)             0.000    0.000 2.88e-07 2.88e-07   0.0
          a636 (f3_add_1059)             0.000    0.000 2.88e-07 2.88e-07   0.0
          m2 (f3_mult_973)               0.000    0.000 2.27e-07 2.27e-07   0.0
          a254 (f3_add_1136)             0.000    0.000 2.88e-07 2.88e-07   0.0
          a446 (f3_add_1097)             0.000    0.000 2.88e-07 2.88e-07   0.0
          m4 (f3_mult_972)               0.000    0.000 2.27e-07 2.27e-07   0.0
          a256 (f3_add_1135)             0.000    0.000 2.88e-07 2.88e-07   0.0
          m6 (f3_mult_971)               0.000    0.000 2.27e-07 2.27e-07   0.0
          m910 (f3_mult_702)             0.000    0.000 2.16e-07 2.16e-07   0.0
          m720 (f3_mult_759)             0.000    0.000 2.27e-07 2.27e-07   0.0
          m912 (f3_mult_701)             0.000    0.000 2.16e-07 2.16e-07   0.0
          m530 (f3_mult_816)             0.000    0.000 2.27e-07 2.27e-07   0.0
          m722 (f3_mult_758)             0.000    0.000 2.27e-07 2.27e-07   0.0
          m340 (f3_mult_873)             0.000    0.000 2.16e-07 2.16e-07   0.0
          m532 (f3_mult_815)             0.000    0.000 2.27e-07 2.27e-07   0.0
          m150 (f3_mult_930)             0.000    0.000 2.27e-07 2.27e-07   0.0
          m342 (f3_mult_872)             0.000    0.000 2.16e-07 2.16e-07   0.0
          m918 (f3_mult_700)             0.000    0.000 2.05e-07 2.05e-07   0.0
          m152 (f3_mult_929)             0.000    0.000 2.27e-07 2.27e-07   0.0
          m728 (f3_mult_757)             0.000    0.000 2.16e-07 2.16e-07   0.0
          a60 (f3_add_1176)              0.000    0.000 2.88e-07 2.88e-07   0.0
          m538 (f3_mult_814)             0.000    0.000 2.27e-07 2.27e-07   0.0
          m348 (f3_mult_871)             0.000    0.000 2.16e-07 2.16e-07   0.0
          m158 (f3_mult_928)             0.000    0.000 2.27e-07 2.27e-07   0.0
          a68 (f3_add_1175)              0.000    0.000 2.88e-07 2.88e-07   0.0
          a834 (f3_add_1020)             0.000    0.000 2.88e-07 2.88e-07   0.0
          a644 (f3_add_1058)             0.000    0.000 2.88e-07 2.88e-07   0.0
          a836 (f3_add_1019)             0.000    0.000 2.88e-07 2.88e-07   0.0
          a454 (f3_add_1096)             0.000    0.000 2.88e-07 2.88e-07   0.0
          a646 (f3_add_1057)             0.000    0.000 2.88e-07 2.88e-07   0.0
          a264 (f3_add_1134)             0.000    0.000 2.88e-07 2.88e-07   0.0
          a456 (f3_add_1095)             0.000    0.000 2.88e-07 2.88e-07   0.0
          a266 (f3_add_1133)             0.000    0.000 2.88e-07 2.88e-07   0.0
          m920 (f3_mult_699)             0.000    0.000 2.05e-07 2.05e-07   0.0
          m12 (f3_mult_970)              0.000    0.000 2.27e-07 2.27e-07   0.0
          m730 (f3_mult_756)             0.000    0.000 2.16e-07 2.16e-07   0.0
          m922 (f3_mult_698)             0.000    0.000 2.05e-07 2.05e-07   0.0
          m14 (f3_mult_969)              0.000    0.000 2.27e-07 2.27e-07   0.0
          m540 (f3_mult_813)             0.000    0.000 2.27e-07 2.27e-07   0.0
          m732 (f3_mult_755)             0.000    0.000 2.16e-07 2.16e-07   0.0
          m16 (f3_mult_968)              0.000    0.000 2.27e-07 2.27e-07   0.0
          m350 (f3_mult_870)             0.000    0.000 2.16e-07 2.16e-07   0.0
          m542 (f3_mult_812)             0.000    0.000 2.27e-07 2.27e-07   0.0
          m160 (f3_mult_927)             0.000    0.000 2.27e-07 2.27e-07   0.0
          m352 (f3_mult_869)             0.000    0.000 2.16e-07 2.16e-07   0.0
          m928 (f3_mult_697)             0.000    0.000 2.05e-07 2.05e-07   0.0
          m162 (f3_mult_926)             0.000    0.000 2.27e-07 2.27e-07   0.0
          m738 (f3_mult_754)             0.000    0.000 2.16e-07 2.16e-07   0.0
          a70 (f3_add_1174)              0.000    0.000 2.88e-07 2.88e-07   0.0
          m548 (f3_mult_811)             0.000    0.000 2.27e-07 2.27e-07   0.0
          m358 (f3_mult_868)             0.000    0.000 2.16e-07 2.16e-07   0.0
          m168 (f3_mult_925)             0.000    0.000 2.27e-07 2.27e-07   0.0
          a78 (f3_add_1173)              0.000    0.000 2.88e-07 2.88e-07   0.0
          a844 (f3_add_1018)             0.000    0.000 2.88e-07 2.88e-07   0.0
          a654 (f3_add_1056)             0.000    0.000 2.88e-07 2.88e-07   0.0
          a846 (f3_add_1017)             0.000    0.000 2.88e-07 2.88e-07   0.0
          a464 (f3_add_1094)             0.000    0.000 2.88e-07 2.88e-07   0.0
          a656 (f3_add_1055)             0.000    0.000 2.88e-07 2.88e-07   0.0
          a274 (f3_add_1132)             0.000    0.000 2.88e-07 2.88e-07   0.0
          a466 (f3_add_1093)             0.000    0.000 2.88e-07 2.88e-07   0.0
          a276 (f3_add_1131)             0.000    0.000 2.88e-07 2.88e-07   0.0
          m930 (f3_mult_696)             0.000    0.000 2.05e-07 2.05e-07   0.0
          m22 (f3_mult_967)              0.000    0.000 2.27e-07 2.27e-07   0.0
          m740 (f3_mult_753)             0.000    0.000 2.16e-07 2.16e-07   0.0
          m932 (f3_mult_695)             0.000    0.000 2.05e-07 2.05e-07   0.0
          m24 (f3_mult_966)              0.000    0.000 2.27e-07 2.27e-07   0.0
          m550 (f3_mult_810)             0.000    0.000 2.27e-07 2.27e-07   0.0
          m742 (f3_mult_752)             0.000    0.000 2.16e-07 2.16e-07   0.0
          m26 (f3_mult_965)              0.000    0.000 2.27e-07 2.27e-07   0.0
          m360 (f3_mult_867)             0.000    0.000 2.16e-07 2.16e-07   0.0
          m552 (f3_mult_809)             0.000    0.000 2.27e-07 2.27e-07   0.0
          m170 (f3_mult_924)             0.000    0.000 2.27e-07 2.27e-07   0.0
          m362 (f3_mult_866)             0.000    0.000 2.16e-07 2.16e-07   0.0
          m938 (f3_mult_694)             0.000    0.000 2.05e-07 2.05e-07   0.0
          m172 (f3_mult_923)             0.000    0.000 2.27e-07 2.27e-07   0.0
          m748 (f3_mult_751)             0.000    0.000 2.16e-07 2.16e-07   0.0
          a80 (f3_add_1172)              0.000    0.000 2.88e-07 2.88e-07   0.0
          m558 (f3_mult_808)             0.000    0.000 2.27e-07 2.27e-07   0.0
          m368 (f3_mult_865)             0.000    0.000 2.16e-07 2.16e-07   0.0
          m178 (f3_mult_922)             0.000    0.000 2.27e-07 2.27e-07   0.0
          a88 (f3_add_1171)              0.000    0.000 2.88e-07 2.88e-07   0.0
          a854 (f3_add_1016)             0.000    0.000 2.88e-07 2.88e-07   0.0
          a856 (f3_add_1015)             0.000    0.000 2.88e-07 2.88e-07   0.0
          a664 (f3_add_1054)             0.000    0.000 2.88e-07 2.88e-07   0.0
          a474 (f3_add_1092)             0.000    0.000 2.88e-07 2.88e-07   0.0
          a666 (f3_add_1053)             0.000    0.000 2.88e-07 2.88e-07   0.0
          a284 (f3_add_1130)             0.000    0.000 2.88e-07 2.88e-07   0.0
          a476 (f3_add_1091)             0.000    0.000 2.88e-07 2.88e-07   0.0
          a286 (f3_add_1129)             0.000    0.000 2.88e-07 2.88e-07   0.0
          m940 (f3_mult_693)             0.000    0.000 2.05e-07 2.05e-07   0.0
          m32 (f3_mult_964)              0.000    0.000 2.27e-07 2.27e-07   0.0
          m750 (f3_mult_750)             0.000    0.000 2.16e-07 2.16e-07   0.0
          m942 (f3_mult_692)             0.000    0.000 2.05e-07 2.05e-07   0.0
          m34 (f3_mult_963)              0.000    0.000 2.27e-07 2.27e-07   0.0
          m560 (f3_mult_807)             0.000    0.000 2.27e-07 2.27e-07   0.0
          m752 (f3_mult_749)             0.000    0.000 2.16e-07 2.16e-07   0.0
          m36 (f3_mult_962)              0.000    0.000 2.27e-07 2.27e-07   0.0
          m370 (f3_mult_864)             0.000    0.000 2.16e-07 2.16e-07   0.0
          m562 (f3_mult_806)             0.000    0.000 2.27e-07 2.27e-07   0.0
          m180 (f3_mult_921)             0.000    0.000 2.27e-07 2.27e-07   0.0
          m372 (f3_mult_863)             0.000    0.000 2.16e-07 2.16e-07   0.0
          m948 (f3_mult_691)             0.000    0.000 2.05e-07 2.05e-07   0.0
          m182 (f3_mult_920)             0.000    0.000 2.27e-07 2.27e-07   0.0
          m758 (f3_mult_748)             0.000    0.000 2.16e-07 2.16e-07   0.0
          a90 (f3_add_1170)              0.000    0.000 2.88e-07 2.88e-07   0.0
          m568 (f3_mult_805)             0.000    0.000 2.27e-07 2.27e-07   0.0
          m378 (f3_mult_862)             0.000    0.000 2.16e-07 2.16e-07   0.0
          m188 (f3_mult_919)             0.000    0.000 2.27e-07 2.27e-07   0.0
          a98 (f3_add_1169)              0.000    0.000 2.88e-07 2.88e-07   0.0
          a864 (f3_add_1014)             0.000    0.000 2.88e-07 2.88e-07   0.0
          a674 (f3_add_1052)             0.000    0.000 2.88e-07 2.88e-07   0.0
          a866 (f3_add_1013)             0.000    0.000 2.88e-07 2.88e-07   0.0
          a484 (f3_add_1090)             0.000    0.000 2.88e-07 2.88e-07   0.0
          a676 (f3_add_1051)             0.000    0.000 2.88e-07 2.88e-07   0.0
          a294 (f3_add_1128)             0.000    0.000 2.88e-07 2.88e-07   0.0
          a486 (f3_add_1089)             0.000    0.000 2.88e-07 2.88e-07   0.0
          a296 (f3_add_1127)             0.000    0.000 2.88e-07 2.88e-07   0.0
          m950 (f3_mult_690)             0.000    0.000 2.05e-07 2.05e-07   0.0
          m42 (f3_mult_961)              0.000    0.000 2.27e-07 2.27e-07   0.0
          m760 (f3_mult_747)             0.000    0.000 2.16e-07 2.16e-07   0.0
          m952 (f3_mult_689)             0.000    0.000 2.05e-07 2.05e-07   0.0
          m44 (f3_mult_960)              0.000    0.000 2.27e-07 2.27e-07   0.0
          m570 (f3_mult_804)             0.000    0.000 2.27e-07 2.27e-07   0.0
          m762 (f3_mult_746)             0.000    0.000 2.16e-07 2.16e-07   0.0
          m46 (f3_mult_959)              0.000    0.000 2.27e-07 2.27e-07   0.0
          m380 (f3_mult_861)             0.000    0.000 2.16e-07 2.16e-07   0.0
          m572 (f3_mult_803)             0.000    0.000 2.27e-07 2.27e-07   0.0
          m190 (f3_mult_918)             0.000    0.000 2.27e-07 2.27e-07   0.0
          m382 (f3_mult_860)             0.000    0.000 2.16e-07 2.16e-07   0.0
          m958 (f3_mult_688)             0.000    0.000 2.05e-07 2.05e-07   0.0
          m192 (f3_mult_917)             0.000    0.000 2.27e-07 2.27e-07   0.0
          m768 (f3_mult_745)             0.000    0.000 2.16e-07 2.16e-07   0.0
          m578 (f3_mult_802)             0.000    0.000 2.27e-07 2.27e-07   0.0
          m388 (f3_mult_859)             0.000    0.000 2.16e-07 2.16e-07   0.0
          a100 (f3_add_1168)             0.000    0.000 2.88e-07 2.88e-07   0.0
          m198 (f3_mult_916)             0.000    0.000 2.27e-07 2.27e-07   0.0
          a874 (f3_add_1012)             0.000    0.000 2.88e-07 2.88e-07   0.0
          a108 (f3_add_1167)             0.000    0.000 2.88e-07 2.88e-07   0.0
          a684 (f3_add_1050)             0.000    0.000 2.88e-07 2.88e-07   0.0
          a876 (f3_add_1011)             0.000    0.000 2.88e-07 2.88e-07   0.0
          a494 (f3_add_1088)             0.000    0.000 2.88e-07 2.88e-07   0.0
          a686 (f3_add_1049)             0.000    0.000 2.88e-07 2.88e-07   0.0
          a496 (f3_add_1087)             0.000    0.000 2.88e-07 2.88e-07   0.0
          m960 (f3_mult_687)             0.000    0.000 2.05e-07 2.05e-07   0.0
          m52 (f3_mult_958)              0.000    0.000 2.27e-07 2.27e-07   0.0
          m770 (f3_mult_744)             0.000    0.000 2.16e-07 2.16e-07   0.0
          m962 (f3_mult_686)             0.000    0.000 2.05e-07 2.05e-07   0.0
          m54 (f3_mult_957)              0.000    0.000 2.27e-07 2.27e-07   0.0
          m580 (f3_mult_801)             0.000    0.000 2.27e-07 2.27e-07   0.0
          m772 (f3_mult_743)             0.000    0.000 2.16e-07 2.16e-07   0.0
          m56 (f3_mult_956)              0.000    0.000 2.27e-07 2.27e-07   0.0
          m390 (f3_mult_858)             0.000    0.000 2.16e-07 2.16e-07   0.0
          m582 (f3_mult_800)             0.000    0.000 2.27e-07 2.27e-07   0.0
          m392 (f3_mult_857)             0.000    0.000 2.16e-07 2.16e-07   0.0
          m968 (f3_mult_685)             0.000    0.000 2.05e-07 2.05e-07   0.0
          m778 (f3_mult_742)             0.000    0.000 2.16e-07 2.16e-07   0.0
          m588 (f3_mult_799)             0.000    0.000 2.27e-07 2.27e-07   0.0
          m398 (f3_mult_856)             0.000    0.000 2.27e-07 2.27e-07   0.0
          a110 (f3_add_1166)             0.000    0.000 2.88e-07 2.88e-07   0.0
          a304 (f3_add_1126)             0.000    0.000 2.88e-07 2.88e-07   0.0
          a306 (f3_add_1125)             0.000    0.000 2.88e-07 2.88e-07   0.0
          a884 (f3_add_1010)             0.000    0.000 2.88e-07 2.88e-07   0.0
          a118 (f3_add_1165)             0.000    0.000 2.88e-07 2.88e-07   0.0
          a694 (f3_add_1048)             0.000    0.000 2.88e-07 2.88e-07   0.0
          a886 (f3_add_1009)             0.000    0.000 2.88e-07 2.88e-07   0.0
          a696 (f3_add_1047)             0.000    0.000 2.88e-07 2.88e-07   0.0
          m200 (f3_mult_915)             0.000    0.000 2.27e-07 2.27e-07   0.0
          m202 (f3_mult_914)             0.000    0.000 2.27e-07 2.27e-07   0.0
          m970 (f3_mult_684)             0.000    0.000 2.05e-07 2.05e-07   0.0
          m62 (f3_mult_955)              0.000    0.000 2.27e-07 2.27e-07   0.0
          m780 (f3_mult_741)             0.000    0.000 2.16e-07 2.16e-07   0.0
          m972 (f3_mult_683)             0.000    0.000 2.05e-07 2.05e-07   0.0
          m64 (f3_mult_954)              0.000    0.000 2.27e-07 2.27e-07   0.0
          m590 (f3_mult_798)             0.000    0.000 2.27e-07 2.27e-07   0.0
          m782 (f3_mult_740)             0.000    0.000 2.16e-07 2.16e-07   0.0
          m66 (f3_mult_953)              0.000    0.000 2.27e-07 2.27e-07   0.0
          m208 (f3_mult_913)             0.000    0.000 2.16e-07 2.16e-07   0.0
          m592 (f3_mult_797)             0.000    0.000 2.27e-07 2.27e-07   0.0
          m788 (f3_mult_739)             0.000    0.000 2.27e-07 2.27e-07   0.0
          m598 (f3_mult_796)             0.000    0.000 2.16e-07 2.16e-07   0.0
          a120 (f3_add_1164)             0.000    0.000 2.88e-07 2.88e-07   0.0
          a504 (f3_add_1086)             0.000    0.000 2.88e-07 2.88e-07   0.0
          a314 (f3_add_1124)             0.000    0.000 2.88e-07 2.88e-07   0.0
          a506 (f3_add_1085)             0.000    0.000 2.88e-07 2.88e-07   0.0
          a316 (f3_add_1123)             0.000    0.000 2.88e-07 2.88e-07   0.0
          a894 (f3_add_1008)             0.000    0.000 2.88e-07 2.88e-07   0.0
          a128 (f3_add_1163)             0.000    0.000 2.88e-07 2.88e-07   0.0
          a896 (f3_add_1007)             0.000    0.000 2.88e-07 2.88e-07   0.0
          m400 (f3_mult_855)             0.000    0.000 2.27e-07 2.27e-07   0.0
          m210 (f3_mult_912)             0.000    0.000 2.16e-07 2.16e-07   0.0
          m402 (f3_mult_854)             0.000    0.000 2.27e-07 2.27e-07   0.0
          m212 (f3_mult_911)             0.000    0.000 2.16e-07 2.16e-07   0.0
          m72 (f3_mult_952)              0.000    0.000 2.16e-07 2.16e-07   0.0
          m790 (f3_mult_738)             0.000    0.000 2.27e-07 2.27e-07   0.0
          m74 (f3_mult_951)              0.000    0.000 2.16e-07 2.16e-07   0.0
          m408 (f3_mult_853)             0.000    0.000 2.27e-07 2.27e-07   0.0
          m792 (f3_mult_737)             0.000    0.000 2.27e-07 2.27e-07   0.0
          m76 (f3_mult_950)              0.000    0.000 2.16e-07 2.16e-07   0.0
          m218 (f3_mult_910)             0.000    0.000 2.16e-07 2.16e-07   0.0
          m798 (f3_mult_736)             0.000    0.000 2.27e-07 2.27e-07   0.0
          a704 (f3_add_1046)             0.000    0.000 2.88e-07 2.88e-07   0.0
          a130 (f3_add_1162)             0.000    0.000 2.88e-07 2.88e-07   0.0
          a514 (f3_add_1084)             0.000    0.000 2.88e-07 2.88e-07   0.0
          a706 (f3_add_1045)             0.000    0.000 2.88e-07 2.88e-07   0.0
          a132 (f3_add_1161)             0.000    0.000 2.88e-07 2.88e-07   0.0
          a324 (f3_add_1122)             0.000    0.000 2.88e-07 2.88e-07   0.0
          a516 (f3_add_1083)             0.000    0.000 2.88e-07 2.88e-07   0.0
          a134 (f3_add_1160)             0.000    0.000 2.88e-07 2.88e-07   0.0
          a326 (f3_add_1121)             0.000    0.000 2.88e-07 2.88e-07   0.0
          m600 (f3_mult_795)             0.000    0.000 2.16e-07 2.16e-07   0.0
          m410 (f3_mult_852)             0.000    0.000 2.27e-07 2.27e-07   0.0
          m602 (f3_mult_794)             0.000    0.000 2.16e-07 2.16e-07   0.0
          m220 (f3_mult_909)             0.000    0.000 2.16e-07 2.16e-07   0.0
          m412 (f3_mult_851)             0.000    0.000 2.27e-07 2.27e-07   0.0
          m222 (f3_mult_908)             0.000    0.000 2.16e-07 2.16e-07   0.0
          m608 (f3_mult_793)             0.000    0.000 2.16e-07 2.16e-07   0.0
          m82 (f3_mult_949)              0.000    0.000 2.16e-07 2.16e-07   0.0
          m418 (f3_mult_850)             0.000    0.000 2.27e-07 2.27e-07   0.0
          m84 (f3_mult_948)              0.000    0.000 2.16e-07 2.16e-07   0.0
          m228 (f3_mult_907)             0.000    0.000 2.16e-07 2.16e-07   0.0
          m86 (f3_mult_947)              0.000    0.000 2.16e-07 2.16e-07   0.0
          a904 (f3_add_1006)             0.000    0.000 2.88e-07 2.88e-07   0.0
          a714 (f3_add_1044)             0.000    0.000 2.88e-07 2.88e-07   0.0
          a906 (f3_add_1005)             0.000    0.000 2.88e-07 2.88e-07   0.0
          a8 (f3_add_1187)               0.000    0.000 2.88e-07 2.88e-07   0.0
          a524 (f3_add_1082)             0.000    0.000 2.88e-07 2.88e-07   0.0
          a716 (f3_add_1043)             0.000    0.000 2.88e-07 2.88e-07   0.0
          a142 (f3_add_1159)             0.000    0.000 2.88e-07 2.88e-07   0.0
          a334 (f3_add_1120)             0.000    0.000 2.88e-07 2.88e-07   0.0
          a526 (f3_add_1081)             0.000    0.000 2.88e-07 2.88e-07   0.0
          a144 (f3_add_1158)             0.000    0.000 2.88e-07 2.88e-07   0.0
          a336 (f3_add_1119)             0.000    0.000 2.88e-07 2.88e-07   0.0
          a146 (f3_add_1157)             0.000    0.000 2.88e-07 2.88e-07   0.0
          m800 (f3_mult_735)             0.000    0.000 2.27e-07 2.27e-07   0.0
          m610 (f3_mult_792)             0.000    0.000 2.16e-07 2.16e-07   0.0
          m802 (f3_mult_734)             0.000    0.000 2.27e-07 2.27e-07   0.0
          m420 (f3_mult_849)             0.000    0.000 2.27e-07 2.27e-07   0.0
          m612 (f3_mult_791)             0.000    0.000 2.16e-07 2.16e-07   0.0
          m230 (f3_mult_906)             0.000    0.000 2.16e-07 2.16e-07   0.0
          m422 (f3_mult_848)             0.000    0.000 2.27e-07 2.27e-07   0.0
          m232 (f3_mult_905)             0.000    0.000 2.16e-07 2.16e-07   0.0
          m808 (f3_mult_733)             0.000    0.000 2.27e-07 2.27e-07   0.0
          m618 (f3_mult_790)             0.000    0.000 2.16e-07 2.16e-07   0.0
          m92 (f3_mult_946)              0.000    0.000 2.16e-07 2.16e-07   0.0
          m428 (f3_mult_847)             0.000    0.000 2.27e-07 2.27e-07   0.0
          m94 (f3_mult_945)              0.000    0.000 2.16e-07 2.16e-07   0.0
          m238 (f3_mult_904)             0.000    0.000 2.16e-07 2.16e-07   0.0
          m96 (f3_mult_944)              0.000    0.000 2.16e-07 2.16e-07   0.0
          a914 (f3_add_1004)             0.000    0.000 2.88e-07 2.88e-07   0.0
          a724 (f3_add_1042)             0.000    0.000 2.88e-07 2.88e-07   0.0
          a916 (f3_add_1003)             0.000    0.000 2.88e-07 2.88e-07   0.0
          a534 (f3_add_1080)             0.000    0.000 2.88e-07 2.88e-07   0.0
          a726 (f3_add_1041)             0.000    0.000 2.88e-07 2.88e-07   0.0
          a344 (f3_add_1118)             0.000    0.000 2.88e-07 2.88e-07   0.0
          a536 (f3_add_1079)             0.000    0.000 2.88e-07 2.88e-07   0.0
          a154 (f3_add_1156)             0.000    0.000 2.88e-07 2.88e-07   0.0
          a346 (f3_add_1117)             0.000    0.000 2.88e-07 2.88e-07   0.0
          a156 (f3_add_1155)             0.000    0.000 2.88e-07 2.88e-07   0.0
          m810 (f3_mult_732)             0.000    0.000 2.27e-07 2.27e-07   0.0
          m620 (f3_mult_789)             0.000    0.000 2.16e-07 2.16e-07   0.0
          m812 (f3_mult_731)             0.000    0.000 2.27e-07 2.27e-07   0.0
          m430 (f3_mult_846)             0.000    0.000 2.27e-07 2.27e-07   0.0
          m622 (f3_mult_788)             0.000    0.000 2.16e-07 2.16e-07   0.0
          m240 (f3_mult_903)             0.000    0.000 2.16e-07 2.16e-07   0.0
          m432 (f3_mult_845)             0.000    0.000 2.27e-07 2.27e-07   0.0
          m242 (f3_mult_902)             0.000    0.000 2.16e-07 2.16e-07   0.0
          m818 (f3_mult_730)             0.000    0.000 2.27e-07 2.27e-07   0.0
          m628 (f3_mult_787)             0.000    0.000 2.16e-07 2.16e-07   0.0
          m438 (f3_mult_844)             0.000    0.000 2.27e-07 2.27e-07   0.0
          m248 (f3_mult_901)             0.000    0.000 2.16e-07 2.16e-07   0.0
          a924 (f3_add_1002)             0.000    0.000 2.88e-07 2.88e-07   0.0
          a734 (f3_add_1040)             0.000    0.000 2.88e-07 2.88e-07   0.0
          a926 (f3_add_1001)             0.000    0.000 2.88e-07 2.88e-07   0.0
          a544 (f3_add_1078)             0.000    0.000 2.88e-07 2.88e-07   0.0
          a736 (f3_add_1039)             0.000    0.000 2.88e-07 2.88e-07   0.0
          a354 (f3_add_1116)             0.000    0.000 2.88e-07 2.88e-07   0.0
          a546 (f3_add_1077)             0.000    0.000 2.88e-07 2.88e-07   0.0
          a164 (f3_add_1154)             0.000    0.000 2.88e-07 2.88e-07   0.0
          a356 (f3_add_1115)             0.000    0.000 2.88e-07 2.88e-07   0.0
          a166 (f3_add_1153)             0.000    0.000 2.88e-07 2.88e-07   0.0
          m820 (f3_mult_729)             0.000    0.000 2.27e-07 2.27e-07   0.0
          m630 (f3_mult_786)             0.000    0.000 2.16e-07 2.16e-07   0.0
          m822 (f3_mult_728)             0.000    0.000 2.27e-07 2.27e-07   0.0
          m440 (f3_mult_843)             0.000    0.000 2.27e-07 2.27e-07   0.0
          m632 (f3_mult_785)             0.000    0.000 2.16e-07 2.16e-07   0.0
          m250 (f3_mult_900)             0.000    0.000 2.16e-07 2.16e-07   0.0
          m442 (f3_mult_842)             0.000    0.000 2.27e-07 2.27e-07   0.0
          m252 (f3_mult_899)             0.000    0.000 2.16e-07 2.16e-07   0.0
          m828 (f3_mult_727)             0.000    0.000 2.27e-07 2.27e-07   0.0
          m638 (f3_mult_784)             0.000    0.000 2.16e-07 2.16e-07   0.0
          m448 (f3_mult_841)             0.000    0.000 2.27e-07 2.27e-07   0.0
          m258 (f3_mult_898)             0.000    0.000 2.16e-07 2.16e-07   0.0
          a934 (f3_add_1000)             0.000    0.000 2.88e-07 2.88e-07   0.0
        ins2 (f3m_add_1)                 0.000    0.000 2.79e-05 2.79e-05   0.5
          aa_59__aa (f3_add_931)         0.000    0.000 2.88e-07 2.88e-07   0.0
          aa_90__aa (f3_add_900)         0.000    0.000 2.88e-07 2.88e-07   0.0
          aa_3__aa (f3_add_987)          0.000    0.000 2.88e-07 2.88e-07   0.0
          aa_52__aa (f3_add_938)         0.000    0.000 2.88e-07 2.88e-07   0.0
          aa_67__aa (f3_add_923)         0.000    0.000 2.88e-07 2.88e-07   0.0
          aa_14__aa (f3_add_976)         0.000    0.000 2.88e-07 2.88e-07   0.0
          aa_29__aa (f3_add_961)         0.000    0.000 2.88e-07 2.88e-07   0.0
          aa_60__aa (f3_add_930)         0.000    0.000 2.88e-07 2.88e-07   0.0
          aa_75__aa (f3_add_915)         0.000    0.000 2.88e-07 2.88e-07   0.0
          aa_22__aa (f3_add_968)         0.000    0.000 2.88e-07 2.88e-07   0.0
          aa_37__aa (f3_add_953)         0.000    0.000 2.88e-07 2.88e-07   0.0
          aa_83__aa (f3_add_907)         0.000    0.000 2.88e-07 2.88e-07   0.0
          aa_30__aa (f3_add_960)         0.000    0.000 2.88e-07 2.88e-07   0.0
          aa_45__aa (f3_add_945)         0.000    0.000 2.88e-07 2.88e-07   0.0
          aa_91__aa (f3_add_899)         0.000    0.000 2.88e-07 2.88e-07   0.0
          aa_4__aa (f3_add_986)          0.000    0.000 2.88e-07 2.88e-07   0.0
          aa_53__aa (f3_add_937)         0.000    0.000 2.88e-07 2.88e-07   0.0
          aa_68__aa (f3_add_922)         0.000    0.000 2.88e-07 2.88e-07   0.0
          aa_15__aa (f3_add_975)         0.000    0.000 2.88e-07 2.88e-07   0.0
          aa_61__aa (f3_add_929)         0.000    0.000 2.88e-07 2.88e-07   0.0
          aa_76__aa (f3_add_914)         0.000    0.000 2.88e-07 2.88e-07   0.0
          aa_23__aa (f3_add_967)         0.000    0.000 2.88e-07 2.88e-07   0.0
          aa_38__aa (f3_add_952)         0.000    0.000 2.88e-07 2.88e-07   0.0
          aa_84__aa (f3_add_906)         0.000    0.000 2.88e-07 2.88e-07   0.0
          aa_31__aa (f3_add_959)         0.000    0.000 2.88e-07 2.88e-07   0.0
          aa_46__aa (f3_add_944)         0.000    0.000 2.88e-07 2.88e-07   0.0
          aa_92__aa (f3_add_898)         0.000    0.000 2.88e-07 2.88e-07   0.0
          aa_5__aa (f3_add_985)          0.000    0.000 2.88e-07 2.88e-07   0.0
          aa_54__aa (f3_add_936)         0.000    0.000 2.88e-07 2.88e-07   0.0
          aa_69__aa (f3_add_921)         0.000    0.000 2.88e-07 2.88e-07   0.0
          aa_16__aa (f3_add_974)         0.000    0.000 2.88e-07 2.88e-07   0.0
          aa_62__aa (f3_add_928)         0.000    0.000 2.88e-07 2.88e-07   0.0
          aa_77__aa (f3_add_913)         0.000    0.000 2.88e-07 2.88e-07   0.0
          aa_24__aa (f3_add_966)         0.000    0.000 2.88e-07 2.88e-07   0.0
          aa_39__aa (f3_add_951)         0.000    0.000 2.88e-07 2.88e-07   0.0
          aa_70__aa (f3_add_920)         0.000    0.000 2.88e-07 2.88e-07   0.0
          aa_85__aa (f3_add_905)         0.000    0.000 2.88e-07 2.88e-07   0.0
          aa_32__aa (f3_add_958)         0.000    0.000 2.88e-07 2.88e-07   0.0
          aa_47__aa (f3_add_943)         0.000    0.000 2.88e-07 2.88e-07   0.0
          aa_93__aa (f3_add_897)         0.000    0.000 2.88e-07 2.88e-07   0.0
          aa_40__aa (f3_add_950)         0.000    0.000 2.88e-07 2.88e-07   0.0
          aa_6__aa (f3_add_984)          0.000    0.000 2.88e-07 2.88e-07   0.0
          aa_55__aa (f3_add_935)         0.000    0.000 2.88e-07 2.88e-07   0.0
          aa_17__aa (f3_add_973)         0.000    0.000 2.88e-07 2.88e-07   0.0
          aa_10__aa (f3_add_980)         0.000    0.000 2.88e-07 2.88e-07   0.0
          aa_63__aa (f3_add_927)         0.000    0.000 2.88e-07 2.88e-07   0.0
          aa_78__aa (f3_add_912)         0.000    0.000 2.88e-07 2.88e-07   0.0
          aa_25__aa (f3_add_965)         0.000    0.000 2.88e-07 2.88e-07   0.0
          aa_71__aa (f3_add_919)         0.000    0.000 2.88e-07 2.88e-07   0.0
          aa_86__aa (f3_add_904)         0.000    0.000 2.88e-07 2.88e-07   0.0
          aa_33__aa (f3_add_957)         0.000    0.000 2.88e-07 2.88e-07   0.0
          aa_48__aa (f3_add_942)         0.000    0.000 2.88e-07 2.88e-07   0.0
          aa_94__aa (f3_add_896)         0.000    0.000 2.88e-07 2.88e-07   0.0
          aa_41__aa (f3_add_949)         0.000    0.000 2.88e-07 2.88e-07   0.0
          aa_7__aa (f3_add_983)          0.000    0.000 2.88e-07 2.88e-07   0.0
          aa_56__aa (f3_add_934)         0.000    0.000 2.88e-07 2.88e-07   0.0
          aa_18__aa (f3_add_972)         0.000    0.000 2.88e-07 2.88e-07   0.0
          aa_0__aa (f3_add_990)          0.000    0.000 2.88e-07 2.88e-07   0.0
          aa_11__aa (f3_add_979)         0.000    0.000 2.88e-07 2.88e-07   0.0
          aa_64__aa (f3_add_926)         0.000    0.000 2.88e-07 2.88e-07   0.0
          aa_79__aa (f3_add_911)         0.000    0.000 2.88e-07 2.88e-07   0.0
          aa_26__aa (f3_add_964)         0.000    0.000 2.88e-07 2.88e-07   0.0
          aa_72__aa (f3_add_918)         0.000    0.000 2.88e-07 2.88e-07   0.0
          aa_87__aa (f3_add_903)         0.000    0.000 2.88e-07 2.88e-07   0.0
          aa_34__aa (f3_add_956)         0.000    0.000 2.88e-07 2.88e-07   0.0
          aa_49__aa (f3_add_941)         0.000    0.000 2.88e-07 2.88e-07   0.0
          aa_80__aa (f3_add_910)         0.000    0.000 2.88e-07 2.88e-07   0.0
          aa_95__aa (f3_add_895)         0.000    0.000 2.88e-07 2.88e-07   0.0
          aa_42__aa (f3_add_948)         0.000    0.000 2.88e-07 2.88e-07   0.0
          aa_8__aa (f3_add_982)          0.000    0.000 2.88e-07 2.88e-07   0.0
          aa_57__aa (f3_add_933)         0.000    0.000 2.88e-07 2.88e-07   0.0
          aa_1__aa (f3_add_989)          0.000    0.000 2.88e-07 2.88e-07   0.0
          aa_19__aa (f3_add_971)         0.000    0.000 2.88e-07 2.88e-07   0.0
          aa_50__aa (f3_add_940)         0.000    0.000 2.88e-07 2.88e-07   0.0
          aa_12__aa (f3_add_978)         0.000    0.000 2.88e-07 2.88e-07   0.0
          aa_65__aa (f3_add_925)         0.000    0.000 2.88e-07 2.88e-07   0.0
          aa_27__aa (f3_add_963)         0.000    0.000 2.88e-07 2.88e-07   0.0
          aa_73__aa (f3_add_917)         0.000    0.000 2.88e-07 2.88e-07   0.0
          aa_20__aa (f3_add_970)         0.000    0.000 2.88e-07 2.88e-07   0.0
          aa_88__aa (f3_add_902)         0.000    0.000 2.88e-07 2.88e-07   0.0
          aa_35__aa (f3_add_955)         0.000    0.000 2.88e-07 2.88e-07   0.0
          aa_81__aa (f3_add_909)         0.000    0.000 2.88e-07 2.88e-07   0.0
          aa_96__aa (f3_add_894)         0.000    0.000 2.88e-07 2.88e-07   0.0
          aa_43__aa (f3_add_947)         0.000    0.000 2.88e-07 2.88e-07   0.0
          aa_9__aa (f3_add_981)          0.000    0.000 2.88e-07 2.88e-07   0.0
          aa_58__aa (f3_add_932)         0.000    0.000 2.88e-07 2.88e-07   0.0
          aa_2__aa (f3_add_988)          0.000    0.000 2.88e-07 2.88e-07   0.0
          aa_51__aa (f3_add_939)         0.000    0.000 2.88e-07 2.88e-07   0.0
          aa_66__aa (f3_add_924)         0.000    0.000 2.88e-07 2.88e-07   0.0
          aa_13__aa (f3_add_977)         0.000    0.000 2.88e-07 2.88e-07   0.0
          aa_28__aa (f3_add_962)         0.000    0.000 2.88e-07 2.88e-07   0.0
          aa_74__aa (f3_add_916)         0.000    0.000 2.88e-07 2.88e-07   0.0
          aa_21__aa (f3_add_969)         0.000    0.000 2.88e-07 2.88e-07   0.0
          aa_89__aa (f3_add_901)         0.000    0.000 2.88e-07 2.88e-07   0.0
          aa_36__aa (f3_add_954)         0.000    0.000 2.88e-07 2.88e-07   0.0
          aa_82__aa (f3_add_908)         0.000    0.000 2.88e-07 2.88e-07   0.0
          aa_44__aa (f3_add_946)         0.000    0.000 2.88e-07 2.88e-07   0.0
        ins3 (func7_1)                   0.000    0.000 1.03e-05 1.03e-05   0.2
          a0 (f3_add_893)                0.000    0.000 2.88e-07 2.88e-07   0.0
          a1 (f3_add_892)                0.000    0.000 2.88e-07 2.88e-07   0.0
          a2 (f3_add_891)                0.000    0.000 2.88e-07 2.88e-07   0.0
      ins5 (f3m_mult_0)               2.69e-04 2.60e-05 3.84e-04 6.80e-04  11.2
        ins1 (func8_0)                   0.000    0.000 1.23e-04 1.23e-04   2.0
          a744 (f3_add_741)              0.000    0.000 2.88e-07 2.88e-07   0.0
          a936 (f3_add_702)              0.000    0.000 2.88e-07 2.88e-07   0.0
          a554 (f3_add_779)              0.000    0.000 2.88e-07 2.88e-07   0.0
          a746 (f3_add_740)              0.000    0.000 2.88e-07 2.88e-07   0.0
          a364 (f3_add_817)              0.000    0.000 2.88e-07 2.88e-07   0.0
          a556 (f3_add_778)              0.000    0.000 2.88e-07 2.88e-07   0.0
          a174 (f3_add_855)              0.000    0.000 2.88e-07 2.88e-07   0.0
          a366 (f3_add_816)              0.000    0.000 2.88e-07 2.88e-07   0.0
          a176 (f3_add_854)              0.000    0.000 2.88e-07 2.88e-07   0.0
          m830 (f3_mult_435)             0.000    0.000 2.27e-07 2.27e-07   0.0
          m640 (f3_mult_492)             0.000    0.000 2.16e-07 2.16e-07   0.0
          m832 (f3_mult_434)             0.000    0.000 2.27e-07 2.27e-07   0.0
          m450 (f3_mult_549)             0.000    0.000 2.27e-07 2.27e-07   0.0
          m642 (f3_mult_491)             0.000    0.000 2.16e-07 2.16e-07   0.0
          m260 (f3_mult_606)             0.000    0.000 2.16e-07 2.16e-07   0.0
          m452 (f3_mult_548)             0.000    0.000 2.27e-07 2.27e-07   0.0
          m262 (f3_mult_605)             0.000    0.000 2.16e-07 2.16e-07   0.0
          m838 (f3_mult_433)             0.000    0.000 2.27e-07 2.27e-07   0.0
          m648 (f3_mult_490)             0.000    0.000 2.16e-07 2.16e-07   0.0
          m458 (f3_mult_547)             0.000    0.000 2.27e-07 2.27e-07   0.0
          m268 (f3_mult_604)             0.000    0.000 2.27e-07 2.27e-07   0.0
          a944 (f3_add_701)              0.000    0.000 2.88e-07 2.88e-07   0.0
          a754 (f3_add_739)              0.000    0.000 2.88e-07 2.88e-07   0.0
          a946 (f3_add_700)              0.000    0.000 2.88e-07 2.88e-07   0.0
          a564 (f3_add_777)              0.000    0.000 2.88e-07 2.88e-07   0.0
          a756 (f3_add_738)              0.000    0.000 2.88e-07 2.88e-07   0.0
          a566 (f3_add_776)              0.000    0.000 2.88e-07 2.88e-07   0.0
          a374 (f3_add_815)              0.000    0.000 2.88e-07 2.88e-07   0.0
          a184 (f3_add_853)              0.000    0.000 2.88e-07 2.88e-07   0.0
          a376 (f3_add_814)              0.000    0.000 2.88e-07 2.88e-07   0.0
          a186 (f3_add_852)              0.000    0.000 2.88e-07 2.88e-07   0.0
          m840 (f3_mult_432)             0.000    0.000 2.27e-07 2.27e-07   0.0
          m650 (f3_mult_489)             0.000    0.000 2.16e-07 2.16e-07   0.0
          m842 (f3_mult_431)             0.000    0.000 2.27e-07 2.27e-07   0.0
          m460 (f3_mult_546)             0.000    0.000 2.27e-07 2.27e-07   0.0
          m652 (f3_mult_488)             0.000    0.000 2.16e-07 2.16e-07   0.0
          m270 (f3_mult_603)             0.000    0.000 2.27e-07 2.27e-07   0.0
          m462 (f3_mult_545)             0.000    0.000 2.27e-07 2.27e-07   0.0
          m272 (f3_mult_602)             0.000    0.000 2.27e-07 2.27e-07   0.0
          m848 (f3_mult_430)             0.000    0.000 2.27e-07 2.27e-07   0.0
          m658 (f3_mult_487)             0.000    0.000 2.27e-07 2.27e-07   0.0
          m468 (f3_mult_544)             0.000    0.000 2.16e-07 2.16e-07   0.0
          m278 (f3_mult_601)             0.000    0.000 2.27e-07 2.27e-07   0.0
          a954 (f3_add_699)              0.000    0.000 2.88e-07 2.88e-07   0.0
          a764 (f3_add_737)              0.000    0.000 2.88e-07 2.88e-07   0.0
          a956 (f3_add_698)              0.000    0.000 2.88e-07 2.88e-07   0.0
          a574 (f3_add_775)              0.000    0.000 2.88e-07 2.88e-07   0.0
          a766 (f3_add_736)              0.000    0.000 2.88e-07 2.88e-07   0.0
          a384 (f3_add_813)              0.000    0.000 2.88e-07 2.88e-07   0.0
          a576 (f3_add_774)              0.000    0.000 2.88e-07 2.88e-07   0.0
          a194 (f3_add_851)              0.000    0.000 2.88e-07 2.88e-07   0.0
          a386 (f3_add_812)              0.000    0.000 2.88e-07 2.88e-07   0.0
          a196 (f3_add_850)              0.000    0.000 2.88e-07 2.88e-07   0.0
          m850 (f3_mult_429)             0.000    0.000 2.27e-07 2.27e-07   0.0
          m660 (f3_mult_486)             0.000    0.000 2.27e-07 2.27e-07   0.0
          m852 (f3_mult_428)             0.000    0.000 2.27e-07 2.27e-07   0.0
          m470 (f3_mult_543)             0.000    0.000 2.16e-07 2.16e-07   0.0
          m662 (f3_mult_485)             0.000    0.000 2.27e-07 2.27e-07   0.0
          m280 (f3_mult_600)             0.000    0.000 2.27e-07 2.27e-07   0.0
          m472 (f3_mult_542)             0.000    0.000 2.16e-07 2.16e-07   0.0
          m282 (f3_mult_599)             0.000    0.000 2.27e-07 2.27e-07   0.0
          m858 (f3_mult_427)             0.000    0.000 2.16e-07 2.16e-07   0.0
          m668 (f3_mult_484)             0.000    0.000 2.27e-07 2.27e-07   0.0
          m478 (f3_mult_541)             0.000    0.000 2.16e-07 2.16e-07   0.0
          m288 (f3_mult_598)             0.000    0.000 2.27e-07 2.27e-07   0.0
          a964 (f3_add_697)              0.000    0.000 2.88e-07 2.88e-07   0.0
          a774 (f3_add_735)              0.000    0.000 2.88e-07 2.88e-07   0.0
          a966 (f3_add_696)              0.000    0.000 2.88e-07 2.88e-07   0.0
          a584 (f3_add_773)              0.000    0.000 2.88e-07 2.88e-07   0.0
          a776 (f3_add_734)              0.000    0.000 2.88e-07 2.88e-07   0.0
          a394 (f3_add_811)              0.000    0.000 2.88e-07 2.88e-07   0.0
          a586 (f3_add_772)              0.000    0.000 2.88e-07 2.88e-07   0.0
          a396 (f3_add_810)              0.000    0.000 2.88e-07 2.88e-07   0.0
          m860 (f3_mult_426)             0.000    0.000 2.16e-07 2.16e-07   0.0
          m670 (f3_mult_483)             0.000    0.000 2.27e-07 2.27e-07   0.0
          m862 (f3_mult_425)             0.000    0.000 2.16e-07 2.16e-07   0.0
          m480 (f3_mult_540)             0.000    0.000 2.16e-07 2.16e-07   0.0
          m672 (f3_mult_482)             0.000    0.000 2.27e-07 2.27e-07   0.0
          m290 (f3_mult_597)             0.000    0.000 2.27e-07 2.27e-07   0.0
          m482 (f3_mult_539)             0.000    0.000 2.16e-07 2.16e-07   0.0
          m292 (f3_mult_596)             0.000    0.000 2.27e-07 2.27e-07   0.0
          m868 (f3_mult_424)             0.000    0.000 2.16e-07 2.16e-07   0.0
          m678 (f3_mult_481)             0.000    0.000 2.27e-07 2.27e-07   0.0
          m488 (f3_mult_538)             0.000    0.000 2.16e-07 2.16e-07   0.0
          m298 (f3_mult_595)             0.000    0.000 2.27e-07 2.27e-07   0.0
          a204 (f3_add_849)              0.000    0.000 2.88e-07 2.88e-07   0.0
          a206 (f3_add_848)              0.000    0.000 2.88e-07 2.88e-07   0.0
          a974 (f3_add_695)              0.000    0.000 2.88e-07 2.88e-07   0.0
          a784 (f3_add_733)              0.000    0.000 2.88e-07 2.88e-07   0.0
          a976 (f3_add_694)              0.000    0.000 2.88e-07 2.88e-07   0.0
          a594 (f3_add_771)              0.000    0.000 2.88e-07 2.88e-07   0.0
          a786 (f3_add_732)              0.000    0.000 2.88e-07 2.88e-07   0.0
          a596 (f3_add_770)              0.000    0.000 2.88e-07 2.88e-07   0.0
          m102 (f3_mult_652)             0.000    0.000 2.16e-07 2.16e-07   0.0
          m870 (f3_mult_423)             0.000    0.000 2.16e-07 2.16e-07   0.0
          a10 (f3_add_889)               0.000    0.000 2.88e-07 2.88e-07   0.0
          m104 (f3_mult_651)             0.000    0.000 2.16e-07 2.16e-07   0.0
          m680 (f3_mult_480)             0.000    0.000 2.27e-07 2.27e-07   0.0
          m872 (f3_mult_422)             0.000    0.000 2.16e-07 2.16e-07   0.0
          m106 (f3_mult_650)             0.000    0.000 2.16e-07 2.16e-07   0.0
          m490 (f3_mult_537)             0.000    0.000 2.16e-07 2.16e-07   0.0
          m682 (f3_mult_479)             0.000    0.000 2.27e-07 2.27e-07   0.0
          m492 (f3_mult_536)             0.000    0.000 2.16e-07 2.16e-07   0.0
          m878 (f3_mult_421)             0.000    0.000 2.16e-07 2.16e-07   0.0
          a18 (f3_add_888)               0.000    0.000 2.88e-07 2.88e-07   0.0
          m688 (f3_mult_478)             0.000    0.000 2.27e-07 2.27e-07   0.0
          m498 (f3_mult_535)             0.000    0.000 2.16e-07 2.16e-07   0.0
          a404 (f3_add_809)              0.000    0.000 2.88e-07 2.88e-07   0.0
          a214 (f3_add_847)              0.000    0.000 2.88e-07 2.88e-07   0.0
          a406 (f3_add_808)              0.000    0.000 2.88e-07 2.88e-07   0.0
          a216 (f3_add_846)              0.000    0.000 2.88e-07 2.88e-07   0.0
          a794 (f3_add_731)              0.000    0.000 2.88e-07 2.88e-07   0.0
          a796 (f3_add_730)              0.000    0.000 2.88e-07 2.88e-07   0.0
          m300 (f3_mult_594)             0.000    0.000 2.27e-07 2.27e-07   0.0
          m302 (f3_mult_593)             0.000    0.000 2.27e-07 2.27e-07   0.0
          m112 (f3_mult_649)             0.000    0.000 2.16e-07 2.16e-07   0.0
          m880 (f3_mult_420)             0.000    0.000 2.16e-07 2.16e-07   0.0
          a20 (f3_add_887)               0.000    0.000 2.88e-07 2.88e-07   0.0
          m114 (f3_mult_648)             0.000    0.000 2.16e-07 2.16e-07   0.0
          m882 (f3_mult_419)             0.000    0.000 2.16e-07 2.16e-07   0.0
          m690 (f3_mult_477)             0.000    0.000 2.27e-07 2.27e-07   0.0
          m116 (f3_mult_647)             0.000    0.000 2.16e-07 2.16e-07   0.0
          m308 (f3_mult_592)             0.000    0.000 2.27e-07 2.27e-07   0.0
          m692 (f3_mult_476)             0.000    0.000 2.27e-07 2.27e-07   0.0
          a28 (f3_add_886)               0.000    0.000 2.88e-07 2.88e-07   0.0
          m888 (f3_mult_418)             0.000    0.000 2.16e-07 2.16e-07   0.0
          m698 (f3_mult_475)             0.000    0.000 2.27e-07 2.27e-07   0.0
          a604 (f3_add_769)              0.000    0.000 2.88e-07 2.88e-07   0.0
          a414 (f3_add_807)              0.000    0.000 2.88e-07 2.88e-07   0.0
          a606 (f3_add_768)              0.000    0.000 2.88e-07 2.88e-07   0.0
          a224 (f3_add_845)              0.000    0.000 2.88e-07 2.88e-07   0.0
          a416 (f3_add_806)              0.000    0.000 2.88e-07 2.88e-07   0.0
          a226 (f3_add_844)              0.000    0.000 2.88e-07 2.88e-07   0.0
          m500 (f3_mult_534)             0.000    0.000 2.16e-07 2.16e-07   0.0
          m310 (f3_mult_591)             0.000    0.000 2.27e-07 2.27e-07   0.0
          m502 (f3_mult_533)             0.000    0.000 2.16e-07 2.16e-07   0.0
          m312 (f3_mult_590)             0.000    0.000 2.27e-07 2.27e-07   0.0
          m122 (f3_mult_646)             0.000    0.000 2.16e-07 2.16e-07   0.0
          a30 (f3_add_885)               0.000    0.000 2.88e-07 2.88e-07   0.0
          m890 (f3_mult_417)             0.000    0.000 2.16e-07 2.16e-07   0.0
          m124 (f3_mult_645)             0.000    0.000 2.16e-07 2.16e-07   0.0
          m508 (f3_mult_532)             0.000    0.000 2.16e-07 2.16e-07   0.0
          m892 (f3_mult_416)             0.000    0.000 2.16e-07 2.16e-07   0.0
          m126 (f3_mult_644)             0.000    0.000 2.16e-07 2.16e-07   0.0
          m318 (f3_mult_589)             0.000    0.000 2.27e-07 2.27e-07   0.0
          a38 (f3_add_884)               0.000    0.000 2.88e-07 2.88e-07   0.0
          m898 (f3_mult_415)             0.000    0.000 2.16e-07 2.16e-07   0.0
          a804 (f3_add_729)              0.000    0.000 2.88e-07 2.88e-07   0.0
          a614 (f3_add_767)              0.000    0.000 2.88e-07 2.88e-07   0.0
          a806 (f3_add_728)              0.000    0.000 2.88e-07 2.88e-07   0.0
          a424 (f3_add_805)              0.000    0.000 2.88e-07 2.88e-07   0.0
          a616 (f3_add_766)              0.000    0.000 2.88e-07 2.88e-07   0.0
          a234 (f3_add_843)              0.000    0.000 2.88e-07 2.88e-07   0.0
          a426 (f3_add_804)              0.000    0.000 2.88e-07 2.88e-07   0.0
          a236 (f3_add_842)              0.000    0.000 2.88e-07 2.88e-07   0.0
          m700 (f3_mult_474)             0.000    0.000 2.27e-07 2.27e-07   0.0
          m510 (f3_mult_531)             0.000    0.000 2.16e-07 2.16e-07   0.0
          m702 (f3_mult_473)             0.000    0.000 2.27e-07 2.27e-07   0.0
          m320 (f3_mult_588)             0.000    0.000 2.27e-07 2.27e-07   0.0
          m512 (f3_mult_530)             0.000    0.000 2.16e-07 2.16e-07   0.0
          m322 (f3_mult_587)             0.000    0.000 2.27e-07 2.27e-07   0.0
          m708 (f3_mult_472)             0.000    0.000 2.27e-07 2.27e-07   0.0
          a40 (f3_add_883)               0.000    0.000 2.88e-07 2.88e-07   0.0
          m518 (f3_mult_529)             0.000    0.000 2.16e-07 2.16e-07   0.0
          m136 (f3_mult_643)             0.000    0.000 2.27e-07 2.27e-07   0.0
          m328 (f3_mult_586)             0.000    0.000 2.27e-07 2.27e-07   0.0
          m138 (f3_mult_642)             0.000    0.000 2.27e-07 2.27e-07   0.0
          a48 (f3_add_882)               0.000    0.000 2.88e-07 2.88e-07   0.0
          a814 (f3_add_727)              0.000    0.000 2.88e-07 2.88e-07   0.0
          a624 (f3_add_765)              0.000    0.000 2.88e-07 2.88e-07   0.0
          a816 (f3_add_726)              0.000    0.000 2.88e-07 2.88e-07   0.0
          a434 (f3_add_803)              0.000    0.000 2.88e-07 2.88e-07   0.0
          a626 (f3_add_764)              0.000    0.000 2.88e-07 2.88e-07   0.0
          a244 (f3_add_841)              0.000    0.000 2.88e-07 2.88e-07   0.0
          a436 (f3_add_802)              0.000    0.000 2.88e-07 2.88e-07   0.0
          a246 (f3_add_840)              0.000    0.000 2.88e-07 2.88e-07   0.0
          m900 (f3_mult_414)             0.000    0.000 2.16e-07 2.16e-07   0.0
          m710 (f3_mult_471)             0.000    0.000 2.27e-07 2.27e-07   0.0
          m902 (f3_mult_413)             0.000    0.000 2.16e-07 2.16e-07   0.0
          m520 (f3_mult_528)             0.000    0.000 2.16e-07 2.16e-07   0.0
          m712 (f3_mult_470)             0.000    0.000 2.27e-07 2.27e-07   0.0
          m330 (f3_mult_585)             0.000    0.000 2.27e-07 2.27e-07   0.0
          m522 (f3_mult_527)             0.000    0.000 2.16e-07 2.16e-07   0.0
          m140 (f3_mult_641)             0.000    0.000 2.27e-07 2.27e-07   0.0
          m332 (f3_mult_584)             0.000    0.000 2.27e-07 2.27e-07   0.0
          m908 (f3_mult_412)             0.000    0.000 2.16e-07 2.16e-07   0.0
          m718 (f3_mult_469)             0.000    0.000 2.27e-07 2.27e-07   0.0
          a50 (f3_add_881)               0.000    0.000 2.88e-07 2.88e-07   0.0
          m528 (f3_mult_526)             0.000    0.000 2.27e-07 2.27e-07   0.0
          m338 (f3_mult_583)             0.000    0.000 2.16e-07 2.16e-07   0.0
          m148 (f3_mult_640)             0.000    0.000 2.27e-07 2.27e-07   0.0
          a58 (f3_add_880)               0.000    0.000 2.88e-07 2.88e-07   0.0
          a824 (f3_add_725)              0.000    0.000 2.88e-07 2.88e-07   0.0
          a634 (f3_add_763)              0.000    0.000 2.88e-07 2.88e-07   0.0
          a826 (f3_add_724)              0.000    0.000 2.88e-07 2.88e-07   0.0
          a444 (f3_add_801)              0.000    0.000 2.88e-07 2.88e-07   0.0
          a636 (f3_add_762)              0.000    0.000 2.88e-07 2.88e-07   0.0
          m2 (f3_mult_682)               0.000    0.000 2.27e-07 2.27e-07   0.0
          a254 (f3_add_839)              0.000    0.000 2.88e-07 2.88e-07   0.0
          a446 (f3_add_800)              0.000    0.000 2.88e-07 2.88e-07   0.0
          m4 (f3_mult_681)               0.000    0.000 2.27e-07 2.27e-07   0.0
          a256 (f3_add_838)              0.000    0.000 2.88e-07 2.88e-07   0.0
          m6 (f3_mult_680)               0.000    0.000 2.27e-07 2.27e-07   0.0
          m910 (f3_mult_411)             0.000    0.000 2.16e-07 2.16e-07   0.0
          m720 (f3_mult_468)             0.000    0.000 2.27e-07 2.27e-07   0.0
          m912 (f3_mult_410)             0.000    0.000 2.16e-07 2.16e-07   0.0
          m530 (f3_mult_525)             0.000    0.000 2.27e-07 2.27e-07   0.0
          m722 (f3_mult_467)             0.000    0.000 2.27e-07 2.27e-07   0.0
          m340 (f3_mult_582)             0.000    0.000 2.16e-07 2.16e-07   0.0
          m532 (f3_mult_524)             0.000    0.000 2.27e-07 2.27e-07   0.0
          m150 (f3_mult_639)             0.000    0.000 2.27e-07 2.27e-07   0.0
          m342 (f3_mult_581)             0.000    0.000 2.16e-07 2.16e-07   0.0
          m918 (f3_mult_409)             0.000    0.000 2.05e-07 2.05e-07   0.0
          m152 (f3_mult_638)             0.000    0.000 2.27e-07 2.27e-07   0.0
          m728 (f3_mult_466)             0.000    0.000 2.16e-07 2.16e-07   0.0
          a60 (f3_add_879)               0.000    0.000 2.88e-07 2.88e-07   0.0
          m538 (f3_mult_523)             0.000    0.000 2.27e-07 2.27e-07   0.0
          m348 (f3_mult_580)             0.000    0.000 2.16e-07 2.16e-07   0.0
          m158 (f3_mult_637)             0.000    0.000 2.27e-07 2.27e-07   0.0
          a68 (f3_add_878)               0.000    0.000 2.88e-07 2.88e-07   0.0
          a834 (f3_add_723)              0.000    0.000 2.88e-07 2.88e-07   0.0
          a644 (f3_add_761)              0.000    0.000 2.88e-07 2.88e-07   0.0
          a836 (f3_add_722)              0.000    0.000 2.88e-07 2.88e-07   0.0
          a454 (f3_add_799)              0.000    0.000 2.88e-07 2.88e-07   0.0
          a646 (f3_add_760)              0.000    0.000 2.88e-07 2.88e-07   0.0
          a264 (f3_add_837)              0.000    0.000 2.88e-07 2.88e-07   0.0
          a456 (f3_add_798)              0.000    0.000 2.88e-07 2.88e-07   0.0
          a266 (f3_add_836)              0.000    0.000 2.88e-07 2.88e-07   0.0
          m920 (f3_mult_408)             0.000    0.000 2.05e-07 2.05e-07   0.0
          m12 (f3_mult_679)              0.000    0.000 2.27e-07 2.27e-07   0.0
          m730 (f3_mult_465)             0.000    0.000 2.16e-07 2.16e-07   0.0
          m922 (f3_mult_407)             0.000    0.000 2.05e-07 2.05e-07   0.0
          m14 (f3_mult_678)              0.000    0.000 2.27e-07 2.27e-07   0.0
          m540 (f3_mult_522)             0.000    0.000 2.27e-07 2.27e-07   0.0
          m732 (f3_mult_464)             0.000    0.000 2.16e-07 2.16e-07   0.0
          m16 (f3_mult_677)              0.000    0.000 2.27e-07 2.27e-07   0.0
          m350 (f3_mult_579)             0.000    0.000 2.16e-07 2.16e-07   0.0
          m542 (f3_mult_521)             0.000    0.000 2.27e-07 2.27e-07   0.0
          m160 (f3_mult_636)             0.000    0.000 2.27e-07 2.27e-07   0.0
          m352 (f3_mult_578)             0.000    0.000 2.16e-07 2.16e-07   0.0
          m928 (f3_mult_406)             0.000    0.000 2.05e-07 2.05e-07   0.0
          m162 (f3_mult_635)             0.000    0.000 2.27e-07 2.27e-07   0.0
          m738 (f3_mult_463)             0.000    0.000 2.16e-07 2.16e-07   0.0
          a70 (f3_add_877)               0.000    0.000 2.88e-07 2.88e-07   0.0
          m548 (f3_mult_520)             0.000    0.000 2.27e-07 2.27e-07   0.0
          m358 (f3_mult_577)             0.000    0.000 2.16e-07 2.16e-07   0.0
          m168 (f3_mult_634)             0.000    0.000 2.27e-07 2.27e-07   0.0
          a78 (f3_add_876)               0.000    0.000 2.88e-07 2.88e-07   0.0
          a844 (f3_add_721)              0.000    0.000 2.88e-07 2.88e-07   0.0
          a654 (f3_add_759)              0.000    0.000 2.88e-07 2.88e-07   0.0
          a846 (f3_add_720)              0.000    0.000 2.88e-07 2.88e-07   0.0
          a464 (f3_add_797)              0.000    0.000 2.88e-07 2.88e-07   0.0
          a656 (f3_add_758)              0.000    0.000 2.88e-07 2.88e-07   0.0
          a274 (f3_add_835)              0.000    0.000 2.88e-07 2.88e-07   0.0
          a466 (f3_add_796)              0.000    0.000 2.88e-07 2.88e-07   0.0
          a276 (f3_add_834)              0.000    0.000 2.88e-07 2.88e-07   0.0
          m930 (f3_mult_405)             0.000    0.000 2.05e-07 2.05e-07   0.0
          m22 (f3_mult_676)              0.000    0.000 2.27e-07 2.27e-07   0.0
          m740 (f3_mult_462)             0.000    0.000 2.16e-07 2.16e-07   0.0
          m932 (f3_mult_404)             0.000    0.000 2.05e-07 2.05e-07   0.0
          m24 (f3_mult_675)              0.000    0.000 2.27e-07 2.27e-07   0.0
          m550 (f3_mult_519)             0.000    0.000 2.27e-07 2.27e-07   0.0
          m742 (f3_mult_461)             0.000    0.000 2.16e-07 2.16e-07   0.0
          m26 (f3_mult_674)              0.000    0.000 2.27e-07 2.27e-07   0.0
          m360 (f3_mult_576)             0.000    0.000 2.16e-07 2.16e-07   0.0
          m552 (f3_mult_518)             0.000    0.000 2.27e-07 2.27e-07   0.0
          m170 (f3_mult_633)             0.000    0.000 2.27e-07 2.27e-07   0.0
          m362 (f3_mult_575)             0.000    0.000 2.16e-07 2.16e-07   0.0
          m938 (f3_mult_403)             0.000    0.000 2.05e-07 2.05e-07   0.0
          m172 (f3_mult_632)             0.000    0.000 2.27e-07 2.27e-07   0.0
          m748 (f3_mult_460)             0.000    0.000 2.16e-07 2.16e-07   0.0
          a80 (f3_add_875)               0.000    0.000 2.88e-07 2.88e-07   0.0
          m558 (f3_mult_517)             0.000    0.000 2.27e-07 2.27e-07   0.0
          m368 (f3_mult_574)             0.000    0.000 2.16e-07 2.16e-07   0.0
          m178 (f3_mult_631)             0.000    0.000 2.27e-07 2.27e-07   0.0
          a88 (f3_add_874)               0.000    0.000 2.88e-07 2.88e-07   0.0
          a854 (f3_add_719)              0.000    0.000 2.88e-07 2.88e-07   0.0
          a856 (f3_add_718)              0.000    0.000 2.88e-07 2.88e-07   0.0
          a664 (f3_add_757)              0.000    0.000 2.88e-07 2.88e-07   0.0
          a474 (f3_add_795)              0.000    0.000 2.88e-07 2.88e-07   0.0
          a666 (f3_add_756)              0.000    0.000 2.88e-07 2.88e-07   0.0
          a284 (f3_add_833)              0.000    0.000 2.88e-07 2.88e-07   0.0
          a476 (f3_add_794)              0.000    0.000 2.88e-07 2.88e-07   0.0
          a286 (f3_add_832)              0.000    0.000 2.88e-07 2.88e-07   0.0
          m940 (f3_mult_402)             0.000    0.000 2.05e-07 2.05e-07   0.0
          m32 (f3_mult_673)              0.000    0.000 2.27e-07 2.27e-07   0.0
          m750 (f3_mult_459)             0.000    0.000 2.16e-07 2.16e-07   0.0
          m942 (f3_mult_401)             0.000    0.000 2.05e-07 2.05e-07   0.0
          m34 (f3_mult_672)              0.000    0.000 2.27e-07 2.27e-07   0.0
          m560 (f3_mult_516)             0.000    0.000 2.27e-07 2.27e-07   0.0
          m752 (f3_mult_458)             0.000    0.000 2.16e-07 2.16e-07   0.0
          m36 (f3_mult_671)              0.000    0.000 2.27e-07 2.27e-07   0.0
          m370 (f3_mult_573)             0.000    0.000 2.16e-07 2.16e-07   0.0
          m562 (f3_mult_515)             0.000    0.000 2.27e-07 2.27e-07   0.0
          m180 (f3_mult_630)             0.000    0.000 2.27e-07 2.27e-07   0.0
          m372 (f3_mult_572)             0.000    0.000 2.16e-07 2.16e-07   0.0
          m948 (f3_mult_400)             0.000    0.000 2.05e-07 2.05e-07   0.0
          m182 (f3_mult_629)             0.000    0.000 2.27e-07 2.27e-07   0.0
          m758 (f3_mult_457)             0.000    0.000 2.16e-07 2.16e-07   0.0
          a90 (f3_add_873)               0.000    0.000 2.88e-07 2.88e-07   0.0
          m568 (f3_mult_514)             0.000    0.000 2.27e-07 2.27e-07   0.0
          m378 (f3_mult_571)             0.000    0.000 2.16e-07 2.16e-07   0.0
          m188 (f3_mult_628)             0.000    0.000 2.27e-07 2.27e-07   0.0
          a98 (f3_add_872)               0.000    0.000 2.88e-07 2.88e-07   0.0
          a864 (f3_add_717)              0.000    0.000 2.88e-07 2.88e-07   0.0
          a674 (f3_add_755)              0.000    0.000 2.88e-07 2.88e-07   0.0
          a866 (f3_add_716)              0.000    0.000 2.88e-07 2.88e-07   0.0
          a484 (f3_add_793)              0.000    0.000 2.88e-07 2.88e-07   0.0
          a676 (f3_add_754)              0.000    0.000 2.88e-07 2.88e-07   0.0
          a294 (f3_add_831)              0.000    0.000 2.88e-07 2.88e-07   0.0
          a486 (f3_add_792)              0.000    0.000 2.88e-07 2.88e-07   0.0
          a296 (f3_add_830)              0.000    0.000 2.88e-07 2.88e-07   0.0
          m950 (f3_mult_399)             0.000    0.000 2.05e-07 2.05e-07   0.0
          m42 (f3_mult_670)              0.000    0.000 2.27e-07 2.27e-07   0.0
          m760 (f3_mult_456)             0.000    0.000 2.16e-07 2.16e-07   0.0
          m952 (f3_mult_398)             0.000    0.000 2.05e-07 2.05e-07   0.0
          m44 (f3_mult_669)              0.000    0.000 2.27e-07 2.27e-07   0.0
          m570 (f3_mult_513)             0.000    0.000 2.27e-07 2.27e-07   0.0
          m762 (f3_mult_455)             0.000    0.000 2.16e-07 2.16e-07   0.0
          m46 (f3_mult_668)              0.000    0.000 2.27e-07 2.27e-07   0.0
          m380 (f3_mult_570)             0.000    0.000 2.16e-07 2.16e-07   0.0
          m572 (f3_mult_512)             0.000    0.000 2.27e-07 2.27e-07   0.0
          m190 (f3_mult_627)             0.000    0.000 2.27e-07 2.27e-07   0.0
          m382 (f3_mult_569)             0.000    0.000 2.16e-07 2.16e-07   0.0
          m958 (f3_mult_397)             0.000    0.000 2.05e-07 2.05e-07   0.0
          m192 (f3_mult_626)             0.000    0.000 2.27e-07 2.27e-07   0.0
          m768 (f3_mult_454)             0.000    0.000 2.16e-07 2.16e-07   0.0
          m578 (f3_mult_511)             0.000    0.000 2.27e-07 2.27e-07   0.0
          m388 (f3_mult_568)             0.000    0.000 2.16e-07 2.16e-07   0.0
          a100 (f3_add_871)              0.000    0.000 2.88e-07 2.88e-07   0.0
          m198 (f3_mult_625)             0.000    0.000 2.27e-07 2.27e-07   0.0
          a874 (f3_add_715)              0.000    0.000 2.88e-07 2.88e-07   0.0
          a108 (f3_add_870)              0.000    0.000 2.88e-07 2.88e-07   0.0
          a684 (f3_add_753)              0.000    0.000 2.88e-07 2.88e-07   0.0
          a876 (f3_add_714)              0.000    0.000 2.88e-07 2.88e-07   0.0
          a494 (f3_add_791)              0.000    0.000 2.88e-07 2.88e-07   0.0
          a686 (f3_add_752)              0.000    0.000 2.88e-07 2.88e-07   0.0
          a496 (f3_add_790)              0.000    0.000 2.88e-07 2.88e-07   0.0
          m960 (f3_mult_396)             0.000    0.000 2.05e-07 2.05e-07   0.0
          m52 (f3_mult_667)              0.000    0.000 2.27e-07 2.27e-07   0.0
          m770 (f3_mult_453)             0.000    0.000 2.16e-07 2.16e-07   0.0
          m962 (f3_mult_395)             0.000    0.000 2.05e-07 2.05e-07   0.0
          m54 (f3_mult_666)              0.000    0.000 2.27e-07 2.27e-07   0.0
          m580 (f3_mult_510)             0.000    0.000 2.27e-07 2.27e-07   0.0
          m772 (f3_mult_452)             0.000    0.000 2.16e-07 2.16e-07   0.0
          m56 (f3_mult_665)              0.000    0.000 2.27e-07 2.27e-07   0.0
          m390 (f3_mult_567)             0.000    0.000 2.16e-07 2.16e-07   0.0
          m582 (f3_mult_509)             0.000    0.000 2.27e-07 2.27e-07   0.0
          m392 (f3_mult_566)             0.000    0.000 2.16e-07 2.16e-07   0.0
          m968 (f3_mult_394)             0.000    0.000 2.05e-07 2.05e-07   0.0
          m778 (f3_mult_451)             0.000    0.000 2.16e-07 2.16e-07   0.0
          m588 (f3_mult_508)             0.000    0.000 2.27e-07 2.27e-07   0.0
          m398 (f3_mult_565)             0.000    0.000 2.27e-07 2.27e-07   0.0
          a110 (f3_add_869)              0.000    0.000 2.88e-07 2.88e-07   0.0
          a304 (f3_add_829)              0.000    0.000 2.88e-07 2.88e-07   0.0
          a306 (f3_add_828)              0.000    0.000 2.88e-07 2.88e-07   0.0
          a884 (f3_add_713)              0.000    0.000 2.88e-07 2.88e-07   0.0
          a118 (f3_add_868)              0.000    0.000 2.88e-07 2.88e-07   0.0
          a694 (f3_add_751)              0.000    0.000 2.88e-07 2.88e-07   0.0
          a886 (f3_add_712)              0.000    0.000 2.88e-07 2.88e-07   0.0
          a696 (f3_add_750)              0.000    0.000 2.88e-07 2.88e-07   0.0
          m200 (f3_mult_624)             0.000    0.000 2.27e-07 2.27e-07   0.0
          m202 (f3_mult_623)             0.000    0.000 2.27e-07 2.27e-07   0.0
          m970 (f3_mult_393)             0.000    0.000 2.05e-07 2.05e-07   0.0
          m62 (f3_mult_664)              0.000    0.000 2.27e-07 2.27e-07   0.0
          m780 (f3_mult_450)             0.000    0.000 2.16e-07 2.16e-07   0.0
          m972 (f3_mult_392)             0.000    0.000 2.05e-07 2.05e-07   0.0
          m64 (f3_mult_663)              0.000    0.000 2.27e-07 2.27e-07   0.0
          m590 (f3_mult_507)             0.000    0.000 2.27e-07 2.27e-07   0.0
          m782 (f3_mult_449)             0.000    0.000 2.16e-07 2.16e-07   0.0
          m66 (f3_mult_662)              0.000    0.000 2.27e-07 2.27e-07   0.0
          m208 (f3_mult_622)             0.000    0.000 2.16e-07 2.16e-07   0.0
          m592 (f3_mult_506)             0.000    0.000 2.27e-07 2.27e-07   0.0
          m788 (f3_mult_448)             0.000    0.000 2.27e-07 2.27e-07   0.0
          m598 (f3_mult_505)             0.000    0.000 2.16e-07 2.16e-07   0.0
          a120 (f3_add_867)              0.000    0.000 2.88e-07 2.88e-07   0.0
          a504 (f3_add_789)              0.000    0.000 2.88e-07 2.88e-07   0.0
          a314 (f3_add_827)              0.000    0.000 2.88e-07 2.88e-07   0.0
          a506 (f3_add_788)              0.000    0.000 2.88e-07 2.88e-07   0.0
          a316 (f3_add_826)              0.000    0.000 2.88e-07 2.88e-07   0.0
          a894 (f3_add_711)              0.000    0.000 2.88e-07 2.88e-07   0.0
          a128 (f3_add_866)              0.000    0.000 2.88e-07 2.88e-07   0.0
          a896 (f3_add_710)              0.000    0.000 2.88e-07 2.88e-07   0.0
          m400 (f3_mult_564)             0.000    0.000 2.27e-07 2.27e-07   0.0
          m210 (f3_mult_621)             0.000    0.000 2.16e-07 2.16e-07   0.0
          m402 (f3_mult_563)             0.000    0.000 2.27e-07 2.27e-07   0.0
          m212 (f3_mult_620)             0.000    0.000 2.16e-07 2.16e-07   0.0
          m72 (f3_mult_661)              0.000    0.000 2.16e-07 2.16e-07   0.0
          m790 (f3_mult_447)             0.000    0.000 2.27e-07 2.27e-07   0.0
          m74 (f3_mult_660)              0.000    0.000 2.16e-07 2.16e-07   0.0
          m408 (f3_mult_562)             0.000    0.000 2.27e-07 2.27e-07   0.0
          m792 (f3_mult_446)             0.000    0.000 2.27e-07 2.27e-07   0.0
          m76 (f3_mult_659)              0.000    0.000 2.16e-07 2.16e-07   0.0
          m218 (f3_mult_619)             0.000    0.000 2.16e-07 2.16e-07   0.0
          m798 (f3_mult_445)             0.000    0.000 2.27e-07 2.27e-07   0.0
          a704 (f3_add_749)              0.000    0.000 2.88e-07 2.88e-07   0.0
          a130 (f3_add_865)              0.000    0.000 2.88e-07 2.88e-07   0.0
          a514 (f3_add_787)              0.000    0.000 2.88e-07 2.88e-07   0.0
          a706 (f3_add_748)              0.000    0.000 2.88e-07 2.88e-07   0.0
          a132 (f3_add_864)              0.000    0.000 2.88e-07 2.88e-07   0.0
          a324 (f3_add_825)              0.000    0.000 2.88e-07 2.88e-07   0.0
          a516 (f3_add_786)              0.000    0.000 2.88e-07 2.88e-07   0.0
          a134 (f3_add_863)              0.000    0.000 2.88e-07 2.88e-07   0.0
          a326 (f3_add_824)              0.000    0.000 2.88e-07 2.88e-07   0.0
          m600 (f3_mult_504)             0.000    0.000 2.16e-07 2.16e-07   0.0
          m410 (f3_mult_561)             0.000    0.000 2.27e-07 2.27e-07   0.0
          m602 (f3_mult_503)             0.000    0.000 2.16e-07 2.16e-07   0.0
          m220 (f3_mult_618)             0.000    0.000 2.16e-07 2.16e-07   0.0
          m412 (f3_mult_560)             0.000    0.000 2.27e-07 2.27e-07   0.0
          m222 (f3_mult_617)             0.000    0.000 2.16e-07 2.16e-07   0.0
          m608 (f3_mult_502)             0.000    0.000 2.16e-07 2.16e-07   0.0
          m82 (f3_mult_658)              0.000    0.000 2.16e-07 2.16e-07   0.0
          m418 (f3_mult_559)             0.000    0.000 2.27e-07 2.27e-07   0.0
          m84 (f3_mult_657)              0.000    0.000 2.16e-07 2.16e-07   0.0
          m228 (f3_mult_616)             0.000    0.000 2.16e-07 2.16e-07   0.0
          m86 (f3_mult_656)              0.000    0.000 2.16e-07 2.16e-07   0.0
          a904 (f3_add_709)              0.000    0.000 2.88e-07 2.88e-07   0.0
          a714 (f3_add_747)              0.000    0.000 2.88e-07 2.88e-07   0.0
          a906 (f3_add_708)              0.000    0.000 2.88e-07 2.88e-07   0.0
          a8 (f3_add_890)                0.000    0.000 2.88e-07 2.88e-07   0.0
          a524 (f3_add_785)              0.000    0.000 2.88e-07 2.88e-07   0.0
          a716 (f3_add_746)              0.000    0.000 2.88e-07 2.88e-07   0.0
          a142 (f3_add_862)              0.000    0.000 2.88e-07 2.88e-07   0.0
          a334 (f3_add_823)              0.000    0.000 2.88e-07 2.88e-07   0.0
          a526 (f3_add_784)              0.000    0.000 2.88e-07 2.88e-07   0.0
          a144 (f3_add_861)              0.000    0.000 2.88e-07 2.88e-07   0.0
          a336 (f3_add_822)              0.000    0.000 2.88e-07 2.88e-07   0.0
          a146 (f3_add_860)              0.000    0.000 2.88e-07 2.88e-07   0.0
          m800 (f3_mult_444)             0.000    0.000 2.27e-07 2.27e-07   0.0
          m610 (f3_mult_501)             0.000    0.000 2.16e-07 2.16e-07   0.0
          m802 (f3_mult_443)             0.000    0.000 2.27e-07 2.27e-07   0.0
          m420 (f3_mult_558)             0.000    0.000 2.27e-07 2.27e-07   0.0
          m612 (f3_mult_500)             0.000    0.000 2.16e-07 2.16e-07   0.0
          m230 (f3_mult_615)             0.000    0.000 2.16e-07 2.16e-07   0.0
          m422 (f3_mult_557)             0.000    0.000 2.27e-07 2.27e-07   0.0
          m232 (f3_mult_614)             0.000    0.000 2.16e-07 2.16e-07   0.0
          m808 (f3_mult_442)             0.000    0.000 2.27e-07 2.27e-07   0.0
          m618 (f3_mult_499)             0.000    0.000 2.16e-07 2.16e-07   0.0
          m92 (f3_mult_655)              0.000    0.000 2.16e-07 2.16e-07   0.0
          m428 (f3_mult_556)             0.000    0.000 2.27e-07 2.27e-07   0.0
          m94 (f3_mult_654)              0.000    0.000 2.16e-07 2.16e-07   0.0
          m238 (f3_mult_613)             0.000    0.000 2.16e-07 2.16e-07   0.0
          m96 (f3_mult_653)              0.000    0.000 2.16e-07 2.16e-07   0.0
          a914 (f3_add_707)              0.000    0.000 2.88e-07 2.88e-07   0.0
          a724 (f3_add_745)              0.000    0.000 2.88e-07 2.88e-07   0.0
          a916 (f3_add_706)              0.000    0.000 2.88e-07 2.88e-07   0.0
          a534 (f3_add_783)              0.000    0.000 2.88e-07 2.88e-07   0.0
          a726 (f3_add_744)              0.000    0.000 2.88e-07 2.88e-07   0.0
          a344 (f3_add_821)              0.000    0.000 2.88e-07 2.88e-07   0.0
          a536 (f3_add_782)              0.000    0.000 2.88e-07 2.88e-07   0.0
          a154 (f3_add_859)              0.000    0.000 2.88e-07 2.88e-07   0.0
          a346 (f3_add_820)              0.000    0.000 2.88e-07 2.88e-07   0.0
          a156 (f3_add_858)              0.000    0.000 2.88e-07 2.88e-07   0.0
          m810 (f3_mult_441)             0.000    0.000 2.27e-07 2.27e-07   0.0
          m620 (f3_mult_498)             0.000    0.000 2.16e-07 2.16e-07   0.0
          m812 (f3_mult_440)             0.000    0.000 2.27e-07 2.27e-07   0.0
          m430 (f3_mult_555)             0.000    0.000 2.27e-07 2.27e-07   0.0
          m622 (f3_mult_497)             0.000    0.000 2.16e-07 2.16e-07   0.0
          m240 (f3_mult_612)             0.000    0.000 2.16e-07 2.16e-07   0.0
          m432 (f3_mult_554)             0.000    0.000 2.27e-07 2.27e-07   0.0
          m242 (f3_mult_611)             0.000    0.000 2.16e-07 2.16e-07   0.0
          m818 (f3_mult_439)             0.000    0.000 2.27e-07 2.27e-07   0.0
          m628 (f3_mult_496)             0.000    0.000 2.16e-07 2.16e-07   0.0
          m438 (f3_mult_553)             0.000    0.000 2.27e-07 2.27e-07   0.0
          m248 (f3_mult_610)             0.000    0.000 2.16e-07 2.16e-07   0.0
          a924 (f3_add_705)              0.000    0.000 2.88e-07 2.88e-07   0.0
          a734 (f3_add_743)              0.000    0.000 2.88e-07 2.88e-07   0.0
          a926 (f3_add_704)              0.000    0.000 2.88e-07 2.88e-07   0.0
          a544 (f3_add_781)              0.000    0.000 2.88e-07 2.88e-07   0.0
          a736 (f3_add_742)              0.000    0.000 2.88e-07 2.88e-07   0.0
          a354 (f3_add_819)              0.000    0.000 2.88e-07 2.88e-07   0.0
          a546 (f3_add_780)              0.000    0.000 2.88e-07 2.88e-07   0.0
          a164 (f3_add_857)              0.000    0.000 2.88e-07 2.88e-07   0.0
          a356 (f3_add_818)              0.000    0.000 2.88e-07 2.88e-07   0.0
          a166 (f3_add_856)              0.000    0.000 2.88e-07 2.88e-07   0.0
          m820 (f3_mult_438)             0.000    0.000 2.27e-07 2.27e-07   0.0
          m630 (f3_mult_495)             0.000    0.000 2.16e-07 2.16e-07   0.0
          m822 (f3_mult_437)             0.000    0.000 2.27e-07 2.27e-07   0.0
          m440 (f3_mult_552)             0.000    0.000 2.27e-07 2.27e-07   0.0
          m632 (f3_mult_494)             0.000    0.000 2.16e-07 2.16e-07   0.0
          m250 (f3_mult_609)             0.000    0.000 2.16e-07 2.16e-07   0.0
          m442 (f3_mult_551)             0.000    0.000 2.27e-07 2.27e-07   0.0
          m252 (f3_mult_608)             0.000    0.000 2.16e-07 2.16e-07   0.0
          m828 (f3_mult_436)             0.000    0.000 2.27e-07 2.27e-07   0.0
          m638 (f3_mult_493)             0.000    0.000 2.16e-07 2.16e-07   0.0
          m448 (f3_mult_550)             0.000    0.000 2.27e-07 2.27e-07   0.0
          m258 (f3_mult_607)             0.000    0.000 2.16e-07 2.16e-07   0.0
          a934 (f3_add_703)              0.000    0.000 2.88e-07 2.88e-07   0.0
        ins2 (f3m_add_0)                 0.000    0.000 2.79e-05 2.79e-05   0.5
          aa_59__aa (f3_add_634)         0.000    0.000 2.88e-07 2.88e-07   0.0
          aa_90__aa (f3_add_603)         0.000    0.000 2.88e-07 2.88e-07   0.0
          aa_3__aa (f3_add_690)          0.000    0.000 2.88e-07 2.88e-07   0.0
          aa_52__aa (f3_add_641)         0.000    0.000 2.88e-07 2.88e-07   0.0
          aa_67__aa (f3_add_626)         0.000    0.000 2.88e-07 2.88e-07   0.0
          aa_14__aa (f3_add_679)         0.000    0.000 2.88e-07 2.88e-07   0.0
          aa_29__aa (f3_add_664)         0.000    0.000 2.88e-07 2.88e-07   0.0
          aa_60__aa (f3_add_633)         0.000    0.000 2.88e-07 2.88e-07   0.0
          aa_75__aa (f3_add_618)         0.000    0.000 2.88e-07 2.88e-07   0.0
          aa_22__aa (f3_add_671)         0.000    0.000 2.88e-07 2.88e-07   0.0
          aa_37__aa (f3_add_656)         0.000    0.000 2.88e-07 2.88e-07   0.0
          aa_83__aa (f3_add_610)         0.000    0.000 2.88e-07 2.88e-07   0.0
          aa_30__aa (f3_add_663)         0.000    0.000 2.88e-07 2.88e-07   0.0
          aa_45__aa (f3_add_648)         0.000    0.000 2.88e-07 2.88e-07   0.0
          aa_91__aa (f3_add_602)         0.000    0.000 2.88e-07 2.88e-07   0.0
          aa_4__aa (f3_add_689)          0.000    0.000 2.88e-07 2.88e-07   0.0
          aa_53__aa (f3_add_640)         0.000    0.000 2.88e-07 2.88e-07   0.0
          aa_68__aa (f3_add_625)         0.000    0.000 2.88e-07 2.88e-07   0.0
          aa_15__aa (f3_add_678)         0.000    0.000 2.88e-07 2.88e-07   0.0
          aa_61__aa (f3_add_632)         0.000    0.000 2.88e-07 2.88e-07   0.0
          aa_76__aa (f3_add_617)         0.000    0.000 2.88e-07 2.88e-07   0.0
          aa_23__aa (f3_add_670)         0.000    0.000 2.88e-07 2.88e-07   0.0
          aa_38__aa (f3_add_655)         0.000    0.000 2.88e-07 2.88e-07   0.0
          aa_84__aa (f3_add_609)         0.000    0.000 2.88e-07 2.88e-07   0.0
          aa_31__aa (f3_add_662)         0.000    0.000 2.88e-07 2.88e-07   0.0
          aa_46__aa (f3_add_647)         0.000    0.000 2.88e-07 2.88e-07   0.0
          aa_92__aa (f3_add_601)         0.000    0.000 2.88e-07 2.88e-07   0.0
          aa_5__aa (f3_add_688)          0.000    0.000 2.88e-07 2.88e-07   0.0
          aa_54__aa (f3_add_639)         0.000    0.000 2.88e-07 2.88e-07   0.0
          aa_69__aa (f3_add_624)         0.000    0.000 2.88e-07 2.88e-07   0.0
          aa_16__aa (f3_add_677)         0.000    0.000 2.88e-07 2.88e-07   0.0
          aa_62__aa (f3_add_631)         0.000    0.000 2.88e-07 2.88e-07   0.0
          aa_77__aa (f3_add_616)         0.000    0.000 2.88e-07 2.88e-07   0.0
          aa_24__aa (f3_add_669)         0.000    0.000 2.88e-07 2.88e-07   0.0
          aa_39__aa (f3_add_654)         0.000    0.000 2.88e-07 2.88e-07   0.0
          aa_70__aa (f3_add_623)         0.000    0.000 2.88e-07 2.88e-07   0.0
          aa_85__aa (f3_add_608)         0.000    0.000 2.88e-07 2.88e-07   0.0
          aa_32__aa (f3_add_661)         0.000    0.000 2.88e-07 2.88e-07   0.0
          aa_47__aa (f3_add_646)         0.000    0.000 2.88e-07 2.88e-07   0.0
          aa_93__aa (f3_add_600)         0.000    0.000 2.88e-07 2.88e-07   0.0
          aa_40__aa (f3_add_653)         0.000    0.000 2.88e-07 2.88e-07   0.0
          aa_6__aa (f3_add_687)          0.000    0.000 2.88e-07 2.88e-07   0.0
          aa_55__aa (f3_add_638)         0.000    0.000 2.88e-07 2.88e-07   0.0
          aa_17__aa (f3_add_676)         0.000    0.000 2.88e-07 2.88e-07   0.0
          aa_10__aa (f3_add_683)         0.000    0.000 2.88e-07 2.88e-07   0.0
          aa_63__aa (f3_add_630)         0.000    0.000 2.88e-07 2.88e-07   0.0
          aa_78__aa (f3_add_615)         0.000    0.000 2.88e-07 2.88e-07   0.0
          aa_25__aa (f3_add_668)         0.000    0.000 2.88e-07 2.88e-07   0.0
          aa_71__aa (f3_add_622)         0.000    0.000 2.88e-07 2.88e-07   0.0
          aa_86__aa (f3_add_607)         0.000    0.000 2.88e-07 2.88e-07   0.0
          aa_33__aa (f3_add_660)         0.000    0.000 2.88e-07 2.88e-07   0.0
          aa_48__aa (f3_add_645)         0.000    0.000 2.88e-07 2.88e-07   0.0
          aa_94__aa (f3_add_599)         0.000    0.000 2.88e-07 2.88e-07   0.0
          aa_41__aa (f3_add_652)         0.000    0.000 2.88e-07 2.88e-07   0.0
          aa_7__aa (f3_add_686)          0.000    0.000 2.88e-07 2.88e-07   0.0
          aa_56__aa (f3_add_637)         0.000    0.000 2.88e-07 2.88e-07   0.0
          aa_18__aa (f3_add_675)         0.000    0.000 2.88e-07 2.88e-07   0.0
          aa_0__aa (f3_add_693)          0.000    0.000 2.88e-07 2.88e-07   0.0
          aa_11__aa (f3_add_682)         0.000    0.000 2.88e-07 2.88e-07   0.0
          aa_64__aa (f3_add_629)         0.000    0.000 2.88e-07 2.88e-07   0.0
          aa_79__aa (f3_add_614)         0.000    0.000 2.88e-07 2.88e-07   0.0
          aa_26__aa (f3_add_667)         0.000    0.000 2.88e-07 2.88e-07   0.0
          aa_72__aa (f3_add_621)         0.000    0.000 2.88e-07 2.88e-07   0.0
          aa_87__aa (f3_add_606)         0.000    0.000 2.88e-07 2.88e-07   0.0
          aa_34__aa (f3_add_659)         0.000    0.000 2.88e-07 2.88e-07   0.0
          aa_49__aa (f3_add_644)         0.000    0.000 2.88e-07 2.88e-07   0.0
          aa_80__aa (f3_add_613)         0.000    0.000 2.88e-07 2.88e-07   0.0
          aa_95__aa (f3_add_598)         0.000    0.000 2.88e-07 2.88e-07   0.0
          aa_42__aa (f3_add_651)         0.000    0.000 2.88e-07 2.88e-07   0.0
          aa_8__aa (f3_add_685)          0.000    0.000 2.88e-07 2.88e-07   0.0
          aa_57__aa (f3_add_636)         0.000    0.000 2.88e-07 2.88e-07   0.0
          aa_1__aa (f3_add_692)          0.000    0.000 2.88e-07 2.88e-07   0.0
          aa_19__aa (f3_add_674)         0.000    0.000 2.88e-07 2.88e-07   0.0
          aa_50__aa (f3_add_643)         0.000    0.000 2.88e-07 2.88e-07   0.0
          aa_12__aa (f3_add_681)         0.000    0.000 2.88e-07 2.88e-07   0.0
          aa_65__aa (f3_add_628)         0.000    0.000 2.88e-07 2.88e-07   0.0
          aa_27__aa (f3_add_666)         0.000    0.000 2.88e-07 2.88e-07   0.0
          aa_73__aa (f3_add_620)         0.000    0.000 2.88e-07 2.88e-07   0.0
          aa_20__aa (f3_add_673)         0.000    0.000 2.88e-07 2.88e-07   0.0
          aa_88__aa (f3_add_605)         0.000    0.000 2.88e-07 2.88e-07   0.0
          aa_35__aa (f3_add_658)         0.000    0.000 2.88e-07 2.88e-07   0.0
          aa_81__aa (f3_add_612)         0.000    0.000 2.88e-07 2.88e-07   0.0
          aa_96__aa (f3_add_597)         0.000    0.000 2.88e-07 2.88e-07   0.0
          aa_43__aa (f3_add_650)         0.000    0.000 2.88e-07 2.88e-07   0.0
          aa_9__aa (f3_add_684)          0.000    0.000 2.88e-07 2.88e-07   0.0
          aa_58__aa (f3_add_635)         0.000    0.000 2.88e-07 2.88e-07   0.0
          aa_2__aa (f3_add_691)          0.000    0.000 2.88e-07 2.88e-07   0.0
          aa_51__aa (f3_add_642)         0.000    0.000 2.88e-07 2.88e-07   0.0
          aa_66__aa (f3_add_627)         0.000    0.000 2.88e-07 2.88e-07   0.0
          aa_13__aa (f3_add_680)         0.000    0.000 2.88e-07 2.88e-07   0.0
          aa_28__aa (f3_add_665)         0.000    0.000 2.88e-07 2.88e-07   0.0
          aa_74__aa (f3_add_619)         0.000    0.000 2.88e-07 2.88e-07   0.0
          aa_21__aa (f3_add_672)         0.000    0.000 2.88e-07 2.88e-07   0.0
          aa_89__aa (f3_add_604)         0.000    0.000 2.88e-07 2.88e-07   0.0
          aa_36__aa (f3_add_657)         0.000    0.000 2.88e-07 2.88e-07   0.0
          aa_82__aa (f3_add_611)         0.000    0.000 2.88e-07 2.88e-07   0.0
          aa_44__aa (f3_add_649)         0.000    0.000 2.88e-07 2.88e-07   0.0
        ins3 (func7_0)                   0.000    0.000 1.03e-05 1.03e-05   0.2
          a0 (f3_add_596)                0.000    0.000 2.88e-07 2.88e-07   0.0
          a1 (f3_add_595)                0.000    0.000 2.88e-07 2.88e-07   0.0
          a2 (f3_add_594)                0.000    0.000 2.88e-07 2.88e-07   0.0
      ins6 (f3m_cubic_0)                 0.000    0.000 2.78e-05 2.78e-05   0.5
        a40 (f3_add_1922)                0.000    0.000 2.88e-07 2.88e-07   0.0
        a41 (f3_add_1921)                0.000    0.000 2.88e-07 2.88e-07   0.0
        a42 (f3_add_1920)                0.000    0.000 2.88e-07 2.88e-07   0.0
        a43 (f3_add_1919)                0.000    0.000 2.88e-07 2.88e-07   0.0
        a44 (f3_add_1918)                0.000    0.000 2.88e-07 2.88e-07   0.0
        a45 (f3_add_1917)                0.000    0.000 2.88e-07 2.88e-07   0.0
        a46 (f3_add_1916)                0.000    0.000 2.88e-07 2.88e-07   0.0
        a47 (f3_add_1915)                0.000    0.000 2.88e-07 2.88e-07   0.0
        a48 (f3_add_1914)                0.000    0.000 2.88e-07 2.88e-07   0.0
        a49 (f3_add_1913)                0.000    0.000 2.88e-07 2.88e-07   0.0
        a50 (f3_add_1912)                0.000    0.000 2.88e-07 2.88e-07   0.0
        a51 (f3_add_1911)                0.000    0.000 2.88e-07 2.88e-07   0.0
        a52 (f3_add_1910)                0.000    0.000 2.88e-07 2.88e-07   0.0
        a53 (f3_add_1909)                0.000    0.000 2.88e-07 2.88e-07   0.0
        a54 (f3_add_1908)                0.000    0.000 2.88e-07 2.88e-07   0.0
        a55 (f3_add_1907)                0.000    0.000 2.88e-07 2.88e-07   0.0
        a56 (f3_add_1906)                0.000    0.000 2.88e-07 2.88e-07   0.0
        a57 (f3_add_1905)                0.000    0.000 2.88e-07 2.88e-07   0.0
        a58 (f3_add_1904)                0.000    0.000 2.88e-07 2.88e-07   0.0
        a59 (f3_add_1903)                0.000    0.000 2.88e-07 2.88e-07   0.0
        a60 (f3_add_1902)                0.000    0.000 2.88e-07 2.88e-07   0.0
        a61 (f3_add_1901)                0.000    0.000 2.88e-07 2.88e-07   0.0
        a62 (f3_add_1900)                0.000    0.000 2.88e-07 2.88e-07   0.0
        a63 (f3_add_1899)                0.000    0.000 2.88e-07 2.88e-07   0.0
        a64 (f3_add_1898)                0.000    0.000 2.88e-07 2.88e-07   0.0
        a65 (f3_add_1897)                0.000    0.000 2.88e-07 2.88e-07   0.0
        a66 (f3_add_1896)                0.000    0.000 2.88e-07 2.88e-07   0.0
        a67 (f3_add_1895)                0.000    0.000 2.88e-07 2.88e-07   0.0
        a68 (f3_add_1894)                0.000    0.000 2.88e-07 2.88e-07   0.0
        a10 (f3_add_1952)                0.000    0.000 2.88e-07 2.88e-07   0.0
        a69 (f3_add_1893)                0.000    0.000 2.88e-07 2.88e-07   0.0
        a11 (f3_add_1951)                0.000    0.000 2.88e-07 2.88e-07   0.0
        a12 (f3_add_1950)                0.000    0.000 2.88e-07 2.88e-07   0.0
        a13 (f3_add_1949)                0.000    0.000 2.88e-07 2.88e-07   0.0
        a14 (f3_add_1948)                0.000    0.000 2.88e-07 2.88e-07   0.0
        a15 (f3_add_1947)                0.000    0.000 2.88e-07 2.88e-07   0.0
        a16 (f3_add_1946)                0.000    0.000 2.88e-07 2.88e-07   0.0
        a17 (f3_add_1945)                0.000    0.000 2.88e-07 2.88e-07   0.0
        a18 (f3_add_1944)                0.000    0.000 2.88e-07 2.88e-07   0.0
        a19 (f3_add_1943)                0.000    0.000 2.88e-07 2.88e-07   0.0
        a70 (f3_add_1892)                0.000    0.000 2.88e-07 2.88e-07   0.0
        a71 (f3_add_1891)                0.000    0.000 2.88e-07 2.88e-07   0.0
        a72 (f3_add_1890)                0.000    0.000 2.88e-07 2.88e-07   0.0
        a73 (f3_add_1889)                0.000    0.000 2.88e-07 2.88e-07   0.0
        a74 (f3_add_1888)                0.000    0.000 2.88e-07 2.88e-07   0.0
        a75 (f3_add_1887)                0.000    0.000 2.88e-07 2.88e-07   0.0
        a76 (f3_add_1886)                0.000    0.000 2.88e-07 2.88e-07   0.0
        a77 (f3_add_1885)                0.000    0.000 2.88e-07 2.88e-07   0.0
        a78 (f3_add_1884)                0.000    0.000 2.88e-07 2.88e-07   0.0
        a20 (f3_add_1942)                0.000    0.000 2.88e-07 2.88e-07   0.0
        a79 (f3_add_1883)                0.000    0.000 2.88e-07 2.88e-07   0.0
        a21 (f3_add_1941)                0.000    0.000 2.88e-07 2.88e-07   0.0
        a22 (f3_add_1940)                0.000    0.000 2.88e-07 2.88e-07   0.0
        a23 (f3_add_1939)                0.000    0.000 2.88e-07 2.88e-07   0.0
        a24 (f3_add_1938)                0.000    0.000 2.88e-07 2.88e-07   0.0
        a25 (f3_add_1937)                0.000    0.000 2.88e-07 2.88e-07   0.0
        a26 (f3_add_1936)                0.000    0.000 2.88e-07 2.88e-07   0.0
        a27 (f3_add_1935)                0.000    0.000 2.88e-07 2.88e-07   0.0
        a28 (f3_add_1934)                0.000    0.000 2.88e-07 2.88e-07   0.0
        a0 (f3_add_1962)                 0.000    0.000 2.88e-07 2.88e-07   0.0
        a29 (f3_add_1933)                0.000    0.000 2.88e-07 2.88e-07   0.0
        a1 (f3_add_1961)                 0.000    0.000 2.88e-07 2.88e-07   0.0
        a2 (f3_add_1960)                 0.000    0.000 2.88e-07 2.88e-07   0.0
        a3 (f3_add_1959)                 0.000    0.000 2.88e-07 2.88e-07   0.0
        a4 (f3_add_1958)                 0.000    0.000 2.88e-07 2.88e-07   0.0
        a5 (f3_add_1957)                 0.000    0.000 2.88e-07 2.88e-07   0.0
        a6 (f3_add_1956)                 0.000    0.000 2.88e-07 2.88e-07   0.0
        a7 (f3_add_1955)                 0.000    0.000 2.88e-07 2.88e-07   0.0
        a8 (f3_add_1954)                 0.000    0.000 2.88e-07 2.88e-07   0.0
        a9 (f3_add_1953)                 0.000    0.000 2.88e-07 2.88e-07   0.0
        a80 (f3_add_1882)                0.000    0.000 2.88e-07 2.88e-07   0.0
        a81 (f3_add_1881)                0.000    0.000 2.88e-07 2.88e-07   0.0
        a82 (f3_add_1880)                0.000    0.000 2.88e-07 2.88e-07   0.0
        a83 (f3_add_1879)                0.000    0.000 2.88e-07 2.88e-07   0.0
        a84 (f3_add_1878)                0.000    0.000 2.88e-07 2.88e-07   0.0
        a85 (f3_add_1877)                0.000    0.000 2.88e-07 2.88e-07   0.0
        a86 (f3_add_1876)                0.000    0.000 2.88e-07 2.88e-07   0.0
        a87 (f3_add_1875)                0.000    0.000 2.88e-07 2.88e-07   0.0
        a30 (f3_add_1932)                0.000    0.000 2.88e-07 2.88e-07   0.0
        a31 (f3_add_1931)                0.000    0.000 2.88e-07 2.88e-07   0.0
        a32 (f3_add_1930)                0.000    0.000 2.88e-07 2.88e-07   0.0
        a33 (f3_add_1929)                0.000    0.000 2.88e-07 2.88e-07   0.0
        a34 (f3_add_1928)                0.000    0.000 2.88e-07 2.88e-07   0.0
        a35 (f3_add_1927)                0.000    0.000 2.88e-07 2.88e-07   0.0
        a36 (f3_add_1926)                0.000    0.000 2.88e-07 2.88e-07   0.0
        a37 (f3_add_1925)                0.000    0.000 2.88e-07 2.88e-07   0.0
        a38 (f3_add_1924)                0.000    0.000 2.88e-07 2.88e-07   0.0
        a39 (f3_add_1923)                0.000    0.000 2.88e-07 2.88e-07   0.0
      ins7 (f3m_add_4)                7.63e-08 6.64e-08 2.78e-05 2.79e-05   0.5
        aa_59__aa (f3_add_1815)       1.02e-09 9.26e-10 2.87e-07 2.89e-07   0.0
        aa_90__aa (f3_add_1784)          0.000    0.000 2.88e-07 2.88e-07   0.0
        aa_3__aa (f3_add_1871)        1.54e-09 1.31e-09 2.84e-07 2.87e-07   0.0
        aa_52__aa (f3_add_1822)       1.24e-09 1.02e-09 2.86e-07 2.88e-07   0.0
        aa_67__aa (f3_add_1807)          0.000    0.000 2.88e-07 2.88e-07   0.0
        aa_14__aa (f3_add_1860)       1.13e-09 1.02e-09 2.85e-07 2.87e-07   0.0
        aa_29__aa (f3_add_1845)       1.12e-09 9.30e-10 2.84e-07 2.86e-07   0.0
        aa_60__aa (f3_add_1814)       1.10e-09 8.81e-10 2.86e-07 2.88e-07   0.0
        aa_75__aa (f3_add_1799)          0.000    0.000 2.88e-07 2.88e-07   0.0
        aa_22__aa (f3_add_1852)       1.08e-09 8.96e-10 2.85e-07 2.87e-07   0.0
        aa_37__aa (f3_add_1837)          0.000    0.000 2.88e-07 2.88e-07   0.0
        aa_83__aa (f3_add_1791)          0.000    0.000 2.88e-07 2.88e-07   0.0
        aa_30__aa (f3_add_1844)          0.000    0.000 2.88e-07 2.88e-07   0.0
        aa_45__aa (f3_add_1829)          0.000    0.000 2.88e-07 2.88e-07   0.0
        aa_91__aa (f3_add_1783)       1.28e-09 1.22e-09 2.86e-07 2.88e-07   0.0
        aa_4__aa (f3_add_1870)           0.000    0.000 2.88e-07 2.88e-07   0.0
        aa_53__aa (f3_add_1821)       1.25e-09 1.04e-09 2.86e-07 2.88e-07   0.0
        aa_68__aa (f3_add_1806)       1.21e-09 1.05e-09 2.84e-07 2.87e-07   0.0
        aa_15__aa (f3_add_1859)          0.000    0.000 2.88e-07 2.88e-07   0.0
        aa_61__aa (f3_add_1813)          0.000    0.000 2.88e-07 2.88e-07   0.0
        aa_76__aa (f3_add_1798)       2.20e-09 1.93e-09 2.87e-07 2.91e-07   0.0
        aa_23__aa (f3_add_1851)          0.000    0.000 2.88e-07 2.88e-07   0.0
        aa_38__aa (f3_add_1836)       2.02e-09 1.58e-09 2.85e-07 2.88e-07   0.0
        aa_84__aa (f3_add_1790)          0.000    0.000 2.88e-07 2.88e-07   0.0
        aa_31__aa (f3_add_1843)       1.01e-09 9.40e-10 2.85e-07 2.87e-07   0.0
        aa_46__aa (f3_add_1828)       1.16e-09 9.78e-10 2.84e-07 2.86e-07   0.0
        aa_92__aa (f3_add_1782)       1.41e-09 1.16e-09 2.84e-07 2.87e-07   0.0
        aa_5__aa (f3_add_1869)        1.41e-09 1.30e-09 2.85e-07 2.88e-07   0.0
        aa_54__aa (f3_add_1820)       1.35e-09 1.12e-09 2.86e-07 2.88e-07   0.0
        aa_69__aa (f3_add_1805)       1.12e-09 1.06e-09 2.86e-07 2.88e-07   0.0
        aa_16__aa (f3_add_1858)          0.000    0.000 2.88e-07 2.88e-07   0.0
        aa_62__aa (f3_add_1812)          0.000    0.000 2.88e-07 2.88e-07   0.0
        aa_77__aa (f3_add_1797)          0.000    0.000 2.88e-07 2.88e-07   0.0
        aa_24__aa (f3_add_1850)          0.000    0.000 2.88e-07 2.88e-07   0.0
        aa_39__aa (f3_add_1835)          0.000    0.000 2.88e-07 2.88e-07   0.0
        aa_70__aa (f3_add_1804)       1.20e-09 1.04e-09 2.83e-07 2.85e-07   0.0
        aa_85__aa (f3_add_1789)          0.000    0.000 2.88e-07 2.88e-07   0.0
        aa_32__aa (f3_add_1842)       1.44e-09 1.20e-09 2.84e-07 2.87e-07   0.0
        aa_47__aa (f3_add_1827)          0.000    0.000 2.88e-07 2.88e-07   0.0
        aa_93__aa (f3_add_1781)       1.27e-09 1.06e-09 2.84e-07 2.87e-07   0.0
        aa_40__aa (f3_add_1834)       2.23e-09 1.76e-09 2.85e-07 2.89e-07   0.0
        aa_6__aa (f3_add_1868)           0.000    0.000 2.88e-07 2.88e-07   0.0
        aa_55__aa (f3_add_1819)       1.23e-09 1.11e-09 2.87e-07 2.89e-07   0.0
        aa_17__aa (f3_add_1857)          0.000    0.000 2.88e-07 2.88e-07   0.0
        aa_10__aa (f3_add_1864)       1.33e-09 1.17e-09 2.86e-07 2.89e-07   0.0
        aa_63__aa (f3_add_1811)       1.36e-09 1.19e-09 2.84e-07 2.86e-07   0.0
        aa_78__aa (f3_add_1796)       1.48e-09 1.20e-09 2.84e-07 2.86e-07   0.0
        aa_25__aa (f3_add_1849)       1.10e-09 9.09e-10 2.85e-07 2.87e-07   0.0
        aa_71__aa (f3_add_1803)          0.000    0.000 2.88e-07 2.88e-07   0.0
        aa_86__aa (f3_add_1788)       1.58e-09 1.42e-09 2.85e-07 2.88e-07   0.0
        aa_33__aa (f3_add_1841)          0.000    0.000 2.88e-07 2.88e-07   0.0
        aa_48__aa (f3_add_1826)       1.17e-09 1.11e-09 2.86e-07 2.88e-07   0.0
        aa_94__aa (f3_add_1780)       1.39e-09 1.15e-09 2.84e-07 2.87e-07   0.0
        aa_41__aa (f3_add_1833)       1.78e-09 1.60e-09 2.86e-07 2.90e-07   0.0
        aa_7__aa (f3_add_1867)        1.60e-09 1.40e-09 2.85e-07 2.88e-07   0.0
        aa_56__aa (f3_add_1818)          0.000    0.000 2.88e-07 2.88e-07   0.0
        aa_18__aa (f3_add_1856)       8.06e-10 8.14e-10 2.85e-07 2.87e-07   0.0
        aa_0__aa (f3_add_1874)        1.45e-09 1.18e-09 2.84e-07 2.87e-07   0.0
        aa_11__aa (f3_add_1863)          0.000    0.000 2.88e-07 2.88e-07   0.0
        aa_64__aa (f3_add_1810)       2.07e-09 1.69e-09 2.83e-07 2.87e-07   0.0
        aa_79__aa (f3_add_1795)       1.32e-09 1.23e-09 2.85e-07 2.87e-07   0.0
        aa_26__aa (f3_add_1848)          0.000    0.000 2.88e-07 2.88e-07   0.0
        aa_72__aa (f3_add_1802)       1.26e-09 1.18e-09 2.85e-07 2.88e-07   0.0
        aa_87__aa (f3_add_1787)       1.50e-09 1.25e-09 2.84e-07 2.86e-07   0.0
        aa_34__aa (f3_add_1840)          0.000    0.000 2.88e-07 2.88e-07   0.0
        aa_49__aa (f3_add_1825)          0.000    0.000 2.88e-07 2.88e-07   0.0
        aa_80__aa (f3_add_1794)          0.000    0.000 2.88e-07 2.88e-07   0.0
        aa_95__aa (f3_add_1779)          0.000    0.000 2.88e-07 2.88e-07   0.0
        aa_42__aa (f3_add_1832)          0.000    0.000 2.88e-07 2.88e-07   0.0
        aa_8__aa (f3_add_1866)        1.38e-09 1.30e-09 2.85e-07 2.87e-07   0.0
        aa_57__aa (f3_add_1817)       9.31e-10 8.79e-10 2.87e-07 2.88e-07   0.0
        aa_1__aa (f3_add_1873)        1.29e-09 1.25e-09 2.85e-07 2.87e-07   0.0
        aa_19__aa (f3_add_1855)       8.05e-10 8.14e-10 2.85e-07 2.87e-07   0.0
        aa_50__aa (f3_add_1824)          0.000    0.000 2.88e-07 2.88e-07   0.0
        aa_12__aa (f3_add_1862)       1.09e-09 1.10e-09 2.85e-07 2.87e-07   0.0
        aa_65__aa (f3_add_1809)       1.38e-09 1.20e-09 2.83e-07 2.86e-07   0.0
        aa_27__aa (f3_add_1847)       1.13e-09 9.09e-10 2.85e-07 2.87e-07   0.0
        aa_73__aa (f3_add_1801)          0.000    0.000 2.88e-07 2.88e-07   0.0
        aa_20__aa (f3_add_1854)       8.03e-10 7.99e-10 2.85e-07 2.87e-07   0.0
        aa_88__aa (f3_add_1786)       1.43e-09 1.20e-09 2.84e-07 2.87e-07   0.0
        aa_35__aa (f3_add_1839)          0.000    0.000 2.88e-07 2.88e-07   0.0
        aa_81__aa (f3_add_1793)       1.85e-09 1.51e-09 2.83e-07 2.86e-07   0.0
        aa_96__aa (f3_add_1778)          0.000    0.000 2.88e-07 2.88e-07   0.0
        aa_43__aa (f3_add_1831)          0.000    0.000 2.88e-07 2.88e-07   0.0
        aa_9__aa (f3_add_1865)           0.000    0.000 2.88e-07 2.88e-07   0.0
        aa_58__aa (f3_add_1816)          0.000    0.000 2.88e-07 2.88e-07   0.0
        aa_2__aa (f3_add_1872)           0.000    0.000 2.88e-07 2.88e-07   0.0
        aa_51__aa (f3_add_1823)       1.08e-09 1.04e-09 2.86e-07 2.88e-07   0.0
        aa_66__aa (f3_add_1808)       2.54e-09 2.26e-09 2.87e-07 2.92e-07   0.0
        aa_13__aa (f3_add_1861)       1.23e-09 1.14e-09 2.85e-07 2.88e-07   0.0
        aa_28__aa (f3_add_1846)       9.98e-10 9.33e-10 2.86e-07 2.87e-07   0.0
        aa_74__aa (f3_add_1800)       1.19e-09 1.03e-09 2.83e-07 2.86e-07   0.0
        aa_21__aa (f3_add_1853)       9.66e-10 8.75e-10 2.84e-07 2.85e-07   0.0
        aa_89__aa (f3_add_1785)          0.000    0.000 2.88e-07 2.88e-07   0.0
        aa_36__aa (f3_add_1838)       2.10e-09 1.64e-09 2.84e-07 2.88e-07   0.0
        aa_82__aa (f3_add_1792)       1.87e-09 1.51e-09 2.82e-07 2.85e-07   0.0
        aa_44__aa (f3_add_1830)          0.000    0.000 2.88e-07 2.88e-07   0.0
      ins8 (f3m_add_3)                8.43e-08 7.27e-08 2.77e-05 2.79e-05   0.5
        aa_59__aa (f3_add_1718)       8.82e-10 7.65e-10 2.85e-07 2.86e-07   0.0
        aa_90__aa (f3_add_1687)       1.54e-09 1.42e-09 2.86e-07 2.89e-07   0.0
        aa_3__aa (f3_add_1774)        1.15e-09 1.10e-09 2.84e-07 2.87e-07   0.0
        aa_52__aa (f3_add_1725)       1.23e-09 1.14e-09 2.86e-07 2.88e-07   0.0
        aa_67__aa (f3_add_1710)          0.000    0.000 2.88e-07 2.88e-07   0.0
        aa_14__aa (f3_add_1763)       1.51e-09 1.19e-09 2.83e-07 2.85e-07   0.0
        aa_29__aa (f3_add_1748)       1.23e-09 1.04e-09 2.84e-07 2.86e-07   0.0
        aa_60__aa (f3_add_1717)       9.54e-10 9.24e-10 2.86e-07 2.88e-07   0.0
        aa_75__aa (f3_add_1702)       1.61e-09 1.31e-09 2.83e-07 2.86e-07   0.0
        aa_22__aa (f3_add_1755)       1.10e-09 1.06e-09 2.86e-07 2.88e-07   0.0
        aa_37__aa (f3_add_1740)       2.15e-09 1.66e-09 2.83e-07 2.87e-07   0.0
        aa_83__aa (f3_add_1694)          0.000    0.000 2.88e-07 2.88e-07   0.0
        aa_30__aa (f3_add_1747)       1.63e-09 1.52e-09 2.86e-07 2.89e-07   0.0
        aa_45__aa (f3_add_1732)          0.000    0.000 2.88e-07 2.88e-07   0.0
        aa_91__aa (f3_add_1686)       1.85e-09 1.42e-09 2.84e-07 2.88e-07   0.0
        aa_4__aa (f3_add_1773)        1.58e-09 1.29e-09 2.83e-07 2.86e-07   0.0
        aa_53__aa (f3_add_1724)          0.000    0.000 2.88e-07 2.88e-07   0.0
        aa_68__aa (f3_add_1709)       1.22e-09 1.17e-09 2.85e-07 2.88e-07   0.0
        aa_15__aa (f3_add_1762)       1.25e-09 1.18e-09 2.85e-07 2.87e-07   0.0
        aa_61__aa (f3_add_1716)       9.80e-10 8.32e-10 2.85e-07 2.87e-07   0.0
        aa_76__aa (f3_add_1701)          0.000    0.000 2.88e-07 2.88e-07   0.0
        aa_23__aa (f3_add_1754)          0.000    0.000 2.88e-07 2.88e-07   0.0
        aa_38__aa (f3_add_1739)       1.72e-09 1.36e-09 2.83e-07 2.86e-07   0.0
        aa_84__aa (f3_add_1693)       1.75e-09 1.37e-09 2.85e-07 2.88e-07   0.0
        aa_31__aa (f3_add_1746)          0.000    0.000 2.88e-07 2.88e-07   0.0
        aa_46__aa (f3_add_1731)       1.04e-09 9.78e-10 2.82e-07 2.84e-07   0.0
        aa_92__aa (f3_add_1685)       1.45e-09 1.34e-09 2.86e-07 2.89e-07   0.0
        aa_5__aa (f3_add_1772)           0.000    0.000 2.88e-07 2.88e-07   0.0
        aa_54__aa (f3_add_1723)          0.000    0.000 2.88e-07 2.88e-07   0.0
        aa_69__aa (f3_add_1708)          0.000    0.000 2.88e-07 2.88e-07   0.0
        aa_16__aa (f3_add_1761)       1.38e-09 1.08e-09 2.84e-07 2.86e-07   0.0
        aa_62__aa (f3_add_1715)          0.000    0.000 2.88e-07 2.88e-07   0.0
        aa_77__aa (f3_add_1700)          0.000    0.000 2.88e-07 2.88e-07   0.0
        aa_24__aa (f3_add_1753)       1.22e-09 1.04e-09 2.84e-07 2.86e-07   0.0
        aa_39__aa (f3_add_1738)          0.000    0.000 2.88e-07 2.88e-07   0.0
        aa_70__aa (f3_add_1707)       1.54e-09 1.25e-09 2.84e-07 2.87e-07   0.0
        aa_85__aa (f3_add_1692)       1.50e-09 1.37e-09 2.86e-07 2.89e-07   0.0
        aa_32__aa (f3_add_1745)          0.000    0.000 2.88e-07 2.88e-07   0.0
        aa_47__aa (f3_add_1730)       1.50e-09 1.21e-09 2.84e-07 2.87e-07   0.0
        aa_93__aa (f3_add_1684)       1.32e-09 1.23e-09 2.85e-07 2.87e-07   0.0
        aa_40__aa (f3_add_1737)          0.000    0.000 2.88e-07 2.88e-07   0.0
        aa_6__aa (f3_add_1771)        1.37e-09 1.29e-09 2.85e-07 2.88e-07   0.0
        aa_55__aa (f3_add_1722)          0.000    0.000 2.88e-07 2.88e-07   0.0
        aa_17__aa (f3_add_1760)          0.000    0.000 2.88e-07 2.88e-07   0.0
        aa_10__aa (f3_add_1767)       1.21e-09 9.97e-10 2.83e-07 2.85e-07   0.0
        aa_63__aa (f3_add_1714)          0.000    0.000 2.88e-07 2.88e-07   0.0
        aa_78__aa (f3_add_1699)          0.000    0.000 2.88e-07 2.88e-07   0.0
        aa_25__aa (f3_add_1752)       1.28e-09 1.07e-09 2.84e-07 2.86e-07   0.0
        aa_71__aa (f3_add_1706)       1.09e-09 1.07e-09 2.85e-07 2.87e-07   0.0
        aa_86__aa (f3_add_1691)       1.72e-09 1.35e-09 2.85e-07 2.88e-07   0.0
        aa_33__aa (f3_add_1744)       1.96e-09 1.52e-09 2.83e-07 2.87e-07   0.0
        aa_48__aa (f3_add_1729)       1.42e-09 1.14e-09 2.84e-07 2.87e-07   0.0
        aa_94__aa (f3_add_1683)       2.77e-09 2.08e-09 2.85e-07 2.90e-07   0.0
        aa_41__aa (f3_add_1736)       1.59e-09 1.30e-09 2.84e-07 2.87e-07   0.0
        aa_7__aa (f3_add_1770)           0.000    0.000 2.88e-07 2.88e-07   0.0
        aa_56__aa (f3_add_1721)       9.79e-10 8.34e-10 2.84e-07 2.86e-07   0.0
        aa_18__aa (f3_add_1759)       1.46e-09 1.16e-09 2.83e-07 2.86e-07   0.0
        aa_0__aa (f3_add_1777)        1.23e-09 1.03e-09 2.83e-07 2.85e-07   0.0
        aa_11__aa (f3_add_1766)       9.50e-10 9.04e-10 2.85e-07 2.87e-07   0.0
        aa_64__aa (f3_add_1713)       1.85e-09 1.55e-09 2.81e-07 2.85e-07   0.0
        aa_79__aa (f3_add_1698)       1.01e-09 1.00e-09 2.84e-07 2.86e-07   0.0
        aa_26__aa (f3_add_1751)       1.26e-09 1.15e-09 2.85e-07 2.88e-07   0.0
        aa_72__aa (f3_add_1705)          0.000    0.000 2.88e-07 2.88e-07   0.0
        aa_87__aa (f3_add_1690)       1.75e-09 1.37e-09 2.84e-07 2.88e-07   0.0
        aa_34__aa (f3_add_1743)          0.000    0.000 2.88e-07 2.88e-07   0.0
        aa_49__aa (f3_add_1728)          0.000    0.000 2.88e-07 2.88e-07   0.0
        aa_80__aa (f3_add_1697)          0.000    0.000 2.88e-07 2.88e-07   0.0
        aa_95__aa (f3_add_1682)       1.44e-09 1.31e-09 2.85e-07 2.88e-07   0.0
        aa_42__aa (f3_add_1735)       1.57e-09 1.42e-09 2.85e-07 2.88e-07   0.0
        aa_8__aa (f3_add_1769)           0.000    0.000 2.88e-07 2.88e-07   0.0
        aa_57__aa (f3_add_1720)          0.000    0.000 2.88e-07 2.88e-07   0.0
        aa_1__aa (f3_add_1776)           0.000    0.000 2.88e-07 2.88e-07   0.0
        aa_19__aa (f3_add_1758)          0.000    0.000 2.88e-07 2.88e-07   0.0
        aa_50__aa (f3_add_1727)       7.84e-10 7.67e-10 2.86e-07 2.87e-07   0.0
        aa_12__aa (f3_add_1765)          0.000    0.000 2.88e-07 2.88e-07   0.0
        aa_65__aa (f3_add_1712)          0.000    0.000 2.88e-07 2.88e-07   0.0
        aa_27__aa (f3_add_1750)          0.000    0.000 2.88e-07 2.88e-07   0.0
        aa_73__aa (f3_add_1704)       1.54e-09 1.27e-09 2.83e-07 2.86e-07   0.0
        aa_20__aa (f3_add_1757)          0.000    0.000 2.88e-07 2.88e-07   0.0
        aa_88__aa (f3_add_1689)       1.49e-09 1.35e-09 2.86e-07 2.89e-07   0.0
        aa_35__aa (f3_add_1742)          0.000    0.000 2.88e-07 2.88e-07   0.0
        aa_81__aa (f3_add_1696)          0.000    0.000 2.88e-07 2.88e-07   0.0
        aa_96__aa (f3_add_1681)       1.57e-09 1.45e-09 2.86e-07 2.89e-07   0.0
        aa_43__aa (f3_add_1734)       9.54e-10 9.68e-10 2.84e-07 2.86e-07   0.0
        aa_9__aa (f3_add_1768)           0.000    0.000 2.88e-07 2.88e-07   0.0
        aa_58__aa (f3_add_1719)          0.000    0.000 2.88e-07 2.88e-07   0.0
        aa_2__aa (f3_add_1775)        1.23e-09 1.18e-09 2.84e-07 2.87e-07   0.0
        aa_51__aa (f3_add_1726)          0.000    0.000 2.88e-07 2.88e-07   0.0
        aa_66__aa (f3_add_1711)       1.68e-09 1.53e-09 2.86e-07 2.89e-07   0.0
        aa_13__aa (f3_add_1764)       1.19e-09 1.11e-09 2.85e-07 2.87e-07   0.0
        aa_28__aa (f3_add_1749)       1.20e-09 1.02e-09 2.84e-07 2.86e-07   0.0
        aa_74__aa (f3_add_1703)       1.72e-09 1.35e-09 2.83e-07 2.86e-07   0.0
        aa_21__aa (f3_add_1756)       1.24e-09 1.05e-09 2.84e-07 2.86e-07   0.0
        aa_89__aa (f3_add_1688)       1.37e-09 1.26e-09 2.86e-07 2.89e-07   0.0
        aa_36__aa (f3_add_1741)       2.10e-09 1.64e-09 2.83e-07 2.87e-07   0.0
        aa_82__aa (f3_add_1695)       1.00e-09 1.00e-09 2.84e-07 2.86e-07   0.0
        aa_44__aa (f3_add_1733)       9.82e-10 9.76e-10 2.83e-07 2.85e-07   0.0
      ins9 (f3m_sub_1)                4.49e-08 2.75e-08 2.79e-05 2.80e-05   0.5
        aa_59__aa (f3_sub_534)        7.50e-10 4.11e-10 2.88e-07 2.89e-07   0.0
          m1 (f3_add_534)             7.50e-10 4.11e-10 2.88e-07 2.89e-07   0.0
        aa_90__aa (f3_sub_503)           0.000    0.000 2.88e-07 2.88e-07   0.0
          m1 (f3_add_503)                0.000    0.000 2.88e-07 2.88e-07   0.0
        aa_3__aa (f3_sub_590)         7.84e-10 5.17e-10 2.88e-07 2.89e-07   0.0
          m1 (f3_add_590)             7.84e-10 5.17e-10 2.88e-07 2.89e-07   0.0
        aa_52__aa (f3_sub_541)        5.61e-10 3.91e-10 2.88e-07 2.89e-07   0.0
          m1 (f3_add_541)             5.61e-10 3.91e-10 2.88e-07 2.89e-07   0.0
        aa_67__aa (f3_sub_526)           0.000    0.000 2.88e-07 2.88e-07   0.0
          m1 (f3_add_526)                0.000    0.000 2.88e-07 2.88e-07   0.0
        aa_14__aa (f3_sub_579)        7.18e-10 4.13e-10 2.88e-07 2.89e-07   0.0
          m1 (f3_add_579)             7.18e-10 4.13e-10 2.88e-07 2.89e-07   0.0
        aa_29__aa (f3_sub_564)        5.64e-10 3.81e-10 2.88e-07 2.89e-07   0.0
          m1 (f3_add_564)             5.64e-10 3.81e-10 2.88e-07 2.89e-07   0.0
        aa_60__aa (f3_sub_533)        5.89e-10 4.00e-10 2.88e-07 2.89e-07   0.0
          m1 (f3_add_533)             5.89e-10 4.00e-10 2.88e-07 2.89e-07   0.0
        aa_75__aa (f3_sub_518)           0.000    0.000 2.88e-07 2.88e-07   0.0
          m1 (f3_add_518)                0.000    0.000 2.88e-07 2.88e-07   0.0
        aa_22__aa (f3_sub_571)        5.38e-10 3.63e-10 2.88e-07 2.89e-07   0.0
          m1 (f3_add_571)             5.38e-10 3.63e-10 2.88e-07 2.89e-07   0.0
        aa_37__aa (f3_sub_556)           0.000    0.000 2.88e-07 2.88e-07   0.0
          m1 (f3_add_556)                0.000    0.000 2.88e-07 2.88e-07   0.0
        aa_83__aa (f3_sub_510)           0.000    0.000 2.88e-07 2.88e-07   0.0
          m1 (f3_add_510)                0.000    0.000 2.88e-07 2.88e-07   0.0
        aa_30__aa (f3_sub_563)           0.000    0.000 2.88e-07 2.88e-07   0.0
          m1 (f3_add_563)                0.000    0.000 2.88e-07 2.88e-07   0.0
        aa_45__aa (f3_sub_548)           0.000    0.000 2.88e-07 2.88e-07   0.0
          m1 (f3_add_548)                0.000    0.000 2.88e-07 2.88e-07   0.0
        aa_91__aa (f3_sub_502)        9.41e-10 4.99e-10 2.87e-07 2.89e-07   0.0
          m1 (f3_add_502)             9.41e-10 4.99e-10 2.87e-07 2.89e-07   0.0
        aa_4__aa (f3_sub_589)            0.000    0.000 2.88e-07 2.88e-07   0.0
          m1 (f3_add_589)                0.000    0.000 2.88e-07 2.88e-07   0.0
        aa_53__aa (f3_sub_540)        5.61e-10 3.91e-10 2.88e-07 2.89e-07   0.0
          m1 (f3_add_540)             5.61e-10 3.91e-10 2.88e-07 2.89e-07   0.0
        aa_68__aa (f3_sub_525)        5.38e-10 3.63e-10 2.88e-07 2.89e-07   0.0
          m1 (f3_add_525)             5.38e-10 3.63e-10 2.88e-07 2.89e-07   0.0
        aa_15__aa (f3_sub_578)           0.000    0.000 2.88e-07 2.88e-07   0.0
          m1 (f3_add_578)                0.000    0.000 2.88e-07 2.88e-07   0.0
        aa_61__aa (f3_sub_532)           0.000    0.000 2.88e-07 2.88e-07   0.0
          m1 (f3_add_532)                0.000    0.000 2.88e-07 2.88e-07   0.0
        aa_76__aa (f3_sub_517)        1.87e-09 1.04e-09 2.87e-07 2.90e-07   0.0
          m1 (f3_add_517)             1.87e-09 1.04e-09 2.87e-07 2.90e-07   0.0
        aa_23__aa (f3_sub_570)           0.000    0.000 2.88e-07 2.88e-07   0.0
          m1 (f3_add_570)                0.000    0.000 2.88e-07 2.88e-07   0.0
        aa_38__aa (f3_sub_555)        1.11e-09 7.64e-10 2.88e-07 2.90e-07   0.0
          m1 (f3_add_555)             1.11e-09 7.64e-10 2.88e-07 2.90e-07   0.0
        aa_84__aa (f3_sub_509)           0.000    0.000 2.88e-07 2.88e-07   0.0
          m1 (f3_add_509)                0.000    0.000 2.88e-07 2.88e-07   0.0
        aa_31__aa (f3_sub_562)        6.82e-10 3.75e-10 2.88e-07 2.89e-07   0.0
          m1 (f3_add_562)             6.82e-10 3.75e-10 2.88e-07 2.89e-07   0.0
        aa_46__aa (f3_sub_547)        5.30e-10 3.64e-10 2.88e-07 2.89e-07   0.0
          m1 (f3_add_547)             5.30e-10 3.64e-10 2.88e-07 2.89e-07   0.0
        aa_92__aa (f3_sub_501)        6.76e-10 4.73e-10 2.88e-07 2.89e-07   0.0
          m1 (f3_add_501)             6.76e-10 4.73e-10 2.88e-07 2.89e-07   0.0
        aa_5__aa (f3_sub_588)         9.07e-10 5.10e-10 2.88e-07 2.89e-07   0.0
          m1 (f3_add_588)             9.07e-10 5.10e-10 2.88e-07 2.89e-07   0.0
        aa_54__aa (f3_sub_539)        6.95e-10 4.63e-10 2.88e-07 2.89e-07   0.0
          m1 (f3_add_539)             6.95e-10 4.63e-10 2.88e-07 2.89e-07   0.0
        aa_69__aa (f3_sub_524)        6.82e-10 3.75e-10 2.88e-07 2.89e-07   0.0
          m1 (f3_add_524)             6.82e-10 3.75e-10 2.88e-07 2.89e-07   0.0
        aa_16__aa (f3_sub_577)           0.000    0.000 2.88e-07 2.88e-07   0.0
          m1 (f3_add_577)                0.000    0.000 2.88e-07 2.88e-07   0.0
        aa_62__aa (f3_sub_531)           0.000    0.000 2.88e-07 2.88e-07   0.0
          m1 (f3_add_531)                0.000    0.000 2.88e-07 2.88e-07   0.0
        aa_77__aa (f3_sub_516)           0.000    0.000 2.88e-07 2.88e-07   0.0
          m1 (f3_add_516)                0.000    0.000 2.88e-07 2.88e-07   0.0
        aa_24__aa (f3_sub_569)           0.000    0.000 2.88e-07 2.88e-07   0.0
          m1 (f3_add_569)                0.000    0.000 2.88e-07 2.88e-07   0.0
        aa_39__aa (f3_sub_554)           0.000    0.000 2.88e-07 2.88e-07   0.0
          m1 (f3_add_554)                0.000    0.000 2.88e-07 2.88e-07   0.0
        aa_70__aa (f3_sub_523)        5.04e-10 3.45e-10 2.88e-07 2.89e-07   0.0
          m1 (f3_add_523)             5.04e-10 3.45e-10 2.88e-07 2.89e-07   0.0
        aa_85__aa (f3_sub_508)           0.000    0.000 2.88e-07 2.88e-07   0.0
          m1 (f3_add_508)                0.000    0.000 2.88e-07 2.88e-07   0.0
        aa_32__aa (f3_sub_561)        6.92e-10 4.73e-10 2.88e-07 2.89e-07   0.0
          m1 (f3_add_561)             6.92e-10 4.73e-10 2.88e-07 2.89e-07   0.0
        aa_47__aa (f3_sub_546)           0.000    0.000 2.88e-07 2.88e-07   0.0
          m1 (f3_add_546)                0.000    0.000 2.88e-07 2.88e-07   0.0
        aa_93__aa (f3_sub_500)        5.73e-10 4.00e-10 2.88e-07 2.89e-07   0.0
          m1 (f3_add_500)             5.73e-10 4.00e-10 2.88e-07 2.89e-07   0.0
        aa_40__aa (f3_sub_553)        1.26e-09 8.54e-10 2.88e-07 2.90e-07   0.0
          m1 (f3_add_553)             1.26e-09 8.54e-10 2.88e-07 2.90e-07   0.0
        aa_6__aa (f3_sub_587)            0.000    0.000 2.88e-07 2.88e-07   0.0
          m1 (f3_add_587)                0.000    0.000 2.88e-07 2.88e-07   0.0
        aa_55__aa (f3_sub_538)        8.18e-10 4.56e-10 2.88e-07 2.89e-07   0.0
          m1 (f3_add_538)             8.18e-10 4.56e-10 2.88e-07 2.89e-07   0.0
        aa_17__aa (f3_sub_576)           0.000    0.000 2.88e-07 2.88e-07   0.0
          m1 (f3_add_576)                0.000    0.000 2.88e-07 2.88e-07   0.0
        aa_10__aa (f3_sub_583)        1.07e-09 5.99e-10 2.88e-07 2.89e-07   0.0
          m1 (f3_add_583)             1.07e-09 5.99e-10 2.88e-07 2.89e-07   0.0
        aa_63__aa (f3_sub_530)        6.72e-10 4.34e-10 2.88e-07 2.89e-07   0.0
          m1 (f3_add_530)             6.72e-10 4.34e-10 2.88e-07 2.89e-07   0.0
        aa_78__aa (f3_sub_515)        7.77e-10 5.27e-10 2.88e-07 2.89e-07   0.0
          m1 (f3_add_515)             7.77e-10 5.27e-10 2.88e-07 2.89e-07   0.0
        aa_25__aa (f3_sub_568)        5.30e-10 3.64e-10 2.88e-07 2.89e-07   0.0
          m1 (f3_add_568)             5.30e-10 3.64e-10 2.88e-07 2.89e-07   0.0
        aa_71__aa (f3_sub_522)           0.000    0.000 2.88e-07 2.88e-07   0.0
          m1 (f3_add_522)                0.000    0.000 2.88e-07 2.88e-07   0.0
        aa_86__aa (f3_sub_507)        1.18e-09 6.62e-10 2.88e-07 2.89e-07   0.0
          m1 (f3_add_507)             1.18e-09 6.62e-10 2.88e-07 2.89e-07   0.0
        aa_33__aa (f3_sub_560)           0.000    0.000 2.88e-07 2.88e-07   0.0
          m1 (f3_add_560)                0.000    0.000 2.88e-07 2.88e-07   0.0
        aa_48__aa (f3_sub_545)        7.91e-10 4.28e-10 2.88e-07 2.89e-07   0.0
          m1 (f3_add_545)             7.91e-10 4.28e-10 2.88e-07 2.89e-07   0.0
        aa_94__aa (f3_sub_499)        6.50e-10 4.55e-10 2.88e-07 2.89e-07   0.0
          m1 (f3_add_499)             6.50e-10 4.55e-10 2.88e-07 2.89e-07   0.0
        aa_41__aa (f3_sub_552)        1.39e-09 7.69e-10 2.87e-07 2.90e-07   0.0
          m1 (f3_add_552)             1.39e-09 7.69e-10 2.87e-07 2.90e-07   0.0
        aa_7__aa (f3_sub_586)         1.07e-09 6.29e-10 2.88e-07 2.89e-07   0.0
          m1 (f3_add_586)             1.07e-09 6.29e-10 2.88e-07 2.89e-07   0.0
        aa_56__aa (f3_sub_537)           0.000    0.000 2.88e-07 2.88e-07   0.0
          m1 (f3_add_537)                0.000    0.000 2.88e-07 2.88e-07   0.0
        aa_18__aa (f3_sub_575)        4.04e-10 2.14e-10 2.88e-07 2.88e-07   0.0
          m1 (f3_add_575)             4.04e-10 2.14e-10 2.88e-07 2.88e-07   0.0
        aa_0__aa (f3_sub_593)         6.68e-10 4.74e-10 2.88e-07 2.89e-07   0.0
          m1 (f3_add_593)             6.68e-10 4.74e-10 2.88e-07 2.89e-07   0.0
        aa_11__aa (f3_sub_582)           0.000    0.000 2.88e-07 2.88e-07   0.0
          m1 (f3_add_582)                0.000    0.000 2.88e-07 2.88e-07   0.0
        aa_64__aa (f3_sub_529)        1.07e-09 7.27e-10 2.88e-07 2.90e-07   0.0
          m1 (f3_add_529)             1.07e-09 7.27e-10 2.88e-07 2.90e-07   0.0
        aa_79__aa (f3_sub_514)        9.43e-10 5.18e-10 2.88e-07 2.89e-07   0.0
          m1 (f3_add_514)             9.43e-10 5.18e-10 2.88e-07 2.89e-07   0.0
        aa_26__aa (f3_sub_567)           0.000    0.000 2.88e-07 2.88e-07   0.0
          m1 (f3_add_567)                0.000    0.000 2.88e-07 2.88e-07   0.0
        aa_72__aa (f3_sub_521)        8.43e-10 4.65e-10 2.88e-07 2.89e-07   0.0
          m1 (f3_add_521)             8.43e-10 4.65e-10 2.88e-07 2.89e-07   0.0
        aa_87__aa (f3_sub_506)        7.59e-10 5.08e-10 2.88e-07 2.89e-07   0.0
          m1 (f3_add_506)             7.59e-10 5.08e-10 2.88e-07 2.89e-07   0.0
        aa_34__aa (f3_sub_559)           0.000    0.000 2.88e-07 2.88e-07   0.0
          m1 (f3_add_559)                0.000    0.000 2.88e-07 2.88e-07   0.0
        aa_49__aa (f3_sub_544)           0.000    0.000 2.88e-07 2.88e-07   0.0
          m1 (f3_add_544)                0.000    0.000 2.88e-07 2.88e-07   0.0
        aa_80__aa (f3_sub_513)           0.000    0.000 2.88e-07 2.88e-07   0.0
          m1 (f3_add_513)                0.000    0.000 2.88e-07 2.88e-07   0.0
        aa_95__aa (f3_sub_498)           0.000    0.000 2.88e-07 2.88e-07   0.0
          m1 (f3_add_498)                0.000    0.000 2.88e-07 2.88e-07   0.0
        aa_42__aa (f3_sub_551)           0.000    0.000 2.88e-07 2.88e-07   0.0
          m1 (f3_add_551)                0.000    0.000 2.88e-07 2.88e-07   0.0
        aa_8__aa (f3_sub_585)         8.68e-10 4.83e-10 2.88e-07 2.89e-07   0.0
          m1 (f3_add_585)             8.68e-10 4.83e-10 2.88e-07 2.89e-07   0.0
        aa_57__aa (f3_sub_536)        6.73e-10 3.56e-10 2.88e-07 2.89e-07   0.0
          m1 (f3_add_536)             6.73e-10 3.56e-10 2.88e-07 2.89e-07   0.0
        aa_1__aa (f3_sub_592)         8.66e-10 4.64e-10 2.88e-07 2.89e-07   0.0
          m1 (f3_add_592)             8.66e-10 4.64e-10 2.88e-07 2.89e-07   0.0
        aa_19__aa (f3_sub_574)        4.04e-10 2.14e-10 2.88e-07 2.88e-07   0.0
          m1 (f3_add_574)             4.04e-10 2.14e-10 2.88e-07 2.88e-07   0.0
        aa_50__aa (f3_sub_543)           0.000    0.000 2.88e-07 2.88e-07   0.0
          m1 (f3_add_543)                0.000    0.000 2.88e-07 2.88e-07   0.0
        aa_12__aa (f3_sub_581)        4.97e-10 2.68e-10 2.88e-07 2.88e-07   0.0
          m1 (f3_add_581)             4.97e-10 2.68e-10 2.88e-07 2.88e-07   0.0
        aa_65__aa (f3_sub_528)        6.02e-10 4.09e-10 2.88e-07 2.89e-07   0.0
          m1 (f3_add_528)             6.02e-10 4.09e-10 2.88e-07 2.89e-07   0.0
        aa_27__aa (f3_sub_566)        5.81e-10 4.00e-10 2.88e-07 2.89e-07   0.0
          m1 (f3_add_566)             5.81e-10 4.00e-10 2.88e-07 2.89e-07   0.0
        aa_73__aa (f3_sub_520)           0.000    0.000 2.88e-07 2.88e-07   0.0
          m1 (f3_add_520)                0.000    0.000 2.88e-07 2.88e-07   0.0
        aa_20__aa (f3_sub_573)        3.96e-10 2.14e-10 2.88e-07 2.88e-07   0.0
          m1 (f3_add_573)             3.96e-10 2.14e-10 2.88e-07 2.88e-07   0.0
        aa_88__aa (f3_sub_505)        7.00e-10 4.72e-10 2.88e-07 2.89e-07   0.0
          m1 (f3_add_505)             7.00e-10 4.72e-10 2.88e-07 2.89e-07   0.0
        aa_35__aa (f3_sub_558)           0.000    0.000 2.88e-07 2.88e-07   0.0
          m1 (f3_add_558)                0.000    0.000 2.88e-07 2.88e-07   0.0
        aa_81__aa (f3_sub_512)        1.07e-09 7.07e-10 2.88e-07 2.90e-07   0.0
          m1 (f3_add_512)             1.07e-09 7.07e-10 2.88e-07 2.90e-07   0.0
        aa_96__aa (f3_sub_497)           0.000    0.000 2.88e-07 2.88e-07   0.0
          m1 (f3_add_497)                0.000    0.000 2.88e-07 2.88e-07   0.0
        aa_43__aa (f3_sub_550)           0.000    0.000 2.88e-07 2.88e-07   0.0
          m1 (f3_add_550)                0.000    0.000 2.88e-07 2.88e-07   0.0
        aa_9__aa (f3_sub_584)            0.000    0.000 2.88e-07 2.88e-07   0.0
          m1 (f3_add_584)                0.000    0.000 2.88e-07 2.88e-07   0.0
        aa_58__aa (f3_sub_535)           0.000    0.000 2.88e-07 2.88e-07   0.0
          m1 (f3_add_535)                0.000    0.000 2.88e-07 2.88e-07   0.0
        aa_2__aa (f3_sub_591)            0.000    0.000 2.88e-07 2.88e-07   0.0
          m1 (f3_add_591)                0.000    0.000 2.88e-07 2.88e-07   0.0
        aa_51__aa (f3_sub_542)        6.98e-10 3.74e-10 2.88e-07 2.89e-07   0.0
          m1 (f3_add_542)             6.98e-10 3.74e-10 2.88e-07 2.89e-07   0.0
        aa_66__aa (f3_sub_527)        2.49e-09 1.34e-09 2.86e-07 2.90e-07   0.0
          m1 (f3_add_527)             2.49e-09 1.34e-09 2.86e-07 2.90e-07   0.0
        aa_13__aa (f3_sub_580)        8.34e-10 4.65e-10 2.88e-07 2.89e-07   0.0
          m1 (f3_add_580)             8.34e-10 4.65e-10 2.88e-07 2.89e-07   0.0
        aa_28__aa (f3_sub_565)        7.24e-10 3.93e-10 2.88e-07 2.89e-07   0.0
          m1 (f3_add_565)             7.24e-10 3.93e-10 2.88e-07 2.89e-07   0.0
        aa_74__aa (f3_sub_519)        4.96e-10 3.46e-10 2.88e-07 2.89e-07   0.0
          m1 (f3_add_519)             4.96e-10 3.46e-10 2.88e-07 2.89e-07   0.0
        aa_21__aa (f3_sub_572)        3.42e-10 2.36e-10 2.88e-07 2.89e-07   0.0
          m1 (f3_add_572)             3.42e-10 2.36e-10 2.88e-07 2.89e-07   0.0
        aa_89__aa (f3_sub_504)           0.000    0.000 2.88e-07 2.88e-07   0.0
          m1 (f3_add_504)                0.000    0.000 2.88e-07 2.88e-07   0.0
        aa_36__aa (f3_sub_557)        1.16e-09 8.00e-10 2.88e-07 2.90e-07   0.0
          m1 (f3_add_557)             1.16e-09 8.00e-10 2.88e-07 2.90e-07   0.0
        aa_82__aa (f3_sub_511)        1.09e-09 7.26e-10 2.88e-07 2.90e-07   0.0
          m1 (f3_add_511)             1.09e-09 7.26e-10 2.88e-07 2.90e-07   0.0
        aa_44__aa (f3_sub_549)           0.000    0.000 2.88e-07 2.88e-07   0.0
          m1 (f3_add_549)                0.000    0.000 2.88e-07 2.88e-07   0.0
  ins2 (func6_4)                      7.56e-07 2.24e-08 6.56e-07 1.43e-06   0.0
  ins3 (func6_3)                      7.48e-07 1.65e-08 6.13e-07 1.38e-06   0.0
1
