****************************************
Report : Averaged Power
	-verbose
Design : aes_decrypt128
Version: V-2023.12
Date   : Mon Jun 22 17:47:49 2026
****************************************

Library(s) Used:

    tcbn28hpcplusbwp12t30p140ssg0p81v125c (File: /process/course_lib/t28hpc+/tcbn28hpcplusbwp12t30p140ssg0p81v125c.db)


Operating Conditions: ssg0p81v125c   Library: tcbn28hpcplusbwp12t30p140ssg0p81v125c
Wire Load Model Mode: segmented

Cell               Design       Wire_model  Library       Selection_type
--------------------------------------------------------------------------------
                   aes_decrypt128
                                ZeroWireload
                                            tcbn28hpcplusbwp12t30p140ssg0p81v125c
                                                          automatic-by-area
KeyExpand128_u     KeyExpand128 ZeroWireload
                                            tcbn28hpcplusbwp12t30p140ssg0p81v125c
                                                          automatic-by-area
KeyExpand128_u/RotWord_u
                   RotWord      ZeroWireload
                                            tcbn28hpcplusbwp12t30p140ssg0p81v125c
                                                          automatic-by-area
KeyExpand128_u/SubWord_u
                   SubWord      ZeroWireload
                                            tcbn28hpcplusbwp12t30p140ssg0p81v125c
                                                          automatic-by-area
KeyExpand128_u/SubWord_u/genblk1_0__Sbox_u
                   Sbox_3       ZeroWireload
                                            tcbn28hpcplusbwp12t30p140ssg0p81v125c
                                                          automatic-by-area
KeyExpand128_u/SubWord_u/genblk1_0__Sbox_u/genblk1_4__muxf8_u
                   MUXF8_155    ZeroWireload
                                            tcbn28hpcplusbwp12t30p140ssg0p81v125c
                                                          automatic-by-area
KeyExpand128_u/SubWord_u/genblk1_0__Sbox_u/genblk1_3__muxf7_hi
                   MUXF7_312    ZeroWireload
                                            tcbn28hpcplusbwp12t30p140ssg0p81v125c
                                                          automatic-by-area
KeyExpand128_u/SubWord_u/genblk1_0__Sbox_u/genblk1_0__muxf7_lo
                   MUXF7_319    ZeroWireload
                                            tcbn28hpcplusbwp12t30p140ssg0p81v125c
                                                          automatic-by-area
KeyExpand128_u/SubWord_u/genblk1_0__Sbox_u/genblk1_4__muxf7_hi
                   MUXF7_310    ZeroWireload
                                            tcbn28hpcplusbwp12t30p140ssg0p81v125c
                                                          automatic-by-area
KeyExpand128_u/SubWord_u/genblk1_0__Sbox_u/genblk1_1__muxf7_lo
                   MUXF7_317    ZeroWireload
                                            tcbn28hpcplusbwp12t30p140ssg0p81v125c
                                                          automatic-by-area
KeyExpand128_u/SubWord_u/genblk1_0__Sbox_u/genblk1_6__muxf8_u
                   MUXF8_153    ZeroWireload
                                            tcbn28hpcplusbwp12t30p140ssg0p81v125c
                                                          automatic-by-area
KeyExpand128_u/SubWord_u/genblk1_0__Sbox_u/genblk1_2__muxf7_lo
                   MUXF7_315    ZeroWireload
                                            tcbn28hpcplusbwp12t30p140ssg0p81v125c
                                                          automatic-by-area
KeyExpand128_u/SubWord_u/genblk1_0__Sbox_u/genblk1_5__muxf7_lo
                   MUXF7_309    ZeroWireload
                                            tcbn28hpcplusbwp12t30p140ssg0p81v125c
                                                          automatic-by-area
KeyExpand128_u/SubWord_u/genblk1_0__Sbox_u/genblk1_1__muxf8_u
                   MUXF8_158    ZeroWireload
                                            tcbn28hpcplusbwp12t30p140ssg0p81v125c
                                                          automatic-by-area
KeyExpand128_u/SubWord_u/genblk1_0__Sbox_u/genblk1_6__muxf7_lo
                   MUXF7_307    ZeroWireload
                                            tcbn28hpcplusbwp12t30p140ssg0p81v125c
                                                          automatic-by-area
KeyExpand128_u/SubWord_u/genblk1_0__Sbox_u/t0
                   Sbox_table0_3
                                ZeroWireload
                                            tcbn28hpcplusbwp12t30p140ssg0p81v125c
                                                          automatic-by-area
KeyExpand128_u/SubWord_u/genblk1_0__Sbox_u/genblk1_7__muxf7_lo
                   MUXF7_305    ZeroWireload
                                            tcbn28hpcplusbwp12t30p140ssg0p81v125c
                                                          automatic-by-area
KeyExpand128_u/SubWord_u/genblk1_0__Sbox_u/genblk1_0__muxf7_hi
                   MUXF7_318    ZeroWireload
                                            tcbn28hpcplusbwp12t30p140ssg0p81v125c
                                                          automatic-by-area
KeyExpand128_u/SubWord_u/genblk1_0__Sbox_u/t1
                   Sbox_table1_3
                                ZeroWireload
                                            tcbn28hpcplusbwp12t30p140ssg0p81v125c
                                                          automatic-by-area
KeyExpand128_u/SubWord_u/genblk1_0__Sbox_u/genblk1_3__muxf8_u
                   MUXF8_156    ZeroWireload
                                            tcbn28hpcplusbwp12t30p140ssg0p81v125c
                                                          automatic-by-area
KeyExpand128_u/SubWord_u/genblk1_0__Sbox_u/t2
                   Sbox_table2_3
                                ZeroWireload
                                            tcbn28hpcplusbwp12t30p140ssg0p81v125c
                                                          automatic-by-area
KeyExpand128_u/SubWord_u/genblk1_0__Sbox_u/genblk1_1__muxf7_hi
                   MUXF7_316    ZeroWireload
                                            tcbn28hpcplusbwp12t30p140ssg0p81v125c
                                                          automatic-by-area
KeyExpand128_u/SubWord_u/genblk1_0__Sbox_u/genblk1_2__muxf7_hi
                   MUXF7_314    ZeroWireload
                                            tcbn28hpcplusbwp12t30p140ssg0p81v125c
                                                          automatic-by-area
KeyExpand128_u/SubWord_u/genblk1_0__Sbox_u/t3
                   Sbox_table3_3
                                ZeroWireload
                                            tcbn28hpcplusbwp12t30p140ssg0p81v125c
                                                          automatic-by-area
KeyExpand128_u/SubWord_u/genblk1_0__Sbox_u/genblk1_5__muxf8_u
                   MUXF8_154    ZeroWireload
                                            tcbn28hpcplusbwp12t30p140ssg0p81v125c
                                                          automatic-by-area
KeyExpand128_u/SubWord_u/genblk1_0__Sbox_u/genblk1_5__muxf7_hi
                   MUXF7_308    ZeroWireload
                                            tcbn28hpcplusbwp12t30p140ssg0p81v125c
                                                          automatic-by-area
KeyExpand128_u/SubWord_u/genblk1_0__Sbox_u/genblk1_7__muxf8_u
                   MUXF8_152    ZeroWireload
                                            tcbn28hpcplusbwp12t30p140ssg0p81v125c
                                                          automatic-by-area
KeyExpand128_u/SubWord_u/genblk1_0__Sbox_u/genblk1_6__muxf7_hi
                   MUXF7_306    ZeroWireload
                                            tcbn28hpcplusbwp12t30p140ssg0p81v125c
                                                          automatic-by-area
KeyExpand128_u/SubWord_u/genblk1_0__Sbox_u/genblk1_3__muxf7_lo
                   MUXF7_313    ZeroWireload
                                            tcbn28hpcplusbwp12t30p140ssg0p81v125c
                                                          automatic-by-area
KeyExpand128_u/SubWord_u/genblk1_0__Sbox_u/genblk1_7__muxf7_hi
                   MUXF7_304    ZeroWireload
                                            tcbn28hpcplusbwp12t30p140ssg0p81v125c
                                                          automatic-by-area
KeyExpand128_u/SubWord_u/genblk1_0__Sbox_u/genblk1_4__muxf7_lo
                   MUXF7_311    ZeroWireload
                                            tcbn28hpcplusbwp12t30p140ssg0p81v125c
                                                          automatic-by-area
KeyExpand128_u/SubWord_u/genblk1_0__Sbox_u/genblk1_0__muxf8_u
                   MUXF8_159    ZeroWireload
                                            tcbn28hpcplusbwp12t30p140ssg0p81v125c
                                                          automatic-by-area
KeyExpand128_u/SubWord_u/genblk1_0__Sbox_u/genblk1_2__muxf8_u
                   MUXF8_157    ZeroWireload
                                            tcbn28hpcplusbwp12t30p140ssg0p81v125c
                                                          automatic-by-area
KeyExpand128_u/SubWord_u/genblk1_2__Sbox_u
                   Sbox_1       ZeroWireload
                                            tcbn28hpcplusbwp12t30p140ssg0p81v125c
                                                          automatic-by-area
KeyExpand128_u/SubWord_u/genblk1_2__Sbox_u/genblk1_4__muxf8_u
                   MUXF8_139    ZeroWireload
                                            tcbn28hpcplusbwp12t30p140ssg0p81v125c
                                                          automatic-by-area
KeyExpand128_u/SubWord_u/genblk1_2__Sbox_u/genblk1_3__muxf7_hi
                   MUXF7_280    ZeroWireload
                                            tcbn28hpcplusbwp12t30p140ssg0p81v125c
                                                          automatic-by-area
KeyExpand128_u/SubWord_u/genblk1_2__Sbox_u/genblk1_0__muxf7_lo
                   MUXF7_287    ZeroWireload
                                            tcbn28hpcplusbwp12t30p140ssg0p81v125c
                                                          automatic-by-area
KeyExpand128_u/SubWord_u/genblk1_2__Sbox_u/genblk1_4__muxf7_hi
                   MUXF7_278    ZeroWireload
                                            tcbn28hpcplusbwp12t30p140ssg0p81v125c
                                                          automatic-by-area
KeyExpand128_u/SubWord_u/genblk1_2__Sbox_u/genblk1_1__muxf7_lo
                   MUXF7_285    ZeroWireload
                                            tcbn28hpcplusbwp12t30p140ssg0p81v125c
                                                          automatic-by-area
KeyExpand128_u/SubWord_u/genblk1_2__Sbox_u/genblk1_6__muxf8_u
                   MUXF8_137    ZeroWireload
                                            tcbn28hpcplusbwp12t30p140ssg0p81v125c
                                                          automatic-by-area
KeyExpand128_u/SubWord_u/genblk1_2__Sbox_u/genblk1_2__muxf7_lo
                   MUXF7_283    ZeroWireload
                                            tcbn28hpcplusbwp12t30p140ssg0p81v125c
                                                          automatic-by-area
KeyExpand128_u/SubWord_u/genblk1_2__Sbox_u/genblk1_5__muxf7_lo
                   MUXF7_277    ZeroWireload
                                            tcbn28hpcplusbwp12t30p140ssg0p81v125c
                                                          automatic-by-area
KeyExpand128_u/SubWord_u/genblk1_2__Sbox_u/genblk1_1__muxf8_u
                   MUXF8_142    ZeroWireload
                                            tcbn28hpcplusbwp12t30p140ssg0p81v125c
                                                          automatic-by-area
KeyExpand128_u/SubWord_u/genblk1_2__Sbox_u/genblk1_6__muxf7_lo
                   MUXF7_275    ZeroWireload
                                            tcbn28hpcplusbwp12t30p140ssg0p81v125c
                                                          automatic-by-area
KeyExpand128_u/SubWord_u/genblk1_2__Sbox_u/t0
                   Sbox_table0_1
                                ZeroWireload
                                            tcbn28hpcplusbwp12t30p140ssg0p81v125c
                                                          automatic-by-area
KeyExpand128_u/SubWord_u/genblk1_2__Sbox_u/genblk1_7__muxf7_lo
                   MUXF7_273    ZeroWireload
                                            tcbn28hpcplusbwp12t30p140ssg0p81v125c
                                                          automatic-by-area
KeyExpand128_u/SubWord_u/genblk1_2__Sbox_u/genblk1_0__muxf7_hi
                   MUXF7_286    ZeroWireload
                                            tcbn28hpcplusbwp12t30p140ssg0p81v125c
                                                          automatic-by-area
KeyExpand128_u/SubWord_u/genblk1_2__Sbox_u/t1
                   Sbox_table1_1
                                ZeroWireload
                                            tcbn28hpcplusbwp12t30p140ssg0p81v125c
                                                          automatic-by-area
KeyExpand128_u/SubWord_u/genblk1_2__Sbox_u/genblk1_3__muxf8_u
                   MUXF8_140    ZeroWireload
                                            tcbn28hpcplusbwp12t30p140ssg0p81v125c
                                                          automatic-by-area
KeyExpand128_u/SubWord_u/genblk1_2__Sbox_u/t2
                   Sbox_table2_1
                                ZeroWireload
                                            tcbn28hpcplusbwp12t30p140ssg0p81v125c
                                                          automatic-by-area
KeyExpand128_u/SubWord_u/genblk1_2__Sbox_u/genblk1_1__muxf7_hi
                   MUXF7_284    ZeroWireload
                                            tcbn28hpcplusbwp12t30p140ssg0p81v125c
                                                          automatic-by-area
KeyExpand128_u/SubWord_u/genblk1_2__Sbox_u/genblk1_2__muxf7_hi
                   MUXF7_282    ZeroWireload
                                            tcbn28hpcplusbwp12t30p140ssg0p81v125c
                                                          automatic-by-area
KeyExpand128_u/SubWord_u/genblk1_2__Sbox_u/t3
                   Sbox_table3_1
                                ZeroWireload
                                            tcbn28hpcplusbwp12t30p140ssg0p81v125c
                                                          automatic-by-area
KeyExpand128_u/SubWord_u/genblk1_2__Sbox_u/genblk1_5__muxf8_u
                   MUXF8_138    ZeroWireload
                                            tcbn28hpcplusbwp12t30p140ssg0p81v125c
                                                          automatic-by-area
KeyExpand128_u/SubWord_u/genblk1_2__Sbox_u/genblk1_5__muxf7_hi
                   MUXF7_276    ZeroWireload
                                            tcbn28hpcplusbwp12t30p140ssg0p81v125c
                                                          automatic-by-area
KeyExpand128_u/SubWord_u/genblk1_2__Sbox_u/genblk1_7__muxf8_u
                   MUXF8_136    ZeroWireload
                                            tcbn28hpcplusbwp12t30p140ssg0p81v125c
                                                          automatic-by-area
KeyExpand128_u/SubWord_u/genblk1_2__Sbox_u/genblk1_6__muxf7_hi
                   MUXF7_274    ZeroWireload
                                            tcbn28hpcplusbwp12t30p140ssg0p81v125c
                                                          automatic-by-area
KeyExpand128_u/SubWord_u/genblk1_2__Sbox_u/genblk1_3__muxf7_lo
                   MUXF7_281    ZeroWireload
                                            tcbn28hpcplusbwp12t30p140ssg0p81v125c
                                                          automatic-by-area
KeyExpand128_u/SubWord_u/genblk1_2__Sbox_u/genblk1_7__muxf7_hi
                   MUXF7_272    ZeroWireload
                                            tcbn28hpcplusbwp12t30p140ssg0p81v125c
                                                          automatic-by-area
KeyExpand128_u/SubWord_u/genblk1_2__Sbox_u/genblk1_4__muxf7_lo
                   MUXF7_279    ZeroWireload
                                            tcbn28hpcplusbwp12t30p140ssg0p81v125c
                                                          automatic-by-area
KeyExpand128_u/SubWord_u/genblk1_2__Sbox_u/genblk1_0__muxf8_u
                   MUXF8_143    ZeroWireload
                                            tcbn28hpcplusbwp12t30p140ssg0p81v125c
                                                          automatic-by-area
KeyExpand128_u/SubWord_u/genblk1_2__Sbox_u/genblk1_2__muxf8_u
                   MUXF8_141    ZeroWireload
                                            tcbn28hpcplusbwp12t30p140ssg0p81v125c
                                                          automatic-by-area
KeyExpand128_u/SubWord_u/genblk1_1__Sbox_u
                   Sbox_2       ZeroWireload
                                            tcbn28hpcplusbwp12t30p140ssg0p81v125c
                                                          automatic-by-area
KeyExpand128_u/SubWord_u/genblk1_1__Sbox_u/genblk1_4__muxf8_u
                   MUXF8_147    ZeroWireload
                                            tcbn28hpcplusbwp12t30p140ssg0p81v125c
                                                          automatic-by-area
KeyExpand128_u/SubWord_u/genblk1_1__Sbox_u/genblk1_3__muxf7_hi
                   MUXF7_296    ZeroWireload
                                            tcbn28hpcplusbwp12t30p140ssg0p81v125c
                                                          automatic-by-area
KeyExpand128_u/SubWord_u/genblk1_1__Sbox_u/genblk1_0__muxf7_lo
                   MUXF7_303    ZeroWireload
                                            tcbn28hpcplusbwp12t30p140ssg0p81v125c
                                                          automatic-by-area
KeyExpand128_u/SubWord_u/genblk1_1__Sbox_u/genblk1_4__muxf7_hi
                   MUXF7_294    ZeroWireload
                                            tcbn28hpcplusbwp12t30p140ssg0p81v125c
                                                          automatic-by-area
KeyExpand128_u/SubWord_u/genblk1_1__Sbox_u/genblk1_1__muxf7_lo
                   MUXF7_301    ZeroWireload
                                            tcbn28hpcplusbwp12t30p140ssg0p81v125c
                                                          automatic-by-area
KeyExpand128_u/SubWord_u/genblk1_1__Sbox_u/genblk1_6__muxf8_u
                   MUXF8_145    ZeroWireload
                                            tcbn28hpcplusbwp12t30p140ssg0p81v125c
                                                          automatic-by-area
KeyExpand128_u/SubWord_u/genblk1_1__Sbox_u/genblk1_2__muxf7_lo
                   MUXF7_299    ZeroWireload
                                            tcbn28hpcplusbwp12t30p140ssg0p81v125c
                                                          automatic-by-area
KeyExpand128_u/SubWord_u/genblk1_1__Sbox_u/genblk1_5__muxf7_lo
                   MUXF7_293    ZeroWireload
                                            tcbn28hpcplusbwp12t30p140ssg0p81v125c
                                                          automatic-by-area
KeyExpand128_u/SubWord_u/genblk1_1__Sbox_u/genblk1_1__muxf8_u
                   MUXF8_150    ZeroWireload
                                            tcbn28hpcplusbwp12t30p140ssg0p81v125c
                                                          automatic-by-area
KeyExpand128_u/SubWord_u/genblk1_1__Sbox_u/genblk1_6__muxf7_lo
                   MUXF7_291    ZeroWireload
                                            tcbn28hpcplusbwp12t30p140ssg0p81v125c
                                                          automatic-by-area
KeyExpand128_u/SubWord_u/genblk1_1__Sbox_u/t0
                   Sbox_table0_2
                                ZeroWireload
                                            tcbn28hpcplusbwp12t30p140ssg0p81v125c
                                                          automatic-by-area
KeyExpand128_u/SubWord_u/genblk1_1__Sbox_u/genblk1_7__muxf7_lo
                   MUXF7_289    ZeroWireload
                                            tcbn28hpcplusbwp12t30p140ssg0p81v125c
                                                          automatic-by-area
KeyExpand128_u/SubWord_u/genblk1_1__Sbox_u/genblk1_0__muxf7_hi
                   MUXF7_302    ZeroWireload
                                            tcbn28hpcplusbwp12t30p140ssg0p81v125c
                                                          automatic-by-area
KeyExpand128_u/SubWord_u/genblk1_1__Sbox_u/t1
                   Sbox_table1_2
                                ZeroWireload
                                            tcbn28hpcplusbwp12t30p140ssg0p81v125c
                                                          automatic-by-area
KeyExpand128_u/SubWord_u/genblk1_1__Sbox_u/genblk1_3__muxf8_u
                   MUXF8_148    ZeroWireload
                                            tcbn28hpcplusbwp12t30p140ssg0p81v125c
                                                          automatic-by-area
KeyExpand128_u/SubWord_u/genblk1_1__Sbox_u/t2
                   Sbox_table2_2
                                ZeroWireload
                                            tcbn28hpcplusbwp12t30p140ssg0p81v125c
                                                          automatic-by-area
KeyExpand128_u/SubWord_u/genblk1_1__Sbox_u/genblk1_1__muxf7_hi
                   MUXF7_300    ZeroWireload
                                            tcbn28hpcplusbwp12t30p140ssg0p81v125c
                                                          automatic-by-area
KeyExpand128_u/SubWord_u/genblk1_1__Sbox_u/genblk1_2__muxf7_hi
                   MUXF7_298    ZeroWireload
                                            tcbn28hpcplusbwp12t30p140ssg0p81v125c
                                                          automatic-by-area
KeyExpand128_u/SubWord_u/genblk1_1__Sbox_u/t3
                   Sbox_table3_2
                                ZeroWireload
                                            tcbn28hpcplusbwp12t30p140ssg0p81v125c
                                                          automatic-by-area
KeyExpand128_u/SubWord_u/genblk1_1__Sbox_u/genblk1_5__muxf8_u
                   MUXF8_146    ZeroWireload
                                            tcbn28hpcplusbwp12t30p140ssg0p81v125c
                                                          automatic-by-area
KeyExpand128_u/SubWord_u/genblk1_1__Sbox_u/genblk1_5__muxf7_hi
                   MUXF7_292    ZeroWireload
                                            tcbn28hpcplusbwp12t30p140ssg0p81v125c
                                                          automatic-by-area
KeyExpand128_u/SubWord_u/genblk1_1__Sbox_u/genblk1_7__muxf8_u
                   MUXF8_144    ZeroWireload
                                            tcbn28hpcplusbwp12t30p140ssg0p81v125c
                                                          automatic-by-area
KeyExpand128_u/SubWord_u/genblk1_1__Sbox_u/genblk1_6__muxf7_hi
                   MUXF7_290    ZeroWireload
                                            tcbn28hpcplusbwp12t30p140ssg0p81v125c
                                                          automatic-by-area
KeyExpand128_u/SubWord_u/genblk1_1__Sbox_u/genblk1_3__muxf7_lo
                   MUXF7_297    ZeroWireload
                                            tcbn28hpcplusbwp12t30p140ssg0p81v125c
                                                          automatic-by-area
KeyExpand128_u/SubWord_u/genblk1_1__Sbox_u/genblk1_7__muxf7_hi
                   MUXF7_288    ZeroWireload
                                            tcbn28hpcplusbwp12t30p140ssg0p81v125c
                                                          automatic-by-area
KeyExpand128_u/SubWord_u/genblk1_1__Sbox_u/genblk1_4__muxf7_lo
                   MUXF7_295    ZeroWireload
                                            tcbn28hpcplusbwp12t30p140ssg0p81v125c
                                                          automatic-by-area
KeyExpand128_u/SubWord_u/genblk1_1__Sbox_u/genblk1_0__muxf8_u
                   MUXF8_151    ZeroWireload
                                            tcbn28hpcplusbwp12t30p140ssg0p81v125c
                                                          automatic-by-area
KeyExpand128_u/SubWord_u/genblk1_1__Sbox_u/genblk1_2__muxf8_u
                   MUXF8_149    ZeroWireload
                                            tcbn28hpcplusbwp12t30p140ssg0p81v125c
                                                          automatic-by-area
KeyExpand128_u/SubWord_u/genblk1_3__Sbox_u
                   Sbox_0       ZeroWireload
                                            tcbn28hpcplusbwp12t30p140ssg0p81v125c
                                                          automatic-by-area
KeyExpand128_u/SubWord_u/genblk1_3__Sbox_u/genblk1_4__muxf8_u
                   MUXF8_131    ZeroWireload
                                            tcbn28hpcplusbwp12t30p140ssg0p81v125c
                                                          automatic-by-area
KeyExpand128_u/SubWord_u/genblk1_3__Sbox_u/genblk1_3__muxf7_hi
                   MUXF7_264    ZeroWireload
                                            tcbn28hpcplusbwp12t30p140ssg0p81v125c
                                                          automatic-by-area
KeyExpand128_u/SubWord_u/genblk1_3__Sbox_u/genblk1_0__muxf7_lo
                   MUXF7_271    ZeroWireload
                                            tcbn28hpcplusbwp12t30p140ssg0p81v125c
                                                          automatic-by-area
KeyExpand128_u/SubWord_u/genblk1_3__Sbox_u/genblk1_4__muxf7_hi
                   MUXF7_262    ZeroWireload
                                            tcbn28hpcplusbwp12t30p140ssg0p81v125c
                                                          automatic-by-area
KeyExpand128_u/SubWord_u/genblk1_3__Sbox_u/genblk1_1__muxf7_lo
                   MUXF7_269    ZeroWireload
                                            tcbn28hpcplusbwp12t30p140ssg0p81v125c
                                                          automatic-by-area
KeyExpand128_u/SubWord_u/genblk1_3__Sbox_u/genblk1_6__muxf8_u
                   MUXF8_129    ZeroWireload
                                            tcbn28hpcplusbwp12t30p140ssg0p81v125c
                                                          automatic-by-area
KeyExpand128_u/SubWord_u/genblk1_3__Sbox_u/genblk1_2__muxf7_lo
                   MUXF7_267    ZeroWireload
                                            tcbn28hpcplusbwp12t30p140ssg0p81v125c
                                                          automatic-by-area
KeyExpand128_u/SubWord_u/genblk1_3__Sbox_u/genblk1_5__muxf7_lo
                   MUXF7_261    ZeroWireload
                                            tcbn28hpcplusbwp12t30p140ssg0p81v125c
                                                          automatic-by-area
KeyExpand128_u/SubWord_u/genblk1_3__Sbox_u/genblk1_1__muxf8_u
                   MUXF8_134    ZeroWireload
                                            tcbn28hpcplusbwp12t30p140ssg0p81v125c
                                                          automatic-by-area
KeyExpand128_u/SubWord_u/genblk1_3__Sbox_u/genblk1_6__muxf7_lo
                   MUXF7_259    ZeroWireload
                                            tcbn28hpcplusbwp12t30p140ssg0p81v125c
                                                          automatic-by-area
KeyExpand128_u/SubWord_u/genblk1_3__Sbox_u/t0
                   Sbox_table0_0
                                ZeroWireload
                                            tcbn28hpcplusbwp12t30p140ssg0p81v125c
                                                          automatic-by-area
KeyExpand128_u/SubWord_u/genblk1_3__Sbox_u/genblk1_7__muxf7_lo
                   MUXF7_257    ZeroWireload
                                            tcbn28hpcplusbwp12t30p140ssg0p81v125c
                                                          automatic-by-area
KeyExpand128_u/SubWord_u/genblk1_3__Sbox_u/genblk1_0__muxf7_hi
                   MUXF7_270    ZeroWireload
                                            tcbn28hpcplusbwp12t30p140ssg0p81v125c
                                                          automatic-by-area
KeyExpand128_u/SubWord_u/genblk1_3__Sbox_u/t1
                   Sbox_table1_0
                                ZeroWireload
                                            tcbn28hpcplusbwp12t30p140ssg0p81v125c
                                                          automatic-by-area
KeyExpand128_u/SubWord_u/genblk1_3__Sbox_u/genblk1_3__muxf8_u
                   MUXF8_132    ZeroWireload
                                            tcbn28hpcplusbwp12t30p140ssg0p81v125c
                                                          automatic-by-area
KeyExpand128_u/SubWord_u/genblk1_3__Sbox_u/t2
                   Sbox_table2_0
                                ZeroWireload
                                            tcbn28hpcplusbwp12t30p140ssg0p81v125c
                                                          automatic-by-area
KeyExpand128_u/SubWord_u/genblk1_3__Sbox_u/genblk1_1__muxf7_hi
                   MUXF7_268    ZeroWireload
                                            tcbn28hpcplusbwp12t30p140ssg0p81v125c
                                                          automatic-by-area
KeyExpand128_u/SubWord_u/genblk1_3__Sbox_u/genblk1_2__muxf7_hi
                   MUXF7_266    ZeroWireload
                                            tcbn28hpcplusbwp12t30p140ssg0p81v125c
                                                          automatic-by-area
KeyExpand128_u/SubWord_u/genblk1_3__Sbox_u/t3
                   Sbox_table3_0
                                ZeroWireload
                                            tcbn28hpcplusbwp12t30p140ssg0p81v125c
                                                          automatic-by-area
KeyExpand128_u/SubWord_u/genblk1_3__Sbox_u/genblk1_5__muxf8_u
                   MUXF8_130    ZeroWireload
                                            tcbn28hpcplusbwp12t30p140ssg0p81v125c
                                                          automatic-by-area
KeyExpand128_u/SubWord_u/genblk1_3__Sbox_u/genblk1_5__muxf7_hi
                   MUXF7_260    ZeroWireload
                                            tcbn28hpcplusbwp12t30p140ssg0p81v125c
                                                          automatic-by-area
KeyExpand128_u/SubWord_u/genblk1_3__Sbox_u/genblk1_7__muxf8_u
                   MUXF8_128    ZeroWireload
                                            tcbn28hpcplusbwp12t30p140ssg0p81v125c
                                                          automatic-by-area
KeyExpand128_u/SubWord_u/genblk1_3__Sbox_u/genblk1_6__muxf7_hi
                   MUXF7_258    ZeroWireload
                                            tcbn28hpcplusbwp12t30p140ssg0p81v125c
                                                          automatic-by-area
KeyExpand128_u/SubWord_u/genblk1_3__Sbox_u/genblk1_3__muxf7_lo
                   MUXF7_265    ZeroWireload
                                            tcbn28hpcplusbwp12t30p140ssg0p81v125c
                                                          automatic-by-area
KeyExpand128_u/SubWord_u/genblk1_3__Sbox_u/genblk1_7__muxf7_hi
                   MUXF7_256    ZeroWireload
                                            tcbn28hpcplusbwp12t30p140ssg0p81v125c
                                                          automatic-by-area
KeyExpand128_u/SubWord_u/genblk1_3__Sbox_u/genblk1_4__muxf7_lo
                   MUXF7_263    ZeroWireload
                                            tcbn28hpcplusbwp12t30p140ssg0p81v125c
                                                          automatic-by-area
KeyExpand128_u/SubWord_u/genblk1_3__Sbox_u/genblk1_0__muxf8_u
                   MUXF8_135    ZeroWireload
                                            tcbn28hpcplusbwp12t30p140ssg0p81v125c
                                                          automatic-by-area
KeyExpand128_u/SubWord_u/genblk1_3__Sbox_u/genblk1_2__muxf8_u
                   MUXF8_133    ZeroWireload
                                            tcbn28hpcplusbwp12t30p140ssg0p81v125c
                                                          automatic-by-area
KschBuffer_u       KschBuffer   ZeroWireload
                                            tcbn28hpcplusbwp12t30p140ssg0p81v125c
                                                          automatic-by-area
decrypt_u          decrypt      ZeroWireload
                                            tcbn28hpcplusbwp12t30p140ssg0p81v125c
                                                          automatic-by-area
decrypt_u/InvSubBytes_u
                   InvSubBytes  ZeroWireload
                                            tcbn28hpcplusbwp12t30p140ssg0p81v125c
                                                          automatic-by-area
decrypt_u/InvSubBytes_u/genblk1_5__InvSbox_u
                   InvSbox_10   ZeroWireload
                                            tcbn28hpcplusbwp12t30p140ssg0p81v125c
                                                          automatic-by-area
decrypt_u/InvSubBytes_u/genblk1_5__InvSbox_u/genblk1_4__muxf8_u
                   MUXF8_83     ZeroWireload
                                            tcbn28hpcplusbwp12t30p140ssg0p81v125c
                                                          automatic-by-area
decrypt_u/InvSubBytes_u/genblk1_5__InvSbox_u/genblk1_3__muxf7_hi
                   MUXF7_168    ZeroWireload
                                            tcbn28hpcplusbwp12t30p140ssg0p81v125c
                                                          automatic-by-area
decrypt_u/InvSubBytes_u/genblk1_5__InvSbox_u/genblk1_0__muxf7_lo
                   MUXF7_175    ZeroWireload
                                            tcbn28hpcplusbwp12t30p140ssg0p81v125c
                                                          automatic-by-area
decrypt_u/InvSubBytes_u/genblk1_5__InvSbox_u/genblk1_4__muxf7_hi
                   MUXF7_166    ZeroWireload
                                            tcbn28hpcplusbwp12t30p140ssg0p81v125c
                                                          automatic-by-area
decrypt_u/InvSubBytes_u/genblk1_5__InvSbox_u/genblk1_1__muxf7_lo
                   MUXF7_173    ZeroWireload
                                            tcbn28hpcplusbwp12t30p140ssg0p81v125c
                                                          automatic-by-area
decrypt_u/InvSubBytes_u/genblk1_5__InvSbox_u/genblk1_6__muxf8_u
                   MUXF8_81     ZeroWireload
                                            tcbn28hpcplusbwp12t30p140ssg0p81v125c
                                                          automatic-by-area
decrypt_u/InvSubBytes_u/genblk1_5__InvSbox_u/genblk1_2__muxf7_lo
                   MUXF7_171    ZeroWireload
                                            tcbn28hpcplusbwp12t30p140ssg0p81v125c
                                                          automatic-by-area
decrypt_u/InvSubBytes_u/genblk1_5__InvSbox_u/genblk1_5__muxf7_lo
                   MUXF7_165    ZeroWireload
                                            tcbn28hpcplusbwp12t30p140ssg0p81v125c
                                                          automatic-by-area
decrypt_u/InvSubBytes_u/genblk1_5__InvSbox_u/genblk1_1__muxf8_u
                   MUXF8_86     ZeroWireload
                                            tcbn28hpcplusbwp12t30p140ssg0p81v125c
                                                          automatic-by-area
decrypt_u/InvSubBytes_u/genblk1_5__InvSbox_u/genblk1_6__muxf7_lo
                   MUXF7_163    ZeroWireload
                                            tcbn28hpcplusbwp12t30p140ssg0p81v125c
                                                          automatic-by-area
decrypt_u/InvSubBytes_u/genblk1_5__InvSbox_u/t0
                   invsbox_table0_10
                                ZeroWireload
                                            tcbn28hpcplusbwp12t30p140ssg0p81v125c
                                                          automatic-by-area
decrypt_u/InvSubBytes_u/genblk1_5__InvSbox_u/genblk1_7__muxf7_lo
                   MUXF7_161    ZeroWireload
                                            tcbn28hpcplusbwp12t30p140ssg0p81v125c
                                                          automatic-by-area
decrypt_u/InvSubBytes_u/genblk1_5__InvSbox_u/genblk1_0__muxf7_hi
                   MUXF7_174    ZeroWireload
                                            tcbn28hpcplusbwp12t30p140ssg0p81v125c
                                                          automatic-by-area
decrypt_u/InvSubBytes_u/genblk1_5__InvSbox_u/t1
                   invsbox_table1_10
                                ZeroWireload
                                            tcbn28hpcplusbwp12t30p140ssg0p81v125c
                                                          automatic-by-area
decrypt_u/InvSubBytes_u/genblk1_5__InvSbox_u/genblk1_3__muxf8_u
                   MUXF8_84     ZeroWireload
                                            tcbn28hpcplusbwp12t30p140ssg0p81v125c
                                                          automatic-by-area
decrypt_u/InvSubBytes_u/genblk1_5__InvSbox_u/t2
                   invsbox_table2_10
                                ZeroWireload
                                            tcbn28hpcplusbwp12t30p140ssg0p81v125c
                                                          automatic-by-area
decrypt_u/InvSubBytes_u/genblk1_5__InvSbox_u/genblk1_1__muxf7_hi
                   MUXF7_172    ZeroWireload
                                            tcbn28hpcplusbwp12t30p140ssg0p81v125c
                                                          automatic-by-area
decrypt_u/InvSubBytes_u/genblk1_5__InvSbox_u/genblk1_2__muxf7_hi
                   MUXF7_170    ZeroWireload
                                            tcbn28hpcplusbwp12t30p140ssg0p81v125c
                                                          automatic-by-area
decrypt_u/InvSubBytes_u/genblk1_5__InvSbox_u/t3
                   invsbox_table3_10
                                ZeroWireload
                                            tcbn28hpcplusbwp12t30p140ssg0p81v125c
                                                          automatic-by-area
decrypt_u/InvSubBytes_u/genblk1_5__InvSbox_u/genblk1_5__muxf8_u
                   MUXF8_82     ZeroWireload
                                            tcbn28hpcplusbwp12t30p140ssg0p81v125c
                                                          automatic-by-area
decrypt_u/InvSubBytes_u/genblk1_5__InvSbox_u/genblk1_5__muxf7_hi
                   MUXF7_164    ZeroWireload
                                            tcbn28hpcplusbwp12t30p140ssg0p81v125c
                                                          automatic-by-area
decrypt_u/InvSubBytes_u/genblk1_5__InvSbox_u/genblk1_7__muxf8_u
                   MUXF8_80     ZeroWireload
                                            tcbn28hpcplusbwp12t30p140ssg0p81v125c
                                                          automatic-by-area
decrypt_u/InvSubBytes_u/genblk1_5__InvSbox_u/genblk1_6__muxf7_hi
                   MUXF7_162    ZeroWireload
                                            tcbn28hpcplusbwp12t30p140ssg0p81v125c
                                                          automatic-by-area
decrypt_u/InvSubBytes_u/genblk1_5__InvSbox_u/genblk1_3__muxf7_lo
                   MUXF7_169    ZeroWireload
                                            tcbn28hpcplusbwp12t30p140ssg0p81v125c
                                                          automatic-by-area
decrypt_u/InvSubBytes_u/genblk1_5__InvSbox_u/genblk1_7__muxf7_hi
                   MUXF7_160    ZeroWireload
                                            tcbn28hpcplusbwp12t30p140ssg0p81v125c
                                                          automatic-by-area
decrypt_u/InvSubBytes_u/genblk1_5__InvSbox_u/genblk1_4__muxf7_lo
                   MUXF7_167    ZeroWireload
                                            tcbn28hpcplusbwp12t30p140ssg0p81v125c
                                                          automatic-by-area
decrypt_u/InvSubBytes_u/genblk1_5__InvSbox_u/genblk1_0__muxf8_u
                   MUXF8_87     ZeroWireload
                                            tcbn28hpcplusbwp12t30p140ssg0p81v125c
                                                          automatic-by-area
decrypt_u/InvSubBytes_u/genblk1_5__InvSbox_u/genblk1_2__muxf8_u
                   MUXF8_85     ZeroWireload
                                            tcbn28hpcplusbwp12t30p140ssg0p81v125c
                                                          automatic-by-area
decrypt_u/InvSubBytes_u/genblk1_13__InvSbox_u
                   InvSbox_2    ZeroWireload
                                            tcbn28hpcplusbwp12t30p140ssg0p81v125c
                                                          automatic-by-area
decrypt_u/InvSubBytes_u/genblk1_13__InvSbox_u/genblk1_4__muxf8_u
                   MUXF8_19     ZeroWireload
                                            tcbn28hpcplusbwp12t30p140ssg0p81v125c
                                                          automatic-by-area
decrypt_u/InvSubBytes_u/genblk1_13__InvSbox_u/genblk1_3__muxf7_hi
                   MUXF7_40     ZeroWireload
                                            tcbn28hpcplusbwp12t30p140ssg0p81v125c
                                                          automatic-by-area
decrypt_u/InvSubBytes_u/genblk1_13__InvSbox_u/genblk1_0__muxf7_lo
                   MUXF7_47     ZeroWireload
                                            tcbn28hpcplusbwp12t30p140ssg0p81v125c
                                                          automatic-by-area
decrypt_u/InvSubBytes_u/genblk1_13__InvSbox_u/genblk1_4__muxf7_hi
                   MUXF7_38     ZeroWireload
                                            tcbn28hpcplusbwp12t30p140ssg0p81v125c
                                                          automatic-by-area
decrypt_u/InvSubBytes_u/genblk1_13__InvSbox_u/genblk1_1__muxf7_lo
                   MUXF7_45     ZeroWireload
                                            tcbn28hpcplusbwp12t30p140ssg0p81v125c
                                                          automatic-by-area
decrypt_u/InvSubBytes_u/genblk1_13__InvSbox_u/genblk1_6__muxf8_u
                   MUXF8_17     ZeroWireload
                                            tcbn28hpcplusbwp12t30p140ssg0p81v125c
                                                          automatic-by-area
decrypt_u/InvSubBytes_u/genblk1_13__InvSbox_u/genblk1_2__muxf7_lo
                   MUXF7_43     ZeroWireload
                                            tcbn28hpcplusbwp12t30p140ssg0p81v125c
                                                          automatic-by-area
decrypt_u/InvSubBytes_u/genblk1_13__InvSbox_u/genblk1_5__muxf7_lo
                   MUXF7_37     ZeroWireload
                                            tcbn28hpcplusbwp12t30p140ssg0p81v125c
                                                          automatic-by-area
decrypt_u/InvSubBytes_u/genblk1_13__InvSbox_u/genblk1_1__muxf8_u
                   MUXF8_22     ZeroWireload
                                            tcbn28hpcplusbwp12t30p140ssg0p81v125c
                                                          automatic-by-area
decrypt_u/InvSubBytes_u/genblk1_13__InvSbox_u/genblk1_6__muxf7_lo
                   MUXF7_35     ZeroWireload
                                            tcbn28hpcplusbwp12t30p140ssg0p81v125c
                                                          automatic-by-area
decrypt_u/InvSubBytes_u/genblk1_13__InvSbox_u/t0
                   invsbox_table0_2
                                ZeroWireload
                                            tcbn28hpcplusbwp12t30p140ssg0p81v125c
                                                          automatic-by-area
decrypt_u/InvSubBytes_u/genblk1_13__InvSbox_u/genblk1_7__muxf7_lo
                   MUXF7_33     ZeroWireload
                                            tcbn28hpcplusbwp12t30p140ssg0p81v125c
                                                          automatic-by-area
decrypt_u/InvSubBytes_u/genblk1_13__InvSbox_u/genblk1_0__muxf7_hi
                   MUXF7_46     ZeroWireload
                                            tcbn28hpcplusbwp12t30p140ssg0p81v125c
                                                          automatic-by-area
decrypt_u/InvSubBytes_u/genblk1_13__InvSbox_u/t1
                   invsbox_table1_2
                                ZeroWireload
                                            tcbn28hpcplusbwp12t30p140ssg0p81v125c
                                                          automatic-by-area
decrypt_u/InvSubBytes_u/genblk1_13__InvSbox_u/genblk1_3__muxf8_u
                   MUXF8_20     ZeroWireload
                                            tcbn28hpcplusbwp12t30p140ssg0p81v125c
                                                          automatic-by-area
decrypt_u/InvSubBytes_u/genblk1_13__InvSbox_u/t2
                   invsbox_table2_2
                                ZeroWireload
                                            tcbn28hpcplusbwp12t30p140ssg0p81v125c
                                                          automatic-by-area
decrypt_u/InvSubBytes_u/genblk1_13__InvSbox_u/genblk1_1__muxf7_hi
                   MUXF7_44     ZeroWireload
                                            tcbn28hpcplusbwp12t30p140ssg0p81v125c
                                                          automatic-by-area
decrypt_u/InvSubBytes_u/genblk1_13__InvSbox_u/genblk1_2__muxf7_hi
                   MUXF7_42     ZeroWireload
                                            tcbn28hpcplusbwp12t30p140ssg0p81v125c
                                                          automatic-by-area
decrypt_u/InvSubBytes_u/genblk1_13__InvSbox_u/t3
                   invsbox_table3_2
                                ZeroWireload
                                            tcbn28hpcplusbwp12t30p140ssg0p81v125c
                                                          automatic-by-area
decrypt_u/InvSubBytes_u/genblk1_13__InvSbox_u/genblk1_5__muxf8_u
                   MUXF8_18     ZeroWireload
                                            tcbn28hpcplusbwp12t30p140ssg0p81v125c
                                                          automatic-by-area
decrypt_u/InvSubBytes_u/genblk1_13__InvSbox_u/genblk1_5__muxf7_hi
                   MUXF7_36     ZeroWireload
                                            tcbn28hpcplusbwp12t30p140ssg0p81v125c
                                                          automatic-by-area
decrypt_u/InvSubBytes_u/genblk1_13__InvSbox_u/genblk1_7__muxf8_u
                   MUXF8_16     ZeroWireload
                                            tcbn28hpcplusbwp12t30p140ssg0p81v125c
                                                          automatic-by-area
decrypt_u/InvSubBytes_u/genblk1_13__InvSbox_u/genblk1_6__muxf7_hi
                   MUXF7_34     ZeroWireload
                                            tcbn28hpcplusbwp12t30p140ssg0p81v125c
                                                          automatic-by-area
decrypt_u/InvSubBytes_u/genblk1_13__InvSbox_u/genblk1_3__muxf7_lo
                   MUXF7_41     ZeroWireload
                                            tcbn28hpcplusbwp12t30p140ssg0p81v125c
                                                          automatic-by-area
decrypt_u/InvSubBytes_u/genblk1_13__InvSbox_u/genblk1_7__muxf7_hi
                   MUXF7_32     ZeroWireload
                                            tcbn28hpcplusbwp12t30p140ssg0p81v125c
                                                          automatic-by-area
decrypt_u/InvSubBytes_u/genblk1_13__InvSbox_u/genblk1_4__muxf7_lo
                   MUXF7_39     ZeroWireload
                                            tcbn28hpcplusbwp12t30p140ssg0p81v125c
                                                          automatic-by-area
decrypt_u/InvSubBytes_u/genblk1_13__InvSbox_u/genblk1_0__muxf8_u
                   MUXF8_23     ZeroWireload
                                            tcbn28hpcplusbwp12t30p140ssg0p81v125c
                                                          automatic-by-area
decrypt_u/InvSubBytes_u/genblk1_13__InvSbox_u/genblk1_2__muxf8_u
                   MUXF8_21     ZeroWireload
                                            tcbn28hpcplusbwp12t30p140ssg0p81v125c
                                                          automatic-by-area
decrypt_u/InvSubBytes_u/genblk1_2__InvSbox_u
                   InvSbox_13   ZeroWireload
                                            tcbn28hpcplusbwp12t30p140ssg0p81v125c
                                                          automatic-by-area
decrypt_u/InvSubBytes_u/genblk1_2__InvSbox_u/genblk1_4__muxf8_u
                   MUXF8_107    ZeroWireload
                                            tcbn28hpcplusbwp12t30p140ssg0p81v125c
                                                          automatic-by-area
decrypt_u/InvSubBytes_u/genblk1_2__InvSbox_u/genblk1_3__muxf7_hi
                   MUXF7_216    ZeroWireload
                                            tcbn28hpcplusbwp12t30p140ssg0p81v125c
                                                          automatic-by-area
decrypt_u/InvSubBytes_u/genblk1_2__InvSbox_u/genblk1_0__muxf7_lo
                   MUXF7_223    ZeroWireload
                                            tcbn28hpcplusbwp12t30p140ssg0p81v125c
                                                          automatic-by-area
decrypt_u/InvSubBytes_u/genblk1_2__InvSbox_u/genblk1_4__muxf7_hi
                   MUXF7_214    ZeroWireload
                                            tcbn28hpcplusbwp12t30p140ssg0p81v125c
                                                          automatic-by-area
decrypt_u/InvSubBytes_u/genblk1_2__InvSbox_u/genblk1_1__muxf7_lo
                   MUXF7_221    ZeroWireload
                                            tcbn28hpcplusbwp12t30p140ssg0p81v125c
                                                          automatic-by-area
decrypt_u/InvSubBytes_u/genblk1_2__InvSbox_u/genblk1_6__muxf8_u
                   MUXF8_105    ZeroWireload
                                            tcbn28hpcplusbwp12t30p140ssg0p81v125c
                                                          automatic-by-area
decrypt_u/InvSubBytes_u/genblk1_2__InvSbox_u/genblk1_2__muxf7_lo
                   MUXF7_219    ZeroWireload
                                            tcbn28hpcplusbwp12t30p140ssg0p81v125c
                                                          automatic-by-area
decrypt_u/InvSubBytes_u/genblk1_2__InvSbox_u/genblk1_5__muxf7_lo
                   MUXF7_213    ZeroWireload
                                            tcbn28hpcplusbwp12t30p140ssg0p81v125c
                                                          automatic-by-area
decrypt_u/InvSubBytes_u/genblk1_2__InvSbox_u/genblk1_1__muxf8_u
                   MUXF8_110    ZeroWireload
                                            tcbn28hpcplusbwp12t30p140ssg0p81v125c
                                                          automatic-by-area
decrypt_u/InvSubBytes_u/genblk1_2__InvSbox_u/genblk1_6__muxf7_lo
                   MUXF7_211    ZeroWireload
                                            tcbn28hpcplusbwp12t30p140ssg0p81v125c
                                                          automatic-by-area
decrypt_u/InvSubBytes_u/genblk1_2__InvSbox_u/t0
                   invsbox_table0_13
                                ZeroWireload
                                            tcbn28hpcplusbwp12t30p140ssg0p81v125c
                                                          automatic-by-area
decrypt_u/InvSubBytes_u/genblk1_2__InvSbox_u/genblk1_7__muxf7_lo
                   MUXF7_209    ZeroWireload
                                            tcbn28hpcplusbwp12t30p140ssg0p81v125c
                                                          automatic-by-area
decrypt_u/InvSubBytes_u/genblk1_2__InvSbox_u/genblk1_0__muxf7_hi
                   MUXF7_222    ZeroWireload
                                            tcbn28hpcplusbwp12t30p140ssg0p81v125c
                                                          automatic-by-area
decrypt_u/InvSubBytes_u/genblk1_2__InvSbox_u/t1
                   invsbox_table1_13
                                ZeroWireload
                                            tcbn28hpcplusbwp12t30p140ssg0p81v125c
                                                          automatic-by-area
decrypt_u/InvSubBytes_u/genblk1_2__InvSbox_u/genblk1_3__muxf8_u
                   MUXF8_108    ZeroWireload
                                            tcbn28hpcplusbwp12t30p140ssg0p81v125c
                                                          automatic-by-area
decrypt_u/InvSubBytes_u/genblk1_2__InvSbox_u/t2
                   invsbox_table2_13
                                ZeroWireload
                                            tcbn28hpcplusbwp12t30p140ssg0p81v125c
                                                          automatic-by-area
decrypt_u/InvSubBytes_u/genblk1_2__InvSbox_u/genblk1_1__muxf7_hi
                   MUXF7_220    ZeroWireload
                                            tcbn28hpcplusbwp12t30p140ssg0p81v125c
                                                          automatic-by-area
decrypt_u/InvSubBytes_u/genblk1_2__InvSbox_u/genblk1_2__muxf7_hi
                   MUXF7_218    ZeroWireload
                                            tcbn28hpcplusbwp12t30p140ssg0p81v125c
                                                          automatic-by-area
decrypt_u/InvSubBytes_u/genblk1_2__InvSbox_u/t3
                   invsbox_table3_13
                                ZeroWireload
                                            tcbn28hpcplusbwp12t30p140ssg0p81v125c
                                                          automatic-by-area
decrypt_u/InvSubBytes_u/genblk1_2__InvSbox_u/genblk1_5__muxf8_u
                   MUXF8_106    ZeroWireload
                                            tcbn28hpcplusbwp12t30p140ssg0p81v125c
                                                          automatic-by-area
decrypt_u/InvSubBytes_u/genblk1_2__InvSbox_u/genblk1_5__muxf7_hi
                   MUXF7_212    ZeroWireload
                                            tcbn28hpcplusbwp12t30p140ssg0p81v125c
                                                          automatic-by-area
decrypt_u/InvSubBytes_u/genblk1_2__InvSbox_u/genblk1_7__muxf8_u
                   MUXF8_104    ZeroWireload
                                            tcbn28hpcplusbwp12t30p140ssg0p81v125c
                                                          automatic-by-area
decrypt_u/InvSubBytes_u/genblk1_2__InvSbox_u/genblk1_6__muxf7_hi
                   MUXF7_210    ZeroWireload
                                            tcbn28hpcplusbwp12t30p140ssg0p81v125c
                                                          automatic-by-area
decrypt_u/InvSubBytes_u/genblk1_2__InvSbox_u/genblk1_3__muxf7_lo
                   MUXF7_217    ZeroWireload
                                            tcbn28hpcplusbwp12t30p140ssg0p81v125c
                                                          automatic-by-area
decrypt_u/InvSubBytes_u/genblk1_2__InvSbox_u/genblk1_7__muxf7_hi
                   MUXF7_208    ZeroWireload
                                            tcbn28hpcplusbwp12t30p140ssg0p81v125c
                                                          automatic-by-area
decrypt_u/InvSubBytes_u/genblk1_2__InvSbox_u/genblk1_4__muxf7_lo
                   MUXF7_215    ZeroWireload
                                            tcbn28hpcplusbwp12t30p140ssg0p81v125c
                                                          automatic-by-area
decrypt_u/InvSubBytes_u/genblk1_2__InvSbox_u/genblk1_0__muxf8_u
                   MUXF8_111    ZeroWireload
                                            tcbn28hpcplusbwp12t30p140ssg0p81v125c
                                                          automatic-by-area
decrypt_u/InvSubBytes_u/genblk1_2__InvSbox_u/genblk1_2__muxf8_u
                   MUXF8_109    ZeroWireload
                                            tcbn28hpcplusbwp12t30p140ssg0p81v125c
                                                          automatic-by-area
decrypt_u/InvSubBytes_u/genblk1_10__InvSbox_u
                   InvSbox_5    ZeroWireload
                                            tcbn28hpcplusbwp12t30p140ssg0p81v125c
                                                          automatic-by-area
decrypt_u/InvSubBytes_u/genblk1_10__InvSbox_u/genblk1_4__muxf8_u
                   MUXF8_43     ZeroWireload
                                            tcbn28hpcplusbwp12t30p140ssg0p81v125c
                                                          automatic-by-area
decrypt_u/InvSubBytes_u/genblk1_10__InvSbox_u/genblk1_3__muxf7_hi
                   MUXF7_88     ZeroWireload
                                            tcbn28hpcplusbwp12t30p140ssg0p81v125c
                                                          automatic-by-area
decrypt_u/InvSubBytes_u/genblk1_10__InvSbox_u/genblk1_0__muxf7_lo
                   MUXF7_95     ZeroWireload
                                            tcbn28hpcplusbwp12t30p140ssg0p81v125c
                                                          automatic-by-area
decrypt_u/InvSubBytes_u/genblk1_10__InvSbox_u/genblk1_4__muxf7_hi
                   MUXF7_86     ZeroWireload
                                            tcbn28hpcplusbwp12t30p140ssg0p81v125c
                                                          automatic-by-area
decrypt_u/InvSubBytes_u/genblk1_10__InvSbox_u/genblk1_1__muxf7_lo
                   MUXF7_93     ZeroWireload
                                            tcbn28hpcplusbwp12t30p140ssg0p81v125c
                                                          automatic-by-area
decrypt_u/InvSubBytes_u/genblk1_10__InvSbox_u/genblk1_6__muxf8_u
                   MUXF8_41     ZeroWireload
                                            tcbn28hpcplusbwp12t30p140ssg0p81v125c
                                                          automatic-by-area
decrypt_u/InvSubBytes_u/genblk1_10__InvSbox_u/genblk1_2__muxf7_lo
                   MUXF7_91     ZeroWireload
                                            tcbn28hpcplusbwp12t30p140ssg0p81v125c
                                                          automatic-by-area
decrypt_u/InvSubBytes_u/genblk1_10__InvSbox_u/genblk1_5__muxf7_lo
                   MUXF7_85     ZeroWireload
                                            tcbn28hpcplusbwp12t30p140ssg0p81v125c
                                                          automatic-by-area
decrypt_u/InvSubBytes_u/genblk1_10__InvSbox_u/genblk1_1__muxf8_u
                   MUXF8_46     ZeroWireload
                                            tcbn28hpcplusbwp12t30p140ssg0p81v125c
                                                          automatic-by-area
decrypt_u/InvSubBytes_u/genblk1_10__InvSbox_u/genblk1_6__muxf7_lo
                   MUXF7_83     ZeroWireload
                                            tcbn28hpcplusbwp12t30p140ssg0p81v125c
                                                          automatic-by-area
decrypt_u/InvSubBytes_u/genblk1_10__InvSbox_u/t0
                   invsbox_table0_5
                                ZeroWireload
                                            tcbn28hpcplusbwp12t30p140ssg0p81v125c
                                                          automatic-by-area
decrypt_u/InvSubBytes_u/genblk1_10__InvSbox_u/genblk1_7__muxf7_lo
                   MUXF7_81     ZeroWireload
                                            tcbn28hpcplusbwp12t30p140ssg0p81v125c
                                                          automatic-by-area
decrypt_u/InvSubBytes_u/genblk1_10__InvSbox_u/genblk1_0__muxf7_hi
                   MUXF7_94     ZeroWireload
                                            tcbn28hpcplusbwp12t30p140ssg0p81v125c
                                                          automatic-by-area
decrypt_u/InvSubBytes_u/genblk1_10__InvSbox_u/t1
                   invsbox_table1_5
                                ZeroWireload
                                            tcbn28hpcplusbwp12t30p140ssg0p81v125c
                                                          automatic-by-area
decrypt_u/InvSubBytes_u/genblk1_10__InvSbox_u/genblk1_3__muxf8_u
                   MUXF8_44     ZeroWireload
                                            tcbn28hpcplusbwp12t30p140ssg0p81v125c
                                                          automatic-by-area
decrypt_u/InvSubBytes_u/genblk1_10__InvSbox_u/t2
                   invsbox_table2_5
                                ZeroWireload
                                            tcbn28hpcplusbwp12t30p140ssg0p81v125c
                                                          automatic-by-area
decrypt_u/InvSubBytes_u/genblk1_10__InvSbox_u/genblk1_1__muxf7_hi
                   MUXF7_92     ZeroWireload
                                            tcbn28hpcplusbwp12t30p140ssg0p81v125c
                                                          automatic-by-area
decrypt_u/InvSubBytes_u/genblk1_10__InvSbox_u/genblk1_2__muxf7_hi
                   MUXF7_90     ZeroWireload
                                            tcbn28hpcplusbwp12t30p140ssg0p81v125c
                                                          automatic-by-area
decrypt_u/InvSubBytes_u/genblk1_10__InvSbox_u/t3
                   invsbox_table3_5
                                ZeroWireload
                                            tcbn28hpcplusbwp12t30p140ssg0p81v125c
                                                          automatic-by-area
decrypt_u/InvSubBytes_u/genblk1_10__InvSbox_u/genblk1_5__muxf8_u
                   MUXF8_42     ZeroWireload
                                            tcbn28hpcplusbwp12t30p140ssg0p81v125c
                                                          automatic-by-area
decrypt_u/InvSubBytes_u/genblk1_10__InvSbox_u/genblk1_5__muxf7_hi
                   MUXF7_84     ZeroWireload
                                            tcbn28hpcplusbwp12t30p140ssg0p81v125c
                                                          automatic-by-area
decrypt_u/InvSubBytes_u/genblk1_10__InvSbox_u/genblk1_7__muxf8_u
                   MUXF8_40     ZeroWireload
                                            tcbn28hpcplusbwp12t30p140ssg0p81v125c
                                                          automatic-by-area
decrypt_u/InvSubBytes_u/genblk1_10__InvSbox_u/genblk1_6__muxf7_hi
                   MUXF7_82     ZeroWireload
                                            tcbn28hpcplusbwp12t30p140ssg0p81v125c
                                                          automatic-by-area
decrypt_u/InvSubBytes_u/genblk1_10__InvSbox_u/genblk1_3__muxf7_lo
                   MUXF7_89     ZeroWireload
                                            tcbn28hpcplusbwp12t30p140ssg0p81v125c
                                                          automatic-by-area
decrypt_u/InvSubBytes_u/genblk1_10__InvSbox_u/genblk1_7__muxf7_hi
                   MUXF7_80     ZeroWireload
                                            tcbn28hpcplusbwp12t30p140ssg0p81v125c
                                                          automatic-by-area
decrypt_u/InvSubBytes_u/genblk1_10__InvSbox_u/genblk1_4__muxf7_lo
                   MUXF7_87     ZeroWireload
                                            tcbn28hpcplusbwp12t30p140ssg0p81v125c
                                                          automatic-by-area
decrypt_u/InvSubBytes_u/genblk1_10__InvSbox_u/genblk1_0__muxf8_u
                   MUXF8_47     ZeroWireload
                                            tcbn28hpcplusbwp12t30p140ssg0p81v125c
                                                          automatic-by-area
decrypt_u/InvSubBytes_u/genblk1_10__InvSbox_u/genblk1_2__muxf8_u
                   MUXF8_45     ZeroWireload
                                            tcbn28hpcplusbwp12t30p140ssg0p81v125c
                                                          automatic-by-area
decrypt_u/InvSubBytes_u/genblk1_7__InvSbox_u
                   InvSbox_8    ZeroWireload
                                            tcbn28hpcplusbwp12t30p140ssg0p81v125c
                                                          automatic-by-area
decrypt_u/InvSubBytes_u/genblk1_7__InvSbox_u/genblk1_4__muxf8_u
                   MUXF8_67     ZeroWireload
                                            tcbn28hpcplusbwp12t30p140ssg0p81v125c
                                                          automatic-by-area
decrypt_u/InvSubBytes_u/genblk1_7__InvSbox_u/genblk1_3__muxf7_hi
                   MUXF7_136    ZeroWireload
                                            tcbn28hpcplusbwp12t30p140ssg0p81v125c
                                                          automatic-by-area
decrypt_u/InvSubBytes_u/genblk1_7__InvSbox_u/genblk1_0__muxf7_lo
                   MUXF7_143    ZeroWireload
                                            tcbn28hpcplusbwp12t30p140ssg0p81v125c
                                                          automatic-by-area
decrypt_u/InvSubBytes_u/genblk1_7__InvSbox_u/genblk1_4__muxf7_hi
                   MUXF7_134    ZeroWireload
                                            tcbn28hpcplusbwp12t30p140ssg0p81v125c
                                                          automatic-by-area
decrypt_u/InvSubBytes_u/genblk1_7__InvSbox_u/genblk1_1__muxf7_lo
                   MUXF7_141    ZeroWireload
                                            tcbn28hpcplusbwp12t30p140ssg0p81v125c
                                                          automatic-by-area
decrypt_u/InvSubBytes_u/genblk1_7__InvSbox_u/genblk1_6__muxf8_u
                   MUXF8_65     ZeroWireload
                                            tcbn28hpcplusbwp12t30p140ssg0p81v125c
                                                          automatic-by-area
decrypt_u/InvSubBytes_u/genblk1_7__InvSbox_u/genblk1_2__muxf7_lo
                   MUXF7_139    ZeroWireload
                                            tcbn28hpcplusbwp12t30p140ssg0p81v125c
                                                          automatic-by-area
decrypt_u/InvSubBytes_u/genblk1_7__InvSbox_u/genblk1_5__muxf7_lo
                   MUXF7_133    ZeroWireload
                                            tcbn28hpcplusbwp12t30p140ssg0p81v125c
                                                          automatic-by-area
decrypt_u/InvSubBytes_u/genblk1_7__InvSbox_u/genblk1_1__muxf8_u
                   MUXF8_70     ZeroWireload
                                            tcbn28hpcplusbwp12t30p140ssg0p81v125c
                                                          automatic-by-area
decrypt_u/InvSubBytes_u/genblk1_7__InvSbox_u/genblk1_6__muxf7_lo
                   MUXF7_131    ZeroWireload
                                            tcbn28hpcplusbwp12t30p140ssg0p81v125c
                                                          automatic-by-area
decrypt_u/InvSubBytes_u/genblk1_7__InvSbox_u/t0
                   invsbox_table0_8
                                ZeroWireload
                                            tcbn28hpcplusbwp12t30p140ssg0p81v125c
                                                          automatic-by-area
decrypt_u/InvSubBytes_u/genblk1_7__InvSbox_u/genblk1_7__muxf7_lo
                   MUXF7_129    ZeroWireload
                                            tcbn28hpcplusbwp12t30p140ssg0p81v125c
                                                          automatic-by-area
decrypt_u/InvSubBytes_u/genblk1_7__InvSbox_u/genblk1_0__muxf7_hi
                   MUXF7_142    ZeroWireload
                                            tcbn28hpcplusbwp12t30p140ssg0p81v125c
                                                          automatic-by-area
decrypt_u/InvSubBytes_u/genblk1_7__InvSbox_u/t1
                   invsbox_table1_8
                                ZeroWireload
                                            tcbn28hpcplusbwp12t30p140ssg0p81v125c
                                                          automatic-by-area
decrypt_u/InvSubBytes_u/genblk1_7__InvSbox_u/genblk1_3__muxf8_u
                   MUXF8_68     ZeroWireload
                                            tcbn28hpcplusbwp12t30p140ssg0p81v125c
                                                          automatic-by-area
decrypt_u/InvSubBytes_u/genblk1_7__InvSbox_u/t2
                   invsbox_table2_8
                                ZeroWireload
                                            tcbn28hpcplusbwp12t30p140ssg0p81v125c
                                                          automatic-by-area
decrypt_u/InvSubBytes_u/genblk1_7__InvSbox_u/genblk1_1__muxf7_hi
                   MUXF7_140    ZeroWireload
                                            tcbn28hpcplusbwp12t30p140ssg0p81v125c
                                                          automatic-by-area
decrypt_u/InvSubBytes_u/genblk1_7__InvSbox_u/genblk1_2__muxf7_hi
                   MUXF7_138    ZeroWireload
                                            tcbn28hpcplusbwp12t30p140ssg0p81v125c
                                                          automatic-by-area
decrypt_u/InvSubBytes_u/genblk1_7__InvSbox_u/t3
                   invsbox_table3_8
                                ZeroWireload
                                            tcbn28hpcplusbwp12t30p140ssg0p81v125c
                                                          automatic-by-area
decrypt_u/InvSubBytes_u/genblk1_7__InvSbox_u/genblk1_5__muxf8_u
                   MUXF8_66     ZeroWireload
                                            tcbn28hpcplusbwp12t30p140ssg0p81v125c
                                                          automatic-by-area
decrypt_u/InvSubBytes_u/genblk1_7__InvSbox_u/genblk1_5__muxf7_hi
                   MUXF7_132    ZeroWireload
                                            tcbn28hpcplusbwp12t30p140ssg0p81v125c
                                                          automatic-by-area
decrypt_u/InvSubBytes_u/genblk1_7__InvSbox_u/genblk1_7__muxf8_u
                   MUXF8_64     ZeroWireload
                                            tcbn28hpcplusbwp12t30p140ssg0p81v125c
                                                          automatic-by-area
decrypt_u/InvSubBytes_u/genblk1_7__InvSbox_u/genblk1_6__muxf7_hi
                   MUXF7_130    ZeroWireload
                                            tcbn28hpcplusbwp12t30p140ssg0p81v125c
                                                          automatic-by-area
decrypt_u/InvSubBytes_u/genblk1_7__InvSbox_u/genblk1_3__muxf7_lo
                   MUXF7_137    ZeroWireload
                                            tcbn28hpcplusbwp12t30p140ssg0p81v125c
                                                          automatic-by-area
decrypt_u/InvSubBytes_u/genblk1_7__InvSbox_u/genblk1_7__muxf7_hi
                   MUXF7_128    ZeroWireload
                                            tcbn28hpcplusbwp12t30p140ssg0p81v125c
                                                          automatic-by-area
decrypt_u/InvSubBytes_u/genblk1_7__InvSbox_u/genblk1_4__muxf7_lo
                   MUXF7_135    ZeroWireload
                                            tcbn28hpcplusbwp12t30p140ssg0p81v125c
                                                          automatic-by-area
decrypt_u/InvSubBytes_u/genblk1_7__InvSbox_u/genblk1_0__muxf8_u
                   MUXF8_71     ZeroWireload
                                            tcbn28hpcplusbwp12t30p140ssg0p81v125c
                                                          automatic-by-area
decrypt_u/InvSubBytes_u/genblk1_7__InvSbox_u/genblk1_2__muxf8_u
                   MUXF8_69     ZeroWireload
                                            tcbn28hpcplusbwp12t30p140ssg0p81v125c
                                                          automatic-by-area
decrypt_u/InvSubBytes_u/genblk1_15__InvSbox_u
                   InvSbox_0    ZeroWireload
                                            tcbn28hpcplusbwp12t30p140ssg0p81v125c
                                                          automatic-by-area
decrypt_u/InvSubBytes_u/genblk1_15__InvSbox_u/genblk1_4__muxf8_u
                   MUXF8_3      ZeroWireload
                                            tcbn28hpcplusbwp12t30p140ssg0p81v125c
                                                          automatic-by-area
decrypt_u/InvSubBytes_u/genblk1_15__InvSbox_u/genblk1_3__muxf7_hi
                   MUXF7_8      ZeroWireload
                                            tcbn28hpcplusbwp12t30p140ssg0p81v125c
                                                          automatic-by-area
decrypt_u/InvSubBytes_u/genblk1_15__InvSbox_u/genblk1_0__muxf7_lo
                   MUXF7_15     ZeroWireload
                                            tcbn28hpcplusbwp12t30p140ssg0p81v125c
                                                          automatic-by-area
decrypt_u/InvSubBytes_u/genblk1_15__InvSbox_u/genblk1_4__muxf7_hi
                   MUXF7_6      ZeroWireload
                                            tcbn28hpcplusbwp12t30p140ssg0p81v125c
                                                          automatic-by-area
decrypt_u/InvSubBytes_u/genblk1_15__InvSbox_u/genblk1_1__muxf7_lo
                   MUXF7_13     ZeroWireload
                                            tcbn28hpcplusbwp12t30p140ssg0p81v125c
                                                          automatic-by-area
decrypt_u/InvSubBytes_u/genblk1_15__InvSbox_u/genblk1_6__muxf8_u
                   MUXF8_1      ZeroWireload
                                            tcbn28hpcplusbwp12t30p140ssg0p81v125c
                                                          automatic-by-area
decrypt_u/InvSubBytes_u/genblk1_15__InvSbox_u/genblk1_2__muxf7_lo
                   MUXF7_11     ZeroWireload
                                            tcbn28hpcplusbwp12t30p140ssg0p81v125c
                                                          automatic-by-area
decrypt_u/InvSubBytes_u/genblk1_15__InvSbox_u/genblk1_5__muxf7_lo
                   MUXF7_5      ZeroWireload
                                            tcbn28hpcplusbwp12t30p140ssg0p81v125c
                                                          automatic-by-area
decrypt_u/InvSubBytes_u/genblk1_15__InvSbox_u/genblk1_1__muxf8_u
                   MUXF8_6      ZeroWireload
                                            tcbn28hpcplusbwp12t30p140ssg0p81v125c
                                                          automatic-by-area
decrypt_u/InvSubBytes_u/genblk1_15__InvSbox_u/genblk1_6__muxf7_lo
                   MUXF7_3      ZeroWireload
                                            tcbn28hpcplusbwp12t30p140ssg0p81v125c
                                                          automatic-by-area
decrypt_u/InvSubBytes_u/genblk1_15__InvSbox_u/t0
                   invsbox_table0_0
                                ZeroWireload
                                            tcbn28hpcplusbwp12t30p140ssg0p81v125c
                                                          automatic-by-area
decrypt_u/InvSubBytes_u/genblk1_15__InvSbox_u/genblk1_7__muxf7_lo
                   MUXF7_1      ZeroWireload
                                            tcbn28hpcplusbwp12t30p140ssg0p81v125c
                                                          automatic-by-area
decrypt_u/InvSubBytes_u/genblk1_15__InvSbox_u/genblk1_0__muxf7_hi
                   MUXF7_14     ZeroWireload
                                            tcbn28hpcplusbwp12t30p140ssg0p81v125c
                                                          automatic-by-area
decrypt_u/InvSubBytes_u/genblk1_15__InvSbox_u/t1
                   invsbox_table1_0
                                ZeroWireload
                                            tcbn28hpcplusbwp12t30p140ssg0p81v125c
                                                          automatic-by-area
decrypt_u/InvSubBytes_u/genblk1_15__InvSbox_u/genblk1_3__muxf8_u
                   MUXF8_4      ZeroWireload
                                            tcbn28hpcplusbwp12t30p140ssg0p81v125c
                                                          automatic-by-area
decrypt_u/InvSubBytes_u/genblk1_15__InvSbox_u/t2
                   invsbox_table2_0
                                ZeroWireload
                                            tcbn28hpcplusbwp12t30p140ssg0p81v125c
                                                          automatic-by-area
decrypt_u/InvSubBytes_u/genblk1_15__InvSbox_u/genblk1_1__muxf7_hi
                   MUXF7_12     ZeroWireload
                                            tcbn28hpcplusbwp12t30p140ssg0p81v125c
                                                          automatic-by-area
decrypt_u/InvSubBytes_u/genblk1_15__InvSbox_u/genblk1_2__muxf7_hi
                   MUXF7_10     ZeroWireload
                                            tcbn28hpcplusbwp12t30p140ssg0p81v125c
                                                          automatic-by-area
decrypt_u/InvSubBytes_u/genblk1_15__InvSbox_u/t3
                   invsbox_table3_0
                                ZeroWireload
                                            tcbn28hpcplusbwp12t30p140ssg0p81v125c
                                                          automatic-by-area
decrypt_u/InvSubBytes_u/genblk1_15__InvSbox_u/genblk1_5__muxf8_u
                   MUXF8_2      ZeroWireload
                                            tcbn28hpcplusbwp12t30p140ssg0p81v125c
                                                          automatic-by-area
decrypt_u/InvSubBytes_u/genblk1_15__InvSbox_u/genblk1_5__muxf7_hi
                   MUXF7_4      ZeroWireload
                                            tcbn28hpcplusbwp12t30p140ssg0p81v125c
                                                          automatic-by-area
decrypt_u/InvSubBytes_u/genblk1_15__InvSbox_u/genblk1_7__muxf8_u
                   MUXF8_0      ZeroWireload
                                            tcbn28hpcplusbwp12t30p140ssg0p81v125c
                                                          automatic-by-area
decrypt_u/InvSubBytes_u/genblk1_15__InvSbox_u/genblk1_6__muxf7_hi
                   MUXF7_2      ZeroWireload
                                            tcbn28hpcplusbwp12t30p140ssg0p81v125c
                                                          automatic-by-area
decrypt_u/InvSubBytes_u/genblk1_15__InvSbox_u/genblk1_3__muxf7_lo
                   MUXF7_9      ZeroWireload
                                            tcbn28hpcplusbwp12t30p140ssg0p81v125c
                                                          automatic-by-area
decrypt_u/InvSubBytes_u/genblk1_15__InvSbox_u/genblk1_7__muxf7_hi
                   MUXF7_0      ZeroWireload
                                            tcbn28hpcplusbwp12t30p140ssg0p81v125c
                                                          automatic-by-area
decrypt_u/InvSubBytes_u/genblk1_15__InvSbox_u/genblk1_4__muxf7_lo
                   MUXF7_7      ZeroWireload
                                            tcbn28hpcplusbwp12t30p140ssg0p81v125c
                                                          automatic-by-area
decrypt_u/InvSubBytes_u/genblk1_15__InvSbox_u/genblk1_0__muxf8_u
                   MUXF8_7      ZeroWireload
                                            tcbn28hpcplusbwp12t30p140ssg0p81v125c
                                                          automatic-by-area
decrypt_u/InvSubBytes_u/genblk1_15__InvSbox_u/genblk1_2__muxf8_u
                   MUXF8_5      ZeroWireload
                                            tcbn28hpcplusbwp12t30p140ssg0p81v125c
                                                          automatic-by-area
decrypt_u/InvSubBytes_u/genblk1_4__InvSbox_u
                   InvSbox_11   ZeroWireload
                                            tcbn28hpcplusbwp12t30p140ssg0p81v125c
                                                          automatic-by-area
decrypt_u/InvSubBytes_u/genblk1_4__InvSbox_u/genblk1_4__muxf8_u
                   MUXF8_91     ZeroWireload
                                            tcbn28hpcplusbwp12t30p140ssg0p81v125c
                                                          automatic-by-area
decrypt_u/InvSubBytes_u/genblk1_4__InvSbox_u/genblk1_3__muxf7_hi
                   MUXF7_184    ZeroWireload
                                            tcbn28hpcplusbwp12t30p140ssg0p81v125c
                                                          automatic-by-area
decrypt_u/InvSubBytes_u/genblk1_4__InvSbox_u/genblk1_0__muxf7_lo
                   MUXF7_191    ZeroWireload
                                            tcbn28hpcplusbwp12t30p140ssg0p81v125c
                                                          automatic-by-area
decrypt_u/InvSubBytes_u/genblk1_4__InvSbox_u/genblk1_4__muxf7_hi
                   MUXF7_182    ZeroWireload
                                            tcbn28hpcplusbwp12t30p140ssg0p81v125c
                                                          automatic-by-area
decrypt_u/InvSubBytes_u/genblk1_4__InvSbox_u/genblk1_1__muxf7_lo
                   MUXF7_189    ZeroWireload
                                            tcbn28hpcplusbwp12t30p140ssg0p81v125c
                                                          automatic-by-area
decrypt_u/InvSubBytes_u/genblk1_4__InvSbox_u/genblk1_6__muxf8_u
                   MUXF8_89     ZeroWireload
                                            tcbn28hpcplusbwp12t30p140ssg0p81v125c
                                                          automatic-by-area
decrypt_u/InvSubBytes_u/genblk1_4__InvSbox_u/genblk1_2__muxf7_lo
                   MUXF7_187    ZeroWireload
                                            tcbn28hpcplusbwp12t30p140ssg0p81v125c
                                                          automatic-by-area
decrypt_u/InvSubBytes_u/genblk1_4__InvSbox_u/genblk1_5__muxf7_lo
                   MUXF7_181    ZeroWireload
                                            tcbn28hpcplusbwp12t30p140ssg0p81v125c
                                                          automatic-by-area
decrypt_u/InvSubBytes_u/genblk1_4__InvSbox_u/genblk1_1__muxf8_u
                   MUXF8_94     ZeroWireload
                                            tcbn28hpcplusbwp12t30p140ssg0p81v125c
                                                          automatic-by-area
decrypt_u/InvSubBytes_u/genblk1_4__InvSbox_u/genblk1_6__muxf7_lo
                   MUXF7_179    ZeroWireload
                                            tcbn28hpcplusbwp12t30p140ssg0p81v125c
                                                          automatic-by-area
decrypt_u/InvSubBytes_u/genblk1_4__InvSbox_u/t0
                   invsbox_table0_11
                                ZeroWireload
                                            tcbn28hpcplusbwp12t30p140ssg0p81v125c
                                                          automatic-by-area
decrypt_u/InvSubBytes_u/genblk1_4__InvSbox_u/genblk1_7__muxf7_lo
                   MUXF7_177    ZeroWireload
                                            tcbn28hpcplusbwp12t30p140ssg0p81v125c
                                                          automatic-by-area
decrypt_u/InvSubBytes_u/genblk1_4__InvSbox_u/genblk1_0__muxf7_hi
                   MUXF7_190    ZeroWireload
                                            tcbn28hpcplusbwp12t30p140ssg0p81v125c
                                                          automatic-by-area
decrypt_u/InvSubBytes_u/genblk1_4__InvSbox_u/t1
                   invsbox_table1_11
                                ZeroWireload
                                            tcbn28hpcplusbwp12t30p140ssg0p81v125c
                                                          automatic-by-area
decrypt_u/InvSubBytes_u/genblk1_4__InvSbox_u/genblk1_3__muxf8_u
                   MUXF8_92     ZeroWireload
                                            tcbn28hpcplusbwp12t30p140ssg0p81v125c
                                                          automatic-by-area
decrypt_u/InvSubBytes_u/genblk1_4__InvSbox_u/t2
                   invsbox_table2_11
                                ZeroWireload
                                            tcbn28hpcplusbwp12t30p140ssg0p81v125c
                                                          automatic-by-area
decrypt_u/InvSubBytes_u/genblk1_4__InvSbox_u/genblk1_1__muxf7_hi
                   MUXF7_188    ZeroWireload
                                            tcbn28hpcplusbwp12t30p140ssg0p81v125c
                                                          automatic-by-area
decrypt_u/InvSubBytes_u/genblk1_4__InvSbox_u/genblk1_2__muxf7_hi
                   MUXF7_186    ZeroWireload
                                            tcbn28hpcplusbwp12t30p140ssg0p81v125c
                                                          automatic-by-area
decrypt_u/InvSubBytes_u/genblk1_4__InvSbox_u/t3
                   invsbox_table3_11
                                ZeroWireload
                                            tcbn28hpcplusbwp12t30p140ssg0p81v125c
                                                          automatic-by-area
decrypt_u/InvSubBytes_u/genblk1_4__InvSbox_u/genblk1_5__muxf8_u
                   MUXF8_90     ZeroWireload
                                            tcbn28hpcplusbwp12t30p140ssg0p81v125c
                                                          automatic-by-area
decrypt_u/InvSubBytes_u/genblk1_4__InvSbox_u/genblk1_5__muxf7_hi
                   MUXF7_180    ZeroWireload
                                            tcbn28hpcplusbwp12t30p140ssg0p81v125c
                                                          automatic-by-area
decrypt_u/InvSubBytes_u/genblk1_4__InvSbox_u/genblk1_7__muxf8_u
                   MUXF8_88     ZeroWireload
                                            tcbn28hpcplusbwp12t30p140ssg0p81v125c
                                                          automatic-by-area
decrypt_u/InvSubBytes_u/genblk1_4__InvSbox_u/genblk1_6__muxf7_hi
                   MUXF7_178    ZeroWireload
                                            tcbn28hpcplusbwp12t30p140ssg0p81v125c
                                                          automatic-by-area
decrypt_u/InvSubBytes_u/genblk1_4__InvSbox_u/genblk1_3__muxf7_lo
                   MUXF7_185    ZeroWireload
                                            tcbn28hpcplusbwp12t30p140ssg0p81v125c
                                                          automatic-by-area
decrypt_u/InvSubBytes_u/genblk1_4__InvSbox_u/genblk1_7__muxf7_hi
                   MUXF7_176    ZeroWireload
                                            tcbn28hpcplusbwp12t30p140ssg0p81v125c
                                                          automatic-by-area
decrypt_u/InvSubBytes_u/genblk1_4__InvSbox_u/genblk1_4__muxf7_lo
                   MUXF7_183    ZeroWireload
                                            tcbn28hpcplusbwp12t30p140ssg0p81v125c
                                                          automatic-by-area
decrypt_u/InvSubBytes_u/genblk1_4__InvSbox_u/genblk1_0__muxf8_u
                   MUXF8_95     ZeroWireload
                                            tcbn28hpcplusbwp12t30p140ssg0p81v125c
                                                          automatic-by-area
decrypt_u/InvSubBytes_u/genblk1_4__InvSbox_u/genblk1_2__muxf8_u
                   MUXF8_93     ZeroWireload
                                            tcbn28hpcplusbwp12t30p140ssg0p81v125c
                                                          automatic-by-area
decrypt_u/InvSubBytes_u/genblk1_12__InvSbox_u
                   InvSbox_3    ZeroWireload
                                            tcbn28hpcplusbwp12t30p140ssg0p81v125c
                                                          automatic-by-area
decrypt_u/InvSubBytes_u/genblk1_12__InvSbox_u/genblk1_4__muxf8_u
                   MUXF8_27     ZeroWireload
                                            tcbn28hpcplusbwp12t30p140ssg0p81v125c
                                                          automatic-by-area
decrypt_u/InvSubBytes_u/genblk1_12__InvSbox_u/genblk1_3__muxf7_hi
                   MUXF7_56     ZeroWireload
                                            tcbn28hpcplusbwp12t30p140ssg0p81v125c
                                                          automatic-by-area
decrypt_u/InvSubBytes_u/genblk1_12__InvSbox_u/genblk1_0__muxf7_lo
                   MUXF7_63     ZeroWireload
                                            tcbn28hpcplusbwp12t30p140ssg0p81v125c
                                                          automatic-by-area
decrypt_u/InvSubBytes_u/genblk1_12__InvSbox_u/genblk1_4__muxf7_hi
                   MUXF7_54     ZeroWireload
                                            tcbn28hpcplusbwp12t30p140ssg0p81v125c
                                                          automatic-by-area
decrypt_u/InvSubBytes_u/genblk1_12__InvSbox_u/genblk1_1__muxf7_lo
                   MUXF7_61     ZeroWireload
                                            tcbn28hpcplusbwp12t30p140ssg0p81v125c
                                                          automatic-by-area
decrypt_u/InvSubBytes_u/genblk1_12__InvSbox_u/genblk1_6__muxf8_u
                   MUXF8_25     ZeroWireload
                                            tcbn28hpcplusbwp12t30p140ssg0p81v125c
                                                          automatic-by-area
decrypt_u/InvSubBytes_u/genblk1_12__InvSbox_u/genblk1_2__muxf7_lo
                   MUXF7_59     ZeroWireload
                                            tcbn28hpcplusbwp12t30p140ssg0p81v125c
                                                          automatic-by-area
decrypt_u/InvSubBytes_u/genblk1_12__InvSbox_u/genblk1_5__muxf7_lo
                   MUXF7_53     ZeroWireload
                                            tcbn28hpcplusbwp12t30p140ssg0p81v125c
                                                          automatic-by-area
decrypt_u/InvSubBytes_u/genblk1_12__InvSbox_u/genblk1_1__muxf8_u
                   MUXF8_30     ZeroWireload
                                            tcbn28hpcplusbwp12t30p140ssg0p81v125c
                                                          automatic-by-area
decrypt_u/InvSubBytes_u/genblk1_12__InvSbox_u/genblk1_6__muxf7_lo
                   MUXF7_51     ZeroWireload
                                            tcbn28hpcplusbwp12t30p140ssg0p81v125c
                                                          automatic-by-area
decrypt_u/InvSubBytes_u/genblk1_12__InvSbox_u/t0
                   invsbox_table0_3
                                ZeroWireload
                                            tcbn28hpcplusbwp12t30p140ssg0p81v125c
                                                          automatic-by-area
decrypt_u/InvSubBytes_u/genblk1_12__InvSbox_u/genblk1_7__muxf7_lo
                   MUXF7_49     ZeroWireload
                                            tcbn28hpcplusbwp12t30p140ssg0p81v125c
                                                          automatic-by-area
decrypt_u/InvSubBytes_u/genblk1_12__InvSbox_u/genblk1_0__muxf7_hi
                   MUXF7_62     ZeroWireload
                                            tcbn28hpcplusbwp12t30p140ssg0p81v125c
                                                          automatic-by-area
decrypt_u/InvSubBytes_u/genblk1_12__InvSbox_u/t1
                   invsbox_table1_3
                                ZeroWireload
                                            tcbn28hpcplusbwp12t30p140ssg0p81v125c
                                                          automatic-by-area
decrypt_u/InvSubBytes_u/genblk1_12__InvSbox_u/genblk1_3__muxf8_u
                   MUXF8_28     ZeroWireload
                                            tcbn28hpcplusbwp12t30p140ssg0p81v125c
                                                          automatic-by-area
decrypt_u/InvSubBytes_u/genblk1_12__InvSbox_u/t2
                   invsbox_table2_3
                                ZeroWireload
                                            tcbn28hpcplusbwp12t30p140ssg0p81v125c
                                                          automatic-by-area
decrypt_u/InvSubBytes_u/genblk1_12__InvSbox_u/genblk1_1__muxf7_hi
                   MUXF7_60     ZeroWireload
                                            tcbn28hpcplusbwp12t30p140ssg0p81v125c
                                                          automatic-by-area
decrypt_u/InvSubBytes_u/genblk1_12__InvSbox_u/genblk1_2__muxf7_hi
                   MUXF7_58     ZeroWireload
                                            tcbn28hpcplusbwp12t30p140ssg0p81v125c
                                                          automatic-by-area
decrypt_u/InvSubBytes_u/genblk1_12__InvSbox_u/t3
                   invsbox_table3_3
                                ZeroWireload
                                            tcbn28hpcplusbwp12t30p140ssg0p81v125c
                                                          automatic-by-area
decrypt_u/InvSubBytes_u/genblk1_12__InvSbox_u/genblk1_5__muxf8_u
                   MUXF8_26     ZeroWireload
                                            tcbn28hpcplusbwp12t30p140ssg0p81v125c
                                                          automatic-by-area
decrypt_u/InvSubBytes_u/genblk1_12__InvSbox_u/genblk1_5__muxf7_hi
                   MUXF7_52     ZeroWireload
                                            tcbn28hpcplusbwp12t30p140ssg0p81v125c
                                                          automatic-by-area
decrypt_u/InvSubBytes_u/genblk1_12__InvSbox_u/genblk1_7__muxf8_u
                   MUXF8_24     ZeroWireload
                                            tcbn28hpcplusbwp12t30p140ssg0p81v125c
                                                          automatic-by-area
decrypt_u/InvSubBytes_u/genblk1_12__InvSbox_u/genblk1_6__muxf7_hi
                   MUXF7_50     ZeroWireload
                                            tcbn28hpcplusbwp12t30p140ssg0p81v125c
                                                          automatic-by-area
decrypt_u/InvSubBytes_u/genblk1_12__InvSbox_u/genblk1_3__muxf7_lo
                   MUXF7_57     ZeroWireload
                                            tcbn28hpcplusbwp12t30p140ssg0p81v125c
                                                          automatic-by-area
decrypt_u/InvSubBytes_u/genblk1_12__InvSbox_u/genblk1_7__muxf7_hi
                   MUXF7_48     ZeroWireload
                                            tcbn28hpcplusbwp12t30p140ssg0p81v125c
                                                          automatic-by-area
decrypt_u/InvSubBytes_u/genblk1_12__InvSbox_u/genblk1_4__muxf7_lo
                   MUXF7_55     ZeroWireload
                                            tcbn28hpcplusbwp12t30p140ssg0p81v125c
                                                          automatic-by-area
decrypt_u/InvSubBytes_u/genblk1_12__InvSbox_u/genblk1_0__muxf8_u
                   MUXF8_31     ZeroWireload
                                            tcbn28hpcplusbwp12t30p140ssg0p81v125c
                                                          automatic-by-area
decrypt_u/InvSubBytes_u/genblk1_12__InvSbox_u/genblk1_2__muxf8_u
                   MUXF8_29     ZeroWireload
                                            tcbn28hpcplusbwp12t30p140ssg0p81v125c
                                                          automatic-by-area
decrypt_u/InvSubBytes_u/genblk1_1__InvSbox_u
                   InvSbox_14   ZeroWireload
                                            tcbn28hpcplusbwp12t30p140ssg0p81v125c
                                                          automatic-by-area
decrypt_u/InvSubBytes_u/genblk1_1__InvSbox_u/genblk1_4__muxf8_u
                   MUXF8_115    ZeroWireload
                                            tcbn28hpcplusbwp12t30p140ssg0p81v125c
                                                          automatic-by-area
decrypt_u/InvSubBytes_u/genblk1_1__InvSbox_u/genblk1_3__muxf7_hi
                   MUXF7_232    ZeroWireload
                                            tcbn28hpcplusbwp12t30p140ssg0p81v125c
                                                          automatic-by-area
decrypt_u/InvSubBytes_u/genblk1_1__InvSbox_u/genblk1_0__muxf7_lo
                   MUXF7_239    ZeroWireload
                                            tcbn28hpcplusbwp12t30p140ssg0p81v125c
                                                          automatic-by-area
decrypt_u/InvSubBytes_u/genblk1_1__InvSbox_u/genblk1_4__muxf7_hi
                   MUXF7_230    ZeroWireload
                                            tcbn28hpcplusbwp12t30p140ssg0p81v125c
                                                          automatic-by-area
decrypt_u/InvSubBytes_u/genblk1_1__InvSbox_u/genblk1_1__muxf7_lo
                   MUXF7_237    ZeroWireload
                                            tcbn28hpcplusbwp12t30p140ssg0p81v125c
                                                          automatic-by-area
decrypt_u/InvSubBytes_u/genblk1_1__InvSbox_u/genblk1_6__muxf8_u
                   MUXF8_113    ZeroWireload
                                            tcbn28hpcplusbwp12t30p140ssg0p81v125c
                                                          automatic-by-area
decrypt_u/InvSubBytes_u/genblk1_1__InvSbox_u/genblk1_2__muxf7_lo
                   MUXF7_235    ZeroWireload
                                            tcbn28hpcplusbwp12t30p140ssg0p81v125c
                                                          automatic-by-area
decrypt_u/InvSubBytes_u/genblk1_1__InvSbox_u/genblk1_5__muxf7_lo
                   MUXF7_229    ZeroWireload
                                            tcbn28hpcplusbwp12t30p140ssg0p81v125c
                                                          automatic-by-area
decrypt_u/InvSubBytes_u/genblk1_1__InvSbox_u/genblk1_1__muxf8_u
                   MUXF8_118    ZeroWireload
                                            tcbn28hpcplusbwp12t30p140ssg0p81v125c
                                                          automatic-by-area
decrypt_u/InvSubBytes_u/genblk1_1__InvSbox_u/genblk1_6__muxf7_lo
                   MUXF7_227    ZeroWireload
                                            tcbn28hpcplusbwp12t30p140ssg0p81v125c
                                                          automatic-by-area
decrypt_u/InvSubBytes_u/genblk1_1__InvSbox_u/t0
                   invsbox_table0_14
                                ZeroWireload
                                            tcbn28hpcplusbwp12t30p140ssg0p81v125c
                                                          automatic-by-area
decrypt_u/InvSubBytes_u/genblk1_1__InvSbox_u/genblk1_7__muxf7_lo
                   MUXF7_225    ZeroWireload
                                            tcbn28hpcplusbwp12t30p140ssg0p81v125c
                                                          automatic-by-area
decrypt_u/InvSubBytes_u/genblk1_1__InvSbox_u/genblk1_0__muxf7_hi
                   MUXF7_238    ZeroWireload
                                            tcbn28hpcplusbwp12t30p140ssg0p81v125c
                                                          automatic-by-area
decrypt_u/InvSubBytes_u/genblk1_1__InvSbox_u/t1
                   invsbox_table1_14
                                ZeroWireload
                                            tcbn28hpcplusbwp12t30p140ssg0p81v125c
                                                          automatic-by-area
decrypt_u/InvSubBytes_u/genblk1_1__InvSbox_u/genblk1_3__muxf8_u
                   MUXF8_116    ZeroWireload
                                            tcbn28hpcplusbwp12t30p140ssg0p81v125c
                                                          automatic-by-area
decrypt_u/InvSubBytes_u/genblk1_1__InvSbox_u/t2
                   invsbox_table2_14
                                ZeroWireload
                                            tcbn28hpcplusbwp12t30p140ssg0p81v125c
                                                          automatic-by-area
decrypt_u/InvSubBytes_u/genblk1_1__InvSbox_u/genblk1_1__muxf7_hi
                   MUXF7_236    ZeroWireload
                                            tcbn28hpcplusbwp12t30p140ssg0p81v125c
                                                          automatic-by-area
decrypt_u/InvSubBytes_u/genblk1_1__InvSbox_u/genblk1_2__muxf7_hi
                   MUXF7_234    ZeroWireload
                                            tcbn28hpcplusbwp12t30p140ssg0p81v125c
                                                          automatic-by-area
decrypt_u/InvSubBytes_u/genblk1_1__InvSbox_u/t3
                   invsbox_table3_14
                                ZeroWireload
                                            tcbn28hpcplusbwp12t30p140ssg0p81v125c
                                                          automatic-by-area
decrypt_u/InvSubBytes_u/genblk1_1__InvSbox_u/genblk1_5__muxf8_u
                   MUXF8_114    ZeroWireload
                                            tcbn28hpcplusbwp12t30p140ssg0p81v125c
                                                          automatic-by-area
decrypt_u/InvSubBytes_u/genblk1_1__InvSbox_u/genblk1_5__muxf7_hi
                   MUXF7_228    ZeroWireload
                                            tcbn28hpcplusbwp12t30p140ssg0p81v125c
                                                          automatic-by-area
decrypt_u/InvSubBytes_u/genblk1_1__InvSbox_u/genblk1_7__muxf8_u
                   MUXF8_112    ZeroWireload
                                            tcbn28hpcplusbwp12t30p140ssg0p81v125c
                                                          automatic-by-area
decrypt_u/InvSubBytes_u/genblk1_1__InvSbox_u/genblk1_6__muxf7_hi
                   MUXF7_226    ZeroWireload
                                            tcbn28hpcplusbwp12t30p140ssg0p81v125c
                                                          automatic-by-area
decrypt_u/InvSubBytes_u/genblk1_1__InvSbox_u/genblk1_3__muxf7_lo
                   MUXF7_233    ZeroWireload
                                            tcbn28hpcplusbwp12t30p140ssg0p81v125c
                                                          automatic-by-area
decrypt_u/InvSubBytes_u/genblk1_1__InvSbox_u/genblk1_7__muxf7_hi
                   MUXF7_224    ZeroWireload
                                            tcbn28hpcplusbwp12t30p140ssg0p81v125c
                                                          automatic-by-area
decrypt_u/InvSubBytes_u/genblk1_1__InvSbox_u/genblk1_4__muxf7_lo
                   MUXF7_231    ZeroWireload
                                            tcbn28hpcplusbwp12t30p140ssg0p81v125c
                                                          automatic-by-area
decrypt_u/InvSubBytes_u/genblk1_1__InvSbox_u/genblk1_0__muxf8_u
                   MUXF8_119    ZeroWireload
                                            tcbn28hpcplusbwp12t30p140ssg0p81v125c
                                                          automatic-by-area
decrypt_u/InvSubBytes_u/genblk1_1__InvSbox_u/genblk1_2__muxf8_u
                   MUXF8_117    ZeroWireload
                                            tcbn28hpcplusbwp12t30p140ssg0p81v125c
                                                          automatic-by-area
decrypt_u/InvSubBytes_u/genblk1_9__InvSbox_u
                   InvSbox_6    ZeroWireload
                                            tcbn28hpcplusbwp12t30p140ssg0p81v125c
                                                          automatic-by-area
decrypt_u/InvSubBytes_u/genblk1_9__InvSbox_u/genblk1_4__muxf8_u
                   MUXF8_51     ZeroWireload
                                            tcbn28hpcplusbwp12t30p140ssg0p81v125c
                                                          automatic-by-area
decrypt_u/InvSubBytes_u/genblk1_9__InvSbox_u/genblk1_3__muxf7_hi
                   MUXF7_104    ZeroWireload
                                            tcbn28hpcplusbwp12t30p140ssg0p81v125c
                                                          automatic-by-area
decrypt_u/InvSubBytes_u/genblk1_9__InvSbox_u/genblk1_0__muxf7_lo
                   MUXF7_111    ZeroWireload
                                            tcbn28hpcplusbwp12t30p140ssg0p81v125c
                                                          automatic-by-area
decrypt_u/InvSubBytes_u/genblk1_9__InvSbox_u/genblk1_4__muxf7_hi
                   MUXF7_102    ZeroWireload
                                            tcbn28hpcplusbwp12t30p140ssg0p81v125c
                                                          automatic-by-area
decrypt_u/InvSubBytes_u/genblk1_9__InvSbox_u/genblk1_1__muxf7_lo
                   MUXF7_109    ZeroWireload
                                            tcbn28hpcplusbwp12t30p140ssg0p81v125c
                                                          automatic-by-area
decrypt_u/InvSubBytes_u/genblk1_9__InvSbox_u/genblk1_6__muxf8_u
                   MUXF8_49     ZeroWireload
                                            tcbn28hpcplusbwp12t30p140ssg0p81v125c
                                                          automatic-by-area
decrypt_u/InvSubBytes_u/genblk1_9__InvSbox_u/genblk1_2__muxf7_lo
                   MUXF7_107    ZeroWireload
                                            tcbn28hpcplusbwp12t30p140ssg0p81v125c
                                                          automatic-by-area
decrypt_u/InvSubBytes_u/genblk1_9__InvSbox_u/genblk1_5__muxf7_lo
                   MUXF7_101    ZeroWireload
                                            tcbn28hpcplusbwp12t30p140ssg0p81v125c
                                                          automatic-by-area
decrypt_u/InvSubBytes_u/genblk1_9__InvSbox_u/genblk1_1__muxf8_u
                   MUXF8_54     ZeroWireload
                                            tcbn28hpcplusbwp12t30p140ssg0p81v125c
                                                          automatic-by-area
decrypt_u/InvSubBytes_u/genblk1_9__InvSbox_u/genblk1_6__muxf7_lo
                   MUXF7_99     ZeroWireload
                                            tcbn28hpcplusbwp12t30p140ssg0p81v125c
                                                          automatic-by-area
decrypt_u/InvSubBytes_u/genblk1_9__InvSbox_u/t0
                   invsbox_table0_6
                                ZeroWireload
                                            tcbn28hpcplusbwp12t30p140ssg0p81v125c
                                                          automatic-by-area
decrypt_u/InvSubBytes_u/genblk1_9__InvSbox_u/genblk1_7__muxf7_lo
                   MUXF7_97     ZeroWireload
                                            tcbn28hpcplusbwp12t30p140ssg0p81v125c
                                                          automatic-by-area
decrypt_u/InvSubBytes_u/genblk1_9__InvSbox_u/genblk1_0__muxf7_hi
                   MUXF7_110    ZeroWireload
                                            tcbn28hpcplusbwp12t30p140ssg0p81v125c
                                                          automatic-by-area
decrypt_u/InvSubBytes_u/genblk1_9__InvSbox_u/t1
                   invsbox_table1_6
                                ZeroWireload
                                            tcbn28hpcplusbwp12t30p140ssg0p81v125c
                                                          automatic-by-area
decrypt_u/InvSubBytes_u/genblk1_9__InvSbox_u/genblk1_3__muxf8_u
                   MUXF8_52     ZeroWireload
                                            tcbn28hpcplusbwp12t30p140ssg0p81v125c
                                                          automatic-by-area
decrypt_u/InvSubBytes_u/genblk1_9__InvSbox_u/t2
                   invsbox_table2_6
                                ZeroWireload
                                            tcbn28hpcplusbwp12t30p140ssg0p81v125c
                                                          automatic-by-area
decrypt_u/InvSubBytes_u/genblk1_9__InvSbox_u/genblk1_1__muxf7_hi
                   MUXF7_108    ZeroWireload
                                            tcbn28hpcplusbwp12t30p140ssg0p81v125c
                                                          automatic-by-area
decrypt_u/InvSubBytes_u/genblk1_9__InvSbox_u/genblk1_2__muxf7_hi
                   MUXF7_106    ZeroWireload
                                            tcbn28hpcplusbwp12t30p140ssg0p81v125c
                                                          automatic-by-area
decrypt_u/InvSubBytes_u/genblk1_9__InvSbox_u/t3
                   invsbox_table3_6
                                ZeroWireload
                                            tcbn28hpcplusbwp12t30p140ssg0p81v125c
                                                          automatic-by-area
decrypt_u/InvSubBytes_u/genblk1_9__InvSbox_u/genblk1_5__muxf8_u
                   MUXF8_50     ZeroWireload
                                            tcbn28hpcplusbwp12t30p140ssg0p81v125c
                                                          automatic-by-area
decrypt_u/InvSubBytes_u/genblk1_9__InvSbox_u/genblk1_5__muxf7_hi
                   MUXF7_100    ZeroWireload
                                            tcbn28hpcplusbwp12t30p140ssg0p81v125c
                                                          automatic-by-area
decrypt_u/InvSubBytes_u/genblk1_9__InvSbox_u/genblk1_7__muxf8_u
                   MUXF8_48     ZeroWireload
                                            tcbn28hpcplusbwp12t30p140ssg0p81v125c
                                                          automatic-by-area
decrypt_u/InvSubBytes_u/genblk1_9__InvSbox_u/genblk1_6__muxf7_hi
                   MUXF7_98     ZeroWireload
                                            tcbn28hpcplusbwp12t30p140ssg0p81v125c
                                                          automatic-by-area
decrypt_u/InvSubBytes_u/genblk1_9__InvSbox_u/genblk1_3__muxf7_lo
                   MUXF7_105    ZeroWireload
                                            tcbn28hpcplusbwp12t30p140ssg0p81v125c
                                                          automatic-by-area
decrypt_u/InvSubBytes_u/genblk1_9__InvSbox_u/genblk1_7__muxf7_hi
                   MUXF7_96     ZeroWireload
                                            tcbn28hpcplusbwp12t30p140ssg0p81v125c
                                                          automatic-by-area
decrypt_u/InvSubBytes_u/genblk1_9__InvSbox_u/genblk1_4__muxf7_lo
                   MUXF7_103    ZeroWireload
                                            tcbn28hpcplusbwp12t30p140ssg0p81v125c
                                                          automatic-by-area
decrypt_u/InvSubBytes_u/genblk1_9__InvSbox_u/genblk1_0__muxf8_u
                   MUXF8_55     ZeroWireload
                                            tcbn28hpcplusbwp12t30p140ssg0p81v125c
                                                          automatic-by-area
decrypt_u/InvSubBytes_u/genblk1_9__InvSbox_u/genblk1_2__muxf8_u
                   MUXF8_53     ZeroWireload
                                            tcbn28hpcplusbwp12t30p140ssg0p81v125c
                                                          automatic-by-area
decrypt_u/InvSubBytes_u/genblk1_6__InvSbox_u
                   InvSbox_9    ZeroWireload
                                            tcbn28hpcplusbwp12t30p140ssg0p81v125c
                                                          automatic-by-area
decrypt_u/InvSubBytes_u/genblk1_6__InvSbox_u/genblk1_4__muxf8_u
                   MUXF8_75     ZeroWireload
                                            tcbn28hpcplusbwp12t30p140ssg0p81v125c
                                                          automatic-by-area
decrypt_u/InvSubBytes_u/genblk1_6__InvSbox_u/genblk1_3__muxf7_hi
                   MUXF7_152    ZeroWireload
                                            tcbn28hpcplusbwp12t30p140ssg0p81v125c
                                                          automatic-by-area
decrypt_u/InvSubBytes_u/genblk1_6__InvSbox_u/genblk1_0__muxf7_lo
                   MUXF7_159    ZeroWireload
                                            tcbn28hpcplusbwp12t30p140ssg0p81v125c
                                                          automatic-by-area
decrypt_u/InvSubBytes_u/genblk1_6__InvSbox_u/genblk1_4__muxf7_hi
                   MUXF7_150    ZeroWireload
                                            tcbn28hpcplusbwp12t30p140ssg0p81v125c
                                                          automatic-by-area
decrypt_u/InvSubBytes_u/genblk1_6__InvSbox_u/genblk1_1__muxf7_lo
                   MUXF7_157    ZeroWireload
                                            tcbn28hpcplusbwp12t30p140ssg0p81v125c
                                                          automatic-by-area
decrypt_u/InvSubBytes_u/genblk1_6__InvSbox_u/genblk1_6__muxf8_u
                   MUXF8_73     ZeroWireload
                                            tcbn28hpcplusbwp12t30p140ssg0p81v125c
                                                          automatic-by-area
decrypt_u/InvSubBytes_u/genblk1_6__InvSbox_u/genblk1_2__muxf7_lo
                   MUXF7_155    ZeroWireload
                                            tcbn28hpcplusbwp12t30p140ssg0p81v125c
                                                          automatic-by-area
decrypt_u/InvSubBytes_u/genblk1_6__InvSbox_u/genblk1_5__muxf7_lo
                   MUXF7_149    ZeroWireload
                                            tcbn28hpcplusbwp12t30p140ssg0p81v125c
                                                          automatic-by-area
decrypt_u/InvSubBytes_u/genblk1_6__InvSbox_u/genblk1_1__muxf8_u
                   MUXF8_78     ZeroWireload
                                            tcbn28hpcplusbwp12t30p140ssg0p81v125c
                                                          automatic-by-area
decrypt_u/InvSubBytes_u/genblk1_6__InvSbox_u/genblk1_6__muxf7_lo
                   MUXF7_147    ZeroWireload
                                            tcbn28hpcplusbwp12t30p140ssg0p81v125c
                                                          automatic-by-area
decrypt_u/InvSubBytes_u/genblk1_6__InvSbox_u/t0
                   invsbox_table0_9
                                ZeroWireload
                                            tcbn28hpcplusbwp12t30p140ssg0p81v125c
                                                          automatic-by-area
decrypt_u/InvSubBytes_u/genblk1_6__InvSbox_u/genblk1_7__muxf7_lo
                   MUXF7_145    ZeroWireload
                                            tcbn28hpcplusbwp12t30p140ssg0p81v125c
                                                          automatic-by-area
decrypt_u/InvSubBytes_u/genblk1_6__InvSbox_u/genblk1_0__muxf7_hi
                   MUXF7_158    ZeroWireload
                                            tcbn28hpcplusbwp12t30p140ssg0p81v125c
                                                          automatic-by-area
decrypt_u/InvSubBytes_u/genblk1_6__InvSbox_u/t1
                   invsbox_table1_9
                                ZeroWireload
                                            tcbn28hpcplusbwp12t30p140ssg0p81v125c
                                                          automatic-by-area
decrypt_u/InvSubBytes_u/genblk1_6__InvSbox_u/genblk1_3__muxf8_u
                   MUXF8_76     ZeroWireload
                                            tcbn28hpcplusbwp12t30p140ssg0p81v125c
                                                          automatic-by-area
decrypt_u/InvSubBytes_u/genblk1_6__InvSbox_u/t2
                   invsbox_table2_9
                                ZeroWireload
                                            tcbn28hpcplusbwp12t30p140ssg0p81v125c
                                                          automatic-by-area
decrypt_u/InvSubBytes_u/genblk1_6__InvSbox_u/genblk1_1__muxf7_hi
                   MUXF7_156    ZeroWireload
                                            tcbn28hpcplusbwp12t30p140ssg0p81v125c
                                                          automatic-by-area
decrypt_u/InvSubBytes_u/genblk1_6__InvSbox_u/genblk1_2__muxf7_hi
                   MUXF7_154    ZeroWireload
                                            tcbn28hpcplusbwp12t30p140ssg0p81v125c
                                                          automatic-by-area
decrypt_u/InvSubBytes_u/genblk1_6__InvSbox_u/t3
                   invsbox_table3_9
                                ZeroWireload
                                            tcbn28hpcplusbwp12t30p140ssg0p81v125c
                                                          automatic-by-area
decrypt_u/InvSubBytes_u/genblk1_6__InvSbox_u/genblk1_5__muxf8_u
                   MUXF8_74     ZeroWireload
                                            tcbn28hpcplusbwp12t30p140ssg0p81v125c
                                                          automatic-by-area
decrypt_u/InvSubBytes_u/genblk1_6__InvSbox_u/genblk1_5__muxf7_hi
                   MUXF7_148    ZeroWireload
                                            tcbn28hpcplusbwp12t30p140ssg0p81v125c
                                                          automatic-by-area
decrypt_u/InvSubBytes_u/genblk1_6__InvSbox_u/genblk1_7__muxf8_u
                   MUXF8_72     ZeroWireload
                                            tcbn28hpcplusbwp12t30p140ssg0p81v125c
                                                          automatic-by-area
decrypt_u/InvSubBytes_u/genblk1_6__InvSbox_u/genblk1_6__muxf7_hi
                   MUXF7_146    ZeroWireload
                                            tcbn28hpcplusbwp12t30p140ssg0p81v125c
                                                          automatic-by-area
decrypt_u/InvSubBytes_u/genblk1_6__InvSbox_u/genblk1_3__muxf7_lo
                   MUXF7_153    ZeroWireload
                                            tcbn28hpcplusbwp12t30p140ssg0p81v125c
                                                          automatic-by-area
decrypt_u/InvSubBytes_u/genblk1_6__InvSbox_u/genblk1_7__muxf7_hi
                   MUXF7_144    ZeroWireload
                                            tcbn28hpcplusbwp12t30p140ssg0p81v125c
                                                          automatic-by-area
decrypt_u/InvSubBytes_u/genblk1_6__InvSbox_u/genblk1_4__muxf7_lo
                   MUXF7_151    ZeroWireload
                                            tcbn28hpcplusbwp12t30p140ssg0p81v125c
                                                          automatic-by-area
decrypt_u/InvSubBytes_u/genblk1_6__InvSbox_u/genblk1_0__muxf8_u
                   MUXF8_79     ZeroWireload
                                            tcbn28hpcplusbwp12t30p140ssg0p81v125c
                                                          automatic-by-area
decrypt_u/InvSubBytes_u/genblk1_6__InvSbox_u/genblk1_2__muxf8_u
                   MUXF8_77     ZeroWireload
                                            tcbn28hpcplusbwp12t30p140ssg0p81v125c
                                                          automatic-by-area
decrypt_u/InvSubBytes_u/genblk1_14__InvSbox_u
                   InvSbox_1    ZeroWireload
                                            tcbn28hpcplusbwp12t30p140ssg0p81v125c
                                                          automatic-by-area
decrypt_u/InvSubBytes_u/genblk1_14__InvSbox_u/genblk1_4__muxf8_u
                   MUXF8_11     ZeroWireload
                                            tcbn28hpcplusbwp12t30p140ssg0p81v125c
                                                          automatic-by-area
decrypt_u/InvSubBytes_u/genblk1_14__InvSbox_u/genblk1_3__muxf7_hi
                   MUXF7_24     ZeroWireload
                                            tcbn28hpcplusbwp12t30p140ssg0p81v125c
                                                          automatic-by-area
decrypt_u/InvSubBytes_u/genblk1_14__InvSbox_u/genblk1_0__muxf7_lo
                   MUXF7_31     ZeroWireload
                                            tcbn28hpcplusbwp12t30p140ssg0p81v125c
                                                          automatic-by-area
decrypt_u/InvSubBytes_u/genblk1_14__InvSbox_u/genblk1_4__muxf7_hi
                   MUXF7_22     ZeroWireload
                                            tcbn28hpcplusbwp12t30p140ssg0p81v125c
                                                          automatic-by-area
decrypt_u/InvSubBytes_u/genblk1_14__InvSbox_u/genblk1_1__muxf7_lo
                   MUXF7_29     ZeroWireload
                                            tcbn28hpcplusbwp12t30p140ssg0p81v125c
                                                          automatic-by-area
decrypt_u/InvSubBytes_u/genblk1_14__InvSbox_u/genblk1_6__muxf8_u
                   MUXF8_9      ZeroWireload
                                            tcbn28hpcplusbwp12t30p140ssg0p81v125c
                                                          automatic-by-area
decrypt_u/InvSubBytes_u/genblk1_14__InvSbox_u/genblk1_2__muxf7_lo
                   MUXF7_27     ZeroWireload
                                            tcbn28hpcplusbwp12t30p140ssg0p81v125c
                                                          automatic-by-area
decrypt_u/InvSubBytes_u/genblk1_14__InvSbox_u/genblk1_5__muxf7_lo
                   MUXF7_21     ZeroWireload
                                            tcbn28hpcplusbwp12t30p140ssg0p81v125c
                                                          automatic-by-area
decrypt_u/InvSubBytes_u/genblk1_14__InvSbox_u/genblk1_1__muxf8_u
                   MUXF8_14     ZeroWireload
                                            tcbn28hpcplusbwp12t30p140ssg0p81v125c
                                                          automatic-by-area
decrypt_u/InvSubBytes_u/genblk1_14__InvSbox_u/genblk1_6__muxf7_lo
                   MUXF7_19     ZeroWireload
                                            tcbn28hpcplusbwp12t30p140ssg0p81v125c
                                                          automatic-by-area
decrypt_u/InvSubBytes_u/genblk1_14__InvSbox_u/t0
                   invsbox_table0_1
                                ZeroWireload
                                            tcbn28hpcplusbwp12t30p140ssg0p81v125c
                                                          automatic-by-area
decrypt_u/InvSubBytes_u/genblk1_14__InvSbox_u/genblk1_7__muxf7_lo
                   MUXF7_17     ZeroWireload
                                            tcbn28hpcplusbwp12t30p140ssg0p81v125c
                                                          automatic-by-area
decrypt_u/InvSubBytes_u/genblk1_14__InvSbox_u/genblk1_0__muxf7_hi
                   MUXF7_30     ZeroWireload
                                            tcbn28hpcplusbwp12t30p140ssg0p81v125c
                                                          automatic-by-area
decrypt_u/InvSubBytes_u/genblk1_14__InvSbox_u/t1
                   invsbox_table1_1
                                ZeroWireload
                                            tcbn28hpcplusbwp12t30p140ssg0p81v125c
                                                          automatic-by-area
decrypt_u/InvSubBytes_u/genblk1_14__InvSbox_u/genblk1_3__muxf8_u
                   MUXF8_12     ZeroWireload
                                            tcbn28hpcplusbwp12t30p140ssg0p81v125c
                                                          automatic-by-area
decrypt_u/InvSubBytes_u/genblk1_14__InvSbox_u/t2
                   invsbox_table2_1
                                ZeroWireload
                                            tcbn28hpcplusbwp12t30p140ssg0p81v125c
                                                          automatic-by-area
decrypt_u/InvSubBytes_u/genblk1_14__InvSbox_u/genblk1_1__muxf7_hi
                   MUXF7_28     ZeroWireload
                                            tcbn28hpcplusbwp12t30p140ssg0p81v125c
                                                          automatic-by-area
decrypt_u/InvSubBytes_u/genblk1_14__InvSbox_u/genblk1_2__muxf7_hi
                   MUXF7_26     ZeroWireload
                                            tcbn28hpcplusbwp12t30p140ssg0p81v125c
                                                          automatic-by-area
decrypt_u/InvSubBytes_u/genblk1_14__InvSbox_u/t3
                   invsbox_table3_1
                                ZeroWireload
                                            tcbn28hpcplusbwp12t30p140ssg0p81v125c
                                                          automatic-by-area
decrypt_u/InvSubBytes_u/genblk1_14__InvSbox_u/genblk1_5__muxf8_u
                   MUXF8_10     ZeroWireload
                                            tcbn28hpcplusbwp12t30p140ssg0p81v125c
                                                          automatic-by-area
decrypt_u/InvSubBytes_u/genblk1_14__InvSbox_u/genblk1_5__muxf7_hi
                   MUXF7_20     ZeroWireload
                                            tcbn28hpcplusbwp12t30p140ssg0p81v125c
                                                          automatic-by-area
decrypt_u/InvSubBytes_u/genblk1_14__InvSbox_u/genblk1_7__muxf8_u
                   MUXF8_8      ZeroWireload
                                            tcbn28hpcplusbwp12t30p140ssg0p81v125c
                                                          automatic-by-area
decrypt_u/InvSubBytes_u/genblk1_14__InvSbox_u/genblk1_6__muxf7_hi
                   MUXF7_18     ZeroWireload
                                            tcbn28hpcplusbwp12t30p140ssg0p81v125c
                                                          automatic-by-area
decrypt_u/InvSubBytes_u/genblk1_14__InvSbox_u/genblk1_3__muxf7_lo
                   MUXF7_25     ZeroWireload
                                            tcbn28hpcplusbwp12t30p140ssg0p81v125c
                                                          automatic-by-area
decrypt_u/InvSubBytes_u/genblk1_14__InvSbox_u/genblk1_7__muxf7_hi
                   MUXF7_16     ZeroWireload
                                            tcbn28hpcplusbwp12t30p140ssg0p81v125c
                                                          automatic-by-area
decrypt_u/InvSubBytes_u/genblk1_14__InvSbox_u/genblk1_4__muxf7_lo
                   MUXF7_23     ZeroWireload
                                            tcbn28hpcplusbwp12t30p140ssg0p81v125c
                                                          automatic-by-area
decrypt_u/InvSubBytes_u/genblk1_14__InvSbox_u/genblk1_0__muxf8_u
                   MUXF8_15     ZeroWireload
                                            tcbn28hpcplusbwp12t30p140ssg0p81v125c
                                                          automatic-by-area
decrypt_u/InvSubBytes_u/genblk1_14__InvSbox_u/genblk1_2__muxf8_u
                   MUXF8_13     ZeroWireload
                                            tcbn28hpcplusbwp12t30p140ssg0p81v125c
                                                          automatic-by-area
decrypt_u/InvSubBytes_u/genblk1_3__InvSbox_u
                   InvSbox_12   ZeroWireload
                                            tcbn28hpcplusbwp12t30p140ssg0p81v125c
                                                          automatic-by-area
decrypt_u/InvSubBytes_u/genblk1_3__InvSbox_u/genblk1_4__muxf8_u
                   MUXF8_99     ZeroWireload
                                            tcbn28hpcplusbwp12t30p140ssg0p81v125c
                                                          automatic-by-area
decrypt_u/InvSubBytes_u/genblk1_3__InvSbox_u/genblk1_3__muxf7_hi
                   MUXF7_200    ZeroWireload
                                            tcbn28hpcplusbwp12t30p140ssg0p81v125c
                                                          automatic-by-area
decrypt_u/InvSubBytes_u/genblk1_3__InvSbox_u/genblk1_0__muxf7_lo
                   MUXF7_207    ZeroWireload
                                            tcbn28hpcplusbwp12t30p140ssg0p81v125c
                                                          automatic-by-area
decrypt_u/InvSubBytes_u/genblk1_3__InvSbox_u/genblk1_4__muxf7_hi
                   MUXF7_198    ZeroWireload
                                            tcbn28hpcplusbwp12t30p140ssg0p81v125c
                                                          automatic-by-area
decrypt_u/InvSubBytes_u/genblk1_3__InvSbox_u/genblk1_1__muxf7_lo
                   MUXF7_205    ZeroWireload
                                            tcbn28hpcplusbwp12t30p140ssg0p81v125c
                                                          automatic-by-area
decrypt_u/InvSubBytes_u/genblk1_3__InvSbox_u/genblk1_6__muxf8_u
                   MUXF8_97     ZeroWireload
                                            tcbn28hpcplusbwp12t30p140ssg0p81v125c
                                                          automatic-by-area
decrypt_u/InvSubBytes_u/genblk1_3__InvSbox_u/genblk1_2__muxf7_lo
                   MUXF7_203    ZeroWireload
                                            tcbn28hpcplusbwp12t30p140ssg0p81v125c
                                                          automatic-by-area
decrypt_u/InvSubBytes_u/genblk1_3__InvSbox_u/genblk1_5__muxf7_lo
                   MUXF7_197    ZeroWireload
                                            tcbn28hpcplusbwp12t30p140ssg0p81v125c
                                                          automatic-by-area
decrypt_u/InvSubBytes_u/genblk1_3__InvSbox_u/genblk1_1__muxf8_u
                   MUXF8_102    ZeroWireload
                                            tcbn28hpcplusbwp12t30p140ssg0p81v125c
                                                          automatic-by-area
decrypt_u/InvSubBytes_u/genblk1_3__InvSbox_u/genblk1_6__muxf7_lo
                   MUXF7_195    ZeroWireload
                                            tcbn28hpcplusbwp12t30p140ssg0p81v125c
                                                          automatic-by-area
decrypt_u/InvSubBytes_u/genblk1_3__InvSbox_u/t0
                   invsbox_table0_12
                                ZeroWireload
                                            tcbn28hpcplusbwp12t30p140ssg0p81v125c
                                                          automatic-by-area
decrypt_u/InvSubBytes_u/genblk1_3__InvSbox_u/genblk1_7__muxf7_lo
                   MUXF7_193    ZeroWireload
                                            tcbn28hpcplusbwp12t30p140ssg0p81v125c
                                                          automatic-by-area
decrypt_u/InvSubBytes_u/genblk1_3__InvSbox_u/genblk1_0__muxf7_hi
                   MUXF7_206    ZeroWireload
                                            tcbn28hpcplusbwp12t30p140ssg0p81v125c
                                                          automatic-by-area
decrypt_u/InvSubBytes_u/genblk1_3__InvSbox_u/t1
                   invsbox_table1_12
                                ZeroWireload
                                            tcbn28hpcplusbwp12t30p140ssg0p81v125c
                                                          automatic-by-area
decrypt_u/InvSubBytes_u/genblk1_3__InvSbox_u/genblk1_3__muxf8_u
                   MUXF8_100    ZeroWireload
                                            tcbn28hpcplusbwp12t30p140ssg0p81v125c
                                                          automatic-by-area
decrypt_u/InvSubBytes_u/genblk1_3__InvSbox_u/t2
                   invsbox_table2_12
                                ZeroWireload
                                            tcbn28hpcplusbwp12t30p140ssg0p81v125c
                                                          automatic-by-area
decrypt_u/InvSubBytes_u/genblk1_3__InvSbox_u/genblk1_1__muxf7_hi
                   MUXF7_204    ZeroWireload
                                            tcbn28hpcplusbwp12t30p140ssg0p81v125c
                                                          automatic-by-area
decrypt_u/InvSubBytes_u/genblk1_3__InvSbox_u/genblk1_2__muxf7_hi
                   MUXF7_202    ZeroWireload
                                            tcbn28hpcplusbwp12t30p140ssg0p81v125c
                                                          automatic-by-area
decrypt_u/InvSubBytes_u/genblk1_3__InvSbox_u/t3
                   invsbox_table3_12
                                ZeroWireload
                                            tcbn28hpcplusbwp12t30p140ssg0p81v125c
                                                          automatic-by-area
decrypt_u/InvSubBytes_u/genblk1_3__InvSbox_u/genblk1_5__muxf8_u
                   MUXF8_98     ZeroWireload
                                            tcbn28hpcplusbwp12t30p140ssg0p81v125c
                                                          automatic-by-area
decrypt_u/InvSubBytes_u/genblk1_3__InvSbox_u/genblk1_5__muxf7_hi
                   MUXF7_196    ZeroWireload
                                            tcbn28hpcplusbwp12t30p140ssg0p81v125c
                                                          automatic-by-area
decrypt_u/InvSubBytes_u/genblk1_3__InvSbox_u/genblk1_7__muxf8_u
                   MUXF8_96     ZeroWireload
                                            tcbn28hpcplusbwp12t30p140ssg0p81v125c
                                                          automatic-by-area
decrypt_u/InvSubBytes_u/genblk1_3__InvSbox_u/genblk1_6__muxf7_hi
                   MUXF7_194    ZeroWireload
                                            tcbn28hpcplusbwp12t30p140ssg0p81v125c
                                                          automatic-by-area
decrypt_u/InvSubBytes_u/genblk1_3__InvSbox_u/genblk1_3__muxf7_lo
                   MUXF7_201    ZeroWireload
                                            tcbn28hpcplusbwp12t30p140ssg0p81v125c
                                                          automatic-by-area
decrypt_u/InvSubBytes_u/genblk1_3__InvSbox_u/genblk1_7__muxf7_hi
                   MUXF7_192    ZeroWireload
                                            tcbn28hpcplusbwp12t30p140ssg0p81v125c
                                                          automatic-by-area
decrypt_u/InvSubBytes_u/genblk1_3__InvSbox_u/genblk1_4__muxf7_lo
                   MUXF7_199    ZeroWireload
                                            tcbn28hpcplusbwp12t30p140ssg0p81v125c
                                                          automatic-by-area
decrypt_u/InvSubBytes_u/genblk1_3__InvSbox_u/genblk1_0__muxf8_u
                   MUXF8_103    ZeroWireload
                                            tcbn28hpcplusbwp12t30p140ssg0p81v125c
                                                          automatic-by-area
decrypt_u/InvSubBytes_u/genblk1_3__InvSbox_u/genblk1_2__muxf8_u
                   MUXF8_101    ZeroWireload
                                            tcbn28hpcplusbwp12t30p140ssg0p81v125c
                                                          automatic-by-area
decrypt_u/InvSubBytes_u/genblk1_11__InvSbox_u
                   InvSbox_4    ZeroWireload
                                            tcbn28hpcplusbwp12t30p140ssg0p81v125c
                                                          automatic-by-area
decrypt_u/InvSubBytes_u/genblk1_11__InvSbox_u/genblk1_4__muxf8_u
                   MUXF8_35     ZeroWireload
                                            tcbn28hpcplusbwp12t30p140ssg0p81v125c
                                                          automatic-by-area
decrypt_u/InvSubBytes_u/genblk1_11__InvSbox_u/genblk1_3__muxf7_hi
                   MUXF7_72     ZeroWireload
                                            tcbn28hpcplusbwp12t30p140ssg0p81v125c
                                                          automatic-by-area
decrypt_u/InvSubBytes_u/genblk1_11__InvSbox_u/genblk1_0__muxf7_lo
                   MUXF7_79     ZeroWireload
                                            tcbn28hpcplusbwp12t30p140ssg0p81v125c
                                                          automatic-by-area
decrypt_u/InvSubBytes_u/genblk1_11__InvSbox_u/genblk1_4__muxf7_hi
                   MUXF7_70     ZeroWireload
                                            tcbn28hpcplusbwp12t30p140ssg0p81v125c
                                                          automatic-by-area
decrypt_u/InvSubBytes_u/genblk1_11__InvSbox_u/genblk1_1__muxf7_lo
                   MUXF7_77     ZeroWireload
                                            tcbn28hpcplusbwp12t30p140ssg0p81v125c
                                                          automatic-by-area
decrypt_u/InvSubBytes_u/genblk1_11__InvSbox_u/genblk1_6__muxf8_u
                   MUXF8_33     ZeroWireload
                                            tcbn28hpcplusbwp12t30p140ssg0p81v125c
                                                          automatic-by-area
decrypt_u/InvSubBytes_u/genblk1_11__InvSbox_u/genblk1_2__muxf7_lo
                   MUXF7_75     ZeroWireload
                                            tcbn28hpcplusbwp12t30p140ssg0p81v125c
                                                          automatic-by-area
decrypt_u/InvSubBytes_u/genblk1_11__InvSbox_u/genblk1_5__muxf7_lo
                   MUXF7_69     ZeroWireload
                                            tcbn28hpcplusbwp12t30p140ssg0p81v125c
                                                          automatic-by-area
decrypt_u/InvSubBytes_u/genblk1_11__InvSbox_u/genblk1_1__muxf8_u
                   MUXF8_38     ZeroWireload
                                            tcbn28hpcplusbwp12t30p140ssg0p81v125c
                                                          automatic-by-area
decrypt_u/InvSubBytes_u/genblk1_11__InvSbox_u/genblk1_6__muxf7_lo
                   MUXF7_67     ZeroWireload
                                            tcbn28hpcplusbwp12t30p140ssg0p81v125c
                                                          automatic-by-area
decrypt_u/InvSubBytes_u/genblk1_11__InvSbox_u/t0
                   invsbox_table0_4
                                ZeroWireload
                                            tcbn28hpcplusbwp12t30p140ssg0p81v125c
                                                          automatic-by-area
decrypt_u/InvSubBytes_u/genblk1_11__InvSbox_u/genblk1_7__muxf7_lo
                   MUXF7_65     ZeroWireload
                                            tcbn28hpcplusbwp12t30p140ssg0p81v125c
                                                          automatic-by-area
decrypt_u/InvSubBytes_u/genblk1_11__InvSbox_u/genblk1_0__muxf7_hi
                   MUXF7_78     ZeroWireload
                                            tcbn28hpcplusbwp12t30p140ssg0p81v125c
                                                          automatic-by-area
decrypt_u/InvSubBytes_u/genblk1_11__InvSbox_u/t1
                   invsbox_table1_4
                                ZeroWireload
                                            tcbn28hpcplusbwp12t30p140ssg0p81v125c
                                                          automatic-by-area
decrypt_u/InvSubBytes_u/genblk1_11__InvSbox_u/genblk1_3__muxf8_u
                   MUXF8_36     ZeroWireload
                                            tcbn28hpcplusbwp12t30p140ssg0p81v125c
                                                          automatic-by-area
decrypt_u/InvSubBytes_u/genblk1_11__InvSbox_u/t2
                   invsbox_table2_4
                                ZeroWireload
                                            tcbn28hpcplusbwp12t30p140ssg0p81v125c
                                                          automatic-by-area
decrypt_u/InvSubBytes_u/genblk1_11__InvSbox_u/genblk1_1__muxf7_hi
                   MUXF7_76     ZeroWireload
                                            tcbn28hpcplusbwp12t30p140ssg0p81v125c
                                                          automatic-by-area
decrypt_u/InvSubBytes_u/genblk1_11__InvSbox_u/genblk1_2__muxf7_hi
                   MUXF7_74     ZeroWireload
                                            tcbn28hpcplusbwp12t30p140ssg0p81v125c
                                                          automatic-by-area
decrypt_u/InvSubBytes_u/genblk1_11__InvSbox_u/t3
                   invsbox_table3_4
                                ZeroWireload
                                            tcbn28hpcplusbwp12t30p140ssg0p81v125c
                                                          automatic-by-area
decrypt_u/InvSubBytes_u/genblk1_11__InvSbox_u/genblk1_5__muxf8_u
                   MUXF8_34     ZeroWireload
                                            tcbn28hpcplusbwp12t30p140ssg0p81v125c
                                                          automatic-by-area
decrypt_u/InvSubBytes_u/genblk1_11__InvSbox_u/genblk1_5__muxf7_hi
                   MUXF7_68     ZeroWireload
                                            tcbn28hpcplusbwp12t30p140ssg0p81v125c
                                                          automatic-by-area
decrypt_u/InvSubBytes_u/genblk1_11__InvSbox_u/genblk1_7__muxf8_u
                   MUXF8_32     ZeroWireload
                                            tcbn28hpcplusbwp12t30p140ssg0p81v125c
                                                          automatic-by-area
decrypt_u/InvSubBytes_u/genblk1_11__InvSbox_u/genblk1_6__muxf7_hi
                   MUXF7_66     ZeroWireload
                                            tcbn28hpcplusbwp12t30p140ssg0p81v125c
                                                          automatic-by-area
decrypt_u/InvSubBytes_u/genblk1_11__InvSbox_u/genblk1_3__muxf7_lo
                   MUXF7_73     ZeroWireload
                                            tcbn28hpcplusbwp12t30p140ssg0p81v125c
                                                          automatic-by-area
decrypt_u/InvSubBytes_u/genblk1_11__InvSbox_u/genblk1_7__muxf7_hi
                   MUXF7_64     ZeroWireload
                                            tcbn28hpcplusbwp12t30p140ssg0p81v125c
                                                          automatic-by-area
decrypt_u/InvSubBytes_u/genblk1_11__InvSbox_u/genblk1_4__muxf7_lo
                   MUXF7_71     ZeroWireload
                                            tcbn28hpcplusbwp12t30p140ssg0p81v125c
                                                          automatic-by-area
decrypt_u/InvSubBytes_u/genblk1_11__InvSbox_u/genblk1_0__muxf8_u
                   MUXF8_39     ZeroWireload
                                            tcbn28hpcplusbwp12t30p140ssg0p81v125c
                                                          automatic-by-area
decrypt_u/InvSubBytes_u/genblk1_11__InvSbox_u/genblk1_2__muxf8_u
                   MUXF8_37     ZeroWireload
                                            tcbn28hpcplusbwp12t30p140ssg0p81v125c
                                                          automatic-by-area
decrypt_u/InvSubBytes_u/genblk1_0__InvSbox_u
                   InvSbox_15   ZeroWireload
                                            tcbn28hpcplusbwp12t30p140ssg0p81v125c
                                                          automatic-by-area
decrypt_u/InvSubBytes_u/genblk1_0__InvSbox_u/genblk1_4__muxf8_u
                   MUXF8_123    ZeroWireload
                                            tcbn28hpcplusbwp12t30p140ssg0p81v125c
                                                          automatic-by-area
decrypt_u/InvSubBytes_u/genblk1_0__InvSbox_u/genblk1_3__muxf7_hi
                   MUXF7_248    ZeroWireload
                                            tcbn28hpcplusbwp12t30p140ssg0p81v125c
                                                          automatic-by-area
decrypt_u/InvSubBytes_u/genblk1_0__InvSbox_u/genblk1_0__muxf7_lo
                   MUXF7_255    ZeroWireload
                                            tcbn28hpcplusbwp12t30p140ssg0p81v125c
                                                          automatic-by-area
decrypt_u/InvSubBytes_u/genblk1_0__InvSbox_u/genblk1_4__muxf7_hi
                   MUXF7_246    ZeroWireload
                                            tcbn28hpcplusbwp12t30p140ssg0p81v125c
                                                          automatic-by-area
decrypt_u/InvSubBytes_u/genblk1_0__InvSbox_u/genblk1_1__muxf7_lo
                   MUXF7_253    ZeroWireload
                                            tcbn28hpcplusbwp12t30p140ssg0p81v125c
                                                          automatic-by-area
decrypt_u/InvSubBytes_u/genblk1_0__InvSbox_u/genblk1_6__muxf8_u
                   MUXF8_121    ZeroWireload
                                            tcbn28hpcplusbwp12t30p140ssg0p81v125c
                                                          automatic-by-area
decrypt_u/InvSubBytes_u/genblk1_0__InvSbox_u/genblk1_2__muxf7_lo
                   MUXF7_251    ZeroWireload
                                            tcbn28hpcplusbwp12t30p140ssg0p81v125c
                                                          automatic-by-area
decrypt_u/InvSubBytes_u/genblk1_0__InvSbox_u/genblk1_5__muxf7_lo
                   MUXF7_245    ZeroWireload
                                            tcbn28hpcplusbwp12t30p140ssg0p81v125c
                                                          automatic-by-area
decrypt_u/InvSubBytes_u/genblk1_0__InvSbox_u/genblk1_1__muxf8_u
                   MUXF8_126    ZeroWireload
                                            tcbn28hpcplusbwp12t30p140ssg0p81v125c
                                                          automatic-by-area
decrypt_u/InvSubBytes_u/genblk1_0__InvSbox_u/genblk1_6__muxf7_lo
                   MUXF7_243    ZeroWireload
                                            tcbn28hpcplusbwp12t30p140ssg0p81v125c
                                                          automatic-by-area
decrypt_u/InvSubBytes_u/genblk1_0__InvSbox_u/t0
                   invsbox_table0_15
                                ZeroWireload
                                            tcbn28hpcplusbwp12t30p140ssg0p81v125c
                                                          automatic-by-area
decrypt_u/InvSubBytes_u/genblk1_0__InvSbox_u/genblk1_7__muxf7_lo
                   MUXF7_241    ZeroWireload
                                            tcbn28hpcplusbwp12t30p140ssg0p81v125c
                                                          automatic-by-area
decrypt_u/InvSubBytes_u/genblk1_0__InvSbox_u/genblk1_0__muxf7_hi
                   MUXF7_254    ZeroWireload
                                            tcbn28hpcplusbwp12t30p140ssg0p81v125c
                                                          automatic-by-area
decrypt_u/InvSubBytes_u/genblk1_0__InvSbox_u/t1
                   invsbox_table1_15
                                ZeroWireload
                                            tcbn28hpcplusbwp12t30p140ssg0p81v125c
                                                          automatic-by-area
decrypt_u/InvSubBytes_u/genblk1_0__InvSbox_u/genblk1_3__muxf8_u
                   MUXF8_124    ZeroWireload
                                            tcbn28hpcplusbwp12t30p140ssg0p81v125c
                                                          automatic-by-area
decrypt_u/InvSubBytes_u/genblk1_0__InvSbox_u/t2
                   invsbox_table2_15
                                ZeroWireload
                                            tcbn28hpcplusbwp12t30p140ssg0p81v125c
                                                          automatic-by-area
decrypt_u/InvSubBytes_u/genblk1_0__InvSbox_u/genblk1_1__muxf7_hi
                   MUXF7_252    ZeroWireload
                                            tcbn28hpcplusbwp12t30p140ssg0p81v125c
                                                          automatic-by-area
decrypt_u/InvSubBytes_u/genblk1_0__InvSbox_u/genblk1_2__muxf7_hi
                   MUXF7_250    ZeroWireload
                                            tcbn28hpcplusbwp12t30p140ssg0p81v125c
                                                          automatic-by-area
decrypt_u/InvSubBytes_u/genblk1_0__InvSbox_u/t3
                   invsbox_table3_15
                                ZeroWireload
                                            tcbn28hpcplusbwp12t30p140ssg0p81v125c
                                                          automatic-by-area
decrypt_u/InvSubBytes_u/genblk1_0__InvSbox_u/genblk1_5__muxf8_u
                   MUXF8_122    ZeroWireload
                                            tcbn28hpcplusbwp12t30p140ssg0p81v125c
                                                          automatic-by-area
decrypt_u/InvSubBytes_u/genblk1_0__InvSbox_u/genblk1_5__muxf7_hi
                   MUXF7_244    ZeroWireload
                                            tcbn28hpcplusbwp12t30p140ssg0p81v125c
                                                          automatic-by-area
decrypt_u/InvSubBytes_u/genblk1_0__InvSbox_u/genblk1_7__muxf8_u
                   MUXF8_120    ZeroWireload
                                            tcbn28hpcplusbwp12t30p140ssg0p81v125c
                                                          automatic-by-area
decrypt_u/InvSubBytes_u/genblk1_0__InvSbox_u/genblk1_6__muxf7_hi
                   MUXF7_242    ZeroWireload
                                            tcbn28hpcplusbwp12t30p140ssg0p81v125c
                                                          automatic-by-area
decrypt_u/InvSubBytes_u/genblk1_0__InvSbox_u/genblk1_3__muxf7_lo
                   MUXF7_249    ZeroWireload
                                            tcbn28hpcplusbwp12t30p140ssg0p81v125c
                                                          automatic-by-area
decrypt_u/InvSubBytes_u/genblk1_0__InvSbox_u/genblk1_7__muxf7_hi
                   MUXF7_240    ZeroWireload
                                            tcbn28hpcplusbwp12t30p140ssg0p81v125c
                                                          automatic-by-area
decrypt_u/InvSubBytes_u/genblk1_0__InvSbox_u/genblk1_4__muxf7_lo
                   MUXF7_247    ZeroWireload
                                            tcbn28hpcplusbwp12t30p140ssg0p81v125c
                                                          automatic-by-area
decrypt_u/InvSubBytes_u/genblk1_0__InvSbox_u/genblk1_0__muxf8_u
                   MUXF8_127    ZeroWireload
                                            tcbn28hpcplusbwp12t30p140ssg0p81v125c
                                                          automatic-by-area
decrypt_u/InvSubBytes_u/genblk1_0__InvSbox_u/genblk1_2__muxf8_u
                   MUXF8_125    ZeroWireload
                                            tcbn28hpcplusbwp12t30p140ssg0p81v125c
                                                          automatic-by-area
decrypt_u/InvSubBytes_u/genblk1_8__InvSbox_u
                   InvSbox_7    ZeroWireload
                                            tcbn28hpcplusbwp12t30p140ssg0p81v125c
                                                          automatic-by-area
decrypt_u/InvSubBytes_u/genblk1_8__InvSbox_u/genblk1_4__muxf8_u
                   MUXF8_59     ZeroWireload
                                            tcbn28hpcplusbwp12t30p140ssg0p81v125c
                                                          automatic-by-area
decrypt_u/InvSubBytes_u/genblk1_8__InvSbox_u/genblk1_3__muxf7_hi
                   MUXF7_120    ZeroWireload
                                            tcbn28hpcplusbwp12t30p140ssg0p81v125c
                                                          automatic-by-area
decrypt_u/InvSubBytes_u/genblk1_8__InvSbox_u/genblk1_0__muxf7_lo
                   MUXF7_127    ZeroWireload
                                            tcbn28hpcplusbwp12t30p140ssg0p81v125c
                                                          automatic-by-area
decrypt_u/InvSubBytes_u/genblk1_8__InvSbox_u/genblk1_4__muxf7_hi
                   MUXF7_118    ZeroWireload
                                            tcbn28hpcplusbwp12t30p140ssg0p81v125c
                                                          automatic-by-area
decrypt_u/InvSubBytes_u/genblk1_8__InvSbox_u/genblk1_1__muxf7_lo
                   MUXF7_125    ZeroWireload
                                            tcbn28hpcplusbwp12t30p140ssg0p81v125c
                                                          automatic-by-area
decrypt_u/InvSubBytes_u/genblk1_8__InvSbox_u/genblk1_6__muxf8_u
                   MUXF8_57     ZeroWireload
                                            tcbn28hpcplusbwp12t30p140ssg0p81v125c
                                                          automatic-by-area
decrypt_u/InvSubBytes_u/genblk1_8__InvSbox_u/genblk1_2__muxf7_lo
                   MUXF7_123    ZeroWireload
                                            tcbn28hpcplusbwp12t30p140ssg0p81v125c
                                                          automatic-by-area
decrypt_u/InvSubBytes_u/genblk1_8__InvSbox_u/genblk1_5__muxf7_lo
                   MUXF7_117    ZeroWireload
                                            tcbn28hpcplusbwp12t30p140ssg0p81v125c
                                                          automatic-by-area
decrypt_u/InvSubBytes_u/genblk1_8__InvSbox_u/genblk1_1__muxf8_u
                   MUXF8_62     ZeroWireload
                                            tcbn28hpcplusbwp12t30p140ssg0p81v125c
                                                          automatic-by-area
decrypt_u/InvSubBytes_u/genblk1_8__InvSbox_u/genblk1_6__muxf7_lo
                   MUXF7_115    ZeroWireload
                                            tcbn28hpcplusbwp12t30p140ssg0p81v125c
                                                          automatic-by-area
decrypt_u/InvSubBytes_u/genblk1_8__InvSbox_u/t0
                   invsbox_table0_7
                                ZeroWireload
                                            tcbn28hpcplusbwp12t30p140ssg0p81v125c
                                                          automatic-by-area
decrypt_u/InvSubBytes_u/genblk1_8__InvSbox_u/genblk1_7__muxf7_lo
                   MUXF7_113    ZeroWireload
                                            tcbn28hpcplusbwp12t30p140ssg0p81v125c
                                                          automatic-by-area
decrypt_u/InvSubBytes_u/genblk1_8__InvSbox_u/genblk1_0__muxf7_hi
                   MUXF7_126    ZeroWireload
                                            tcbn28hpcplusbwp12t30p140ssg0p81v125c
                                                          automatic-by-area
decrypt_u/InvSubBytes_u/genblk1_8__InvSbox_u/t1
                   invsbox_table1_7
                                ZeroWireload
                                            tcbn28hpcplusbwp12t30p140ssg0p81v125c
                                                          automatic-by-area
decrypt_u/InvSubBytes_u/genblk1_8__InvSbox_u/genblk1_3__muxf8_u
                   MUXF8_60     ZeroWireload
                                            tcbn28hpcplusbwp12t30p140ssg0p81v125c
                                                          automatic-by-area
decrypt_u/InvSubBytes_u/genblk1_8__InvSbox_u/t2
                   invsbox_table2_7
                                ZeroWireload
                                            tcbn28hpcplusbwp12t30p140ssg0p81v125c
                                                          automatic-by-area
decrypt_u/InvSubBytes_u/genblk1_8__InvSbox_u/genblk1_1__muxf7_hi
                   MUXF7_124    ZeroWireload
                                            tcbn28hpcplusbwp12t30p140ssg0p81v125c
                                                          automatic-by-area
decrypt_u/InvSubBytes_u/genblk1_8__InvSbox_u/genblk1_2__muxf7_hi
                   MUXF7_122    ZeroWireload
                                            tcbn28hpcplusbwp12t30p140ssg0p81v125c
                                                          automatic-by-area
decrypt_u/InvSubBytes_u/genblk1_8__InvSbox_u/t3
                   invsbox_table3_7
                                ZeroWireload
                                            tcbn28hpcplusbwp12t30p140ssg0p81v125c
                                                          automatic-by-area
decrypt_u/InvSubBytes_u/genblk1_8__InvSbox_u/genblk1_5__muxf8_u
                   MUXF8_58     ZeroWireload
                                            tcbn28hpcplusbwp12t30p140ssg0p81v125c
                                                          automatic-by-area
decrypt_u/InvSubBytes_u/genblk1_8__InvSbox_u/genblk1_5__muxf7_hi
                   MUXF7_116    ZeroWireload
                                            tcbn28hpcplusbwp12t30p140ssg0p81v125c
                                                          automatic-by-area
decrypt_u/InvSubBytes_u/genblk1_8__InvSbox_u/genblk1_7__muxf8_u
                   MUXF8_56     ZeroWireload
                                            tcbn28hpcplusbwp12t30p140ssg0p81v125c
                                                          automatic-by-area
decrypt_u/InvSubBytes_u/genblk1_8__InvSbox_u/genblk1_6__muxf7_hi
                   MUXF7_114    ZeroWireload
                                            tcbn28hpcplusbwp12t30p140ssg0p81v125c
                                                          automatic-by-area
decrypt_u/InvSubBytes_u/genblk1_8__InvSbox_u/genblk1_3__muxf7_lo
                   MUXF7_121    ZeroWireload
                                            tcbn28hpcplusbwp12t30p140ssg0p81v125c
                                                          automatic-by-area
decrypt_u/InvSubBytes_u/genblk1_8__InvSbox_u/genblk1_7__muxf7_hi
                   MUXF7_112    ZeroWireload
                                            tcbn28hpcplusbwp12t30p140ssg0p81v125c
                                                          automatic-by-area
decrypt_u/InvSubBytes_u/genblk1_8__InvSbox_u/genblk1_4__muxf7_lo
                   MUXF7_119    ZeroWireload
                                            tcbn28hpcplusbwp12t30p140ssg0p81v125c
                                                          automatic-by-area
decrypt_u/InvSubBytes_u/genblk1_8__InvSbox_u/genblk1_0__muxf8_u
                   MUXF8_63     ZeroWireload
                                            tcbn28hpcplusbwp12t30p140ssg0p81v125c
                                                          automatic-by-area
decrypt_u/InvSubBytes_u/genblk1_8__InvSbox_u/genblk1_2__muxf8_u
                   MUXF8_61     ZeroWireload
                                            tcbn28hpcplusbwp12t30p140ssg0p81v125c
                                                          automatic-by-area
decrypt_u/InvAddRoundKey_u
                   InvAddRoundKey
                                ZeroWireload
                                            tcbn28hpcplusbwp12t30p140ssg0p81v125c
                                                          automatic-by-area
decrypt_u/InvMixColumns_u
                   InvMixColumns
                                ZeroWireload
                                            tcbn28hpcplusbwp12t30p140ssg0p81v125c
                                                          automatic-by-area
decrypt_u/InvMixColumns_u/genblk1_3__i_mixcol_u
                   InvMixCol_slice_0
                                ZeroWireload
                                            tcbn28hpcplusbwp12t30p140ssg0p81v125c
                                                          automatic-by-area
decrypt_u/InvMixColumns_u/genblk1_3__i_mixcol_u/gfmul_inv_u0
                   gfmul_inv_3  ZeroWireload
                                            tcbn28hpcplusbwp12t30p140ssg0p81v125c
                                                          automatic-by-area
decrypt_u/InvMixColumns_u/genblk1_3__i_mixcol_u/gfmul_inv_u1
                   gfmul_inv_2  ZeroWireload
                                            tcbn28hpcplusbwp12t30p140ssg0p81v125c
                                                          automatic-by-area
decrypt_u/InvMixColumns_u/genblk1_3__i_mixcol_u/gfmul_inv_u2
                   gfmul_inv_1  ZeroWireload
                                            tcbn28hpcplusbwp12t30p140ssg0p81v125c
                                                          automatic-by-area
decrypt_u/InvMixColumns_u/genblk1_3__i_mixcol_u/gfmul_inv_u3
                   gfmul_inv_0  ZeroWireload
                                            tcbn28hpcplusbwp12t30p140ssg0p81v125c
                                                          automatic-by-area
decrypt_u/InvMixColumns_u/genblk1_2__i_mixcol_u
                   InvMixCol_slice_1
                                ZeroWireload
                                            tcbn28hpcplusbwp12t30p140ssg0p81v125c
                                                          automatic-by-area
decrypt_u/InvMixColumns_u/genblk1_2__i_mixcol_u/gfmul_inv_u0
                   gfmul_inv_7  ZeroWireload
                                            tcbn28hpcplusbwp12t30p140ssg0p81v125c
                                                          automatic-by-area
decrypt_u/InvMixColumns_u/genblk1_2__i_mixcol_u/gfmul_inv_u1
                   gfmul_inv_6  ZeroWireload
                                            tcbn28hpcplusbwp12t30p140ssg0p81v125c
                                                          automatic-by-area
decrypt_u/InvMixColumns_u/genblk1_2__i_mixcol_u/gfmul_inv_u2
                   gfmul_inv_5  ZeroWireload
                                            tcbn28hpcplusbwp12t30p140ssg0p81v125c
                                                          automatic-by-area
decrypt_u/InvMixColumns_u/genblk1_2__i_mixcol_u/gfmul_inv_u3
                   gfmul_inv_4  ZeroWireload
                                            tcbn28hpcplusbwp12t30p140ssg0p81v125c
                                                          automatic-by-area
decrypt_u/InvMixColumns_u/genblk1_1__i_mixcol_u
                   InvMixCol_slice_2
                                ZeroWireload
                                            tcbn28hpcplusbwp12t30p140ssg0p81v125c
                                                          automatic-by-area
decrypt_u/InvMixColumns_u/genblk1_1__i_mixcol_u/gfmul_inv_u0
                   gfmul_inv_11 ZeroWireload
                                            tcbn28hpcplusbwp12t30p140ssg0p81v125c
                                                          automatic-by-area
decrypt_u/InvMixColumns_u/genblk1_1__i_mixcol_u/gfmul_inv_u1
                   gfmul_inv_10 ZeroWireload
                                            tcbn28hpcplusbwp12t30p140ssg0p81v125c
                                                          automatic-by-area
decrypt_u/InvMixColumns_u/genblk1_1__i_mixcol_u/gfmul_inv_u2
                   gfmul_inv_9  ZeroWireload
                                            tcbn28hpcplusbwp12t30p140ssg0p81v125c
                                                          automatic-by-area
decrypt_u/InvMixColumns_u/genblk1_1__i_mixcol_u/gfmul_inv_u3
                   gfmul_inv_8  ZeroWireload
                                            tcbn28hpcplusbwp12t30p140ssg0p81v125c
                                                          automatic-by-area
decrypt_u/InvMixColumns_u/genblk1_0__i_mixcol_u
                   InvMixCol_slice_3
                                ZeroWireload
                                            tcbn28hpcplusbwp12t30p140ssg0p81v125c
                                                          automatic-by-area
decrypt_u/InvMixColumns_u/genblk1_0__i_mixcol_u/gfmul_inv_u0
                   gfmul_inv_15 ZeroWireload
                                            tcbn28hpcplusbwp12t30p140ssg0p81v125c
                                                          automatic-by-area
decrypt_u/InvMixColumns_u/genblk1_0__i_mixcol_u/gfmul_inv_u1
                   gfmul_inv_14 ZeroWireload
                                            tcbn28hpcplusbwp12t30p140ssg0p81v125c
                                                          automatic-by-area
decrypt_u/InvMixColumns_u/genblk1_0__i_mixcol_u/gfmul_inv_u2
                   gfmul_inv_13 ZeroWireload
                                            tcbn28hpcplusbwp12t30p140ssg0p81v125c
                                                          automatic-by-area
decrypt_u/InvMixColumns_u/genblk1_0__i_mixcol_u/gfmul_inv_u3
                   gfmul_inv_12 ZeroWireload
                                            tcbn28hpcplusbwp12t30p140ssg0p81v125c
                                                          automatic-by-area
decrypt_u/InvShiftRows_u
                   InvShiftRows ZeroWireload
                                            tcbn28hpcplusbwp12t30p140ssg0p81v125c
                                                          automatic-by-area

Power-specific unit information :
    Voltage Units = 1 V
    Capacitance Units = 1 pf
    Time Units = 1 ns
    Dynamic Power Units = 1 W
    Leakage Power Units = 1 W



  Attributes
  ----------
      i  -  Including register clock pin internal power
      u  -  User defined power group

                        Internal  Switching  Leakage    Total
Power Group             Power     Power      Power      Power   (     %)  Attrs
--------------------------------------------------------------------------------
clock_network              0.0000    0.0000    0.0000    0.0000 ( 0.00%)  i
register                   0.0000    0.0000    0.0000    0.0000 ( 0.00%)  
combinational           1.361e-04 1.532e-04 8.144e-04 1.104e-03 (44.26%)  
sequential              8.181e-04 1.668e-06 5.703e-04 1.390e-03 (55.74%)  
memory                     0.0000    0.0000    0.0000    0.0000 ( 0.00%)  
io_pad                     0.0000    0.0000    0.0000    0.0000 ( 0.00%)  
black_box                  0.0000    0.0000    0.0000    0.0000 ( 0.00%)  

  Net Switching Power  = 1.548e-04   ( 6.21%)
  Cell Internal Power  = 9.542e-04   (38.26%)
  Cell Leakage Power   = 1.385e-03   (55.53%)
                         ---------
Total Power            = 2.494e-03  (100.00%)

1
